ISO-10303-21;
HEADER;
/* Generated by software containing ST-Developer
 * from STEP Tools, Inc. (www.steptools.com) 
 */

FILE_DESCRIPTION(
/* description */ (''),
/* implementation_level */ '2;1');

FILE_NAME(
/* name */ 'Watchkeeper desk holder case.step',
/* time_stamp */ '2026-09-29T13:56:34+01:00',
/* author */ (''),
/* organization */ (''),
/* preprocessor_version */ 'ST-DEVELOPER v20.1',
/* originating_system */ 'Autodesk Translation Framework v15.8.0.0',
/* authorisation */ '');

FILE_SCHEMA (('AUTOMOTIVE_DESIGN { 1 0 10303 214 3 1 1 }'));
ENDSEC;

DATA;
#10=MECHANICAL_DESIGN_GEOMETRIC_PRESENTATION_REPRESENTATION('',(#13),#5595);
#11=SHAPE_REPRESENTATION_RELATIONSHIP('SRR','None',#5601,#12);
#12=ADVANCED_BREP_SHAPE_REPRESENTATION('',(#14),#5594);
#13=STYLED_ITEM('',(#5610),#14);
#14=MANIFOLD_SOLID_BREP('Body1',#3137);
#15=CIRCLE('',#3205,2.);
#16=CIRCLE('',#3206,2.);
#17=CIRCLE('',#3208,5.03199999999999);
#18=CIRCLE('',#3210,5.03199999999999);
#19=CIRCLE('',#3212,5.);
#20=CIRCLE('',#3213,5.);
#21=CIRCLE('',#3216,5.032);
#22=CIRCLE('',#3217,5.01839322);
#23=CIRCLE('',#3218,5.03775309999999);
#24=CIRCLE('',#3219,5.);
#25=CIRCLE('',#3220,5.);
#26=CIRCLE('',#3222,5.);
#27=CIRCLE('',#3225,5.);
#28=CIRCLE('',#3229,3.03199999999999);
#29=CIRCLE('',#3230,3.03199999999999);
#30=CIRCLE('',#3231,3.03775309999999);
#31=CIRCLE('',#3232,3.01839322);
#32=CIRCLE('',#3252,5.03199999999999);
#33=CIRCLE('',#3255,5.03775309999999);
#34=CIRCLE('',#3258,3.03775309999999);
#35=CIRCLE('',#3259,3.03775309999999);
#36=CIRCLE('',#3262,3.03199999999999);
#37=CIRCLE('',#3263,3.03199999999999);
#38=CIRCLE('',#3266,3.01839322);
#39=CIRCLE('',#3267,3.01839322);
#40=CIRCLE('',#3270,3.03199999999999);
#41=CIRCLE('',#3271,3.03199999999999);
#42=CIRCLE('',#3273,5.01839322);
#43=CIRCLE('',#3274,5.032);
#44=CIRCLE('',#3277,3.01839322);
#45=CIRCLE('',#3280,3.03775309999999);
#46=CIRCLE('',#3283,3.03199999999999);
#47=CIRCLE('',#3286,3.03199999999999);
#48=CYLINDRICAL_SURFACE('',#3204,2.);
#49=CYLINDRICAL_SURFACE('',#3211,5.);
#50=CYLINDRICAL_SURFACE('',#3221,5.);
#51=CYLINDRICAL_SURFACE('',#3224,5.);
#52=CYLINDRICAL_SURFACE('',#3251,5.03199999999999);
#53=CYLINDRICAL_SURFACE('',#3254,5.03775309999999);
#54=CYLINDRICAL_SURFACE('',#3257,3.03775309999999);
#55=CYLINDRICAL_SURFACE('',#3261,3.03199999999999);
#56=CYLINDRICAL_SURFACE('',#3265,3.01839322);
#57=CYLINDRICAL_SURFACE('',#3269,3.03199999999999);
#58=CYLINDRICAL_SURFACE('',#3276,3.01839322);
#59=CYLINDRICAL_SURFACE('',#3279,3.03775309999999);
#60=CYLINDRICAL_SURFACE('',#3282,3.03199999999999);
#61=CYLINDRICAL_SURFACE('',#3285,3.03199999999999);
#62=CYLINDRICAL_SURFACE('',#3288,5.01839322);
#63=CYLINDRICAL_SURFACE('',#3290,5.032);
#64=FACE_BOUND('',#419,.T.);
#65=FACE_BOUND('',#420,.T.);
#66=FACE_BOUND('',#469,.T.);
#67=FACE_BOUND('',#479,.T.);
#68=FACE_BOUND('',#480,.T.);
#69=FACE_BOUND('',#481,.T.);
#70=FACE_BOUND('',#482,.T.);
#71=FACE_BOUND('',#483,.T.);
#72=FACE_BOUND('',#484,.T.);
#73=FACE_BOUND('',#485,.T.);
#74=FACE_BOUND('',#486,.T.);
#75=FACE_BOUND('',#494,.T.);
#76=FACE_BOUND('',#500,.T.);
#77=FACE_BOUND('',#519,.T.);
#78=FACE_BOUND('',#541,.T.);
#79=FACE_BOUND('',#543,.T.);
#80=B_SPLINE_CURVE_WITH_KNOTS('',3,(#4070,#4071,#4072,#4073,#4074,#4075,
#4076),.UNSPECIFIED.,.F.,.F.,(4,3,4),(0.,0.036057296694674,0.063845907671275),
 .UNSPECIFIED.);
#81=B_SPLINE_CURVE_WITH_KNOTS('',3,(#4080,#4081,#4082,#4083,#4084),
 .UNSPECIFIED.,.F.,.F.,(4,1,4),(0.,0.035448397067203,0.0627677417253978),
 .UNSPECIFIED.);
#82=B_SPLINE_CURVE_WITH_KNOTS('',3,(#4097,#4098,#4099,#4100,#4101,#4102),
 .UNSPECIFIED.,.F.,.F.,(4,2,4),(0.,0.022745608731603,0.045491680547451),
 .UNSPECIFIED.);
#83=B_SPLINE_CURVE_WITH_KNOTS('',3,(#4104,#4105,#4106,#4107,#4108),
 .UNSPECIFIED.,.F.,.F.,(4,1,4),(0.,0.0222992906812728,0.0444562878615035),
 .UNSPECIFIED.);
#84=B_SPLINE_CURVE_WITH_KNOTS('',3,(#4121,#4122,#4123,#4124,#4125,#4126,
#4127),.UNSPECIFIED.,.F.,.F.,(4,3,4),(0.,0.0308020415136311,0.0714495398100432),
 .UNSPECIFIED.);
#85=B_SPLINE_CURVE_WITH_KNOTS('',3,(#4129,#4130,#4131,#4132,#4133),
 .UNSPECIFIED.,.F.,.F.,(4,1,4),(0.,0.0273716342635553,0.0634922419383914),
 .UNSPECIFIED.);
#86=B_SPLINE_CURVE_WITH_KNOTS('',3,(#4146,#4147,#4148,#4149,#4150,#4151,
#4152),.UNSPECIFIED.,.F.,.F.,(4,3,4),(0.,0.0353393136636667,0.0723033269235193),
 .UNSPECIFIED.);
#87=B_SPLINE_CURVE_WITH_KNOTS('',3,(#4154,#4155,#4156,#4157,#4158),
 .UNSPECIFIED.,.F.,.F.,(4,1,4),(0.,0.033979892398233,0.0695219859751101),
 .UNSPECIFIED.);
#88=B_SPLINE_CURVE_WITH_KNOTS('',3,(#4171,#4172,#4173,#4174,#4175,#4176),
 .UNSPECIFIED.,.F.,.F.,(4,2,4),(0.,0.0432728416932757,0.086361891043023),
 .UNSPECIFIED.);
#89=B_SPLINE_CURVE_WITH_KNOTS('',3,(#4178,#4179,#4180,#4181,#4182),
 .UNSPECIFIED.,.F.,.F.,(4,1,4),(0.,0.0382534570816039,0.080395071206285),
 .UNSPECIFIED.);
#90=B_SPLINE_CURVE_WITH_KNOTS('',3,(#4196,#4197,#4198,#4199,#4200,#4201,
#4202),.UNSPECIFIED.,.F.,.F.,(4,3,4),(0.,0.0366870739104901,0.0644182256006419),
 .UNSPECIFIED.);
#91=B_SPLINE_CURVE_WITH_KNOTS('',3,(#4206,#4207,#4208,#4209,#4210),
 .UNSPECIFIED.,.F.,.F.,(4,1,4),(0.,0.0359991830155503,0.0632103693685811),
 .UNSPECIFIED.);
#92=B_SPLINE_CURVE_WITH_KNOTS('',3,(#4223,#4224,#4225,#4226,#4227,#4228,
#4229),.UNSPECIFIED.,.F.,.F.,(4,3,4),(0.,0.022777140588977,0.0457552729103941),
 .UNSPECIFIED.);
#93=B_SPLINE_CURVE_WITH_KNOTS('',3,(#4231,#4232,#4233,#4234,#4235),
 .UNSPECIFIED.,.F.,.F.,(4,1,4),(0.,0.0221042765793172,0.0444036073546014),
 .UNSPECIFIED.);
#94=B_SPLINE_CURVE_WITH_KNOTS('',3,(#4248,#4249,#4250,#4251,#4252,#4253,
#4254),.UNSPECIFIED.,.F.,.F.,(4,3,4),(0.,0.0308665921124756,0.0713757965107934),
 .UNSPECIFIED.);
#95=B_SPLINE_CURVE_WITH_KNOTS('',3,(#4256,#4257,#4258,#4259,#4260),
 .UNSPECIFIED.,.F.,.F.,(4,1,4),(0.,0.0274153108976161,0.0633950662508509),
 .UNSPECIFIED.);
#96=B_SPLINE_CURVE_WITH_KNOTS('',3,(#4273,#4274,#4275,#4276,#4277,#4278,
#4279),.UNSPECIFIED.,.F.,.F.,(4,3,4),(0.,0.0353818643174952,0.0715845588726885),
 .UNSPECIFIED.);
#97=B_SPLINE_CURVE_WITH_KNOTS('',3,(#4281,#4282,#4283,#4284,#4285),
 .UNSPECIFIED.,.F.,.F.,(4,1,4),(0.,0.0346165871479882,0.0700362507308981),
 .UNSPECIFIED.);
#98=B_SPLINE_CURVE_WITH_KNOTS('',3,(#4298,#4299,#4300,#4301,#4302,#4303,
#4304),.UNSPECIFIED.,.F.,.F.,(4,3,4),(0.,0.040845988430227,0.0861401563696536),
 .UNSPECIFIED.);
#99=B_SPLINE_CURVE_WITH_KNOTS('',3,(#4306,#4307,#4308,#4309,#4310),
 .UNSPECIFIED.,.F.,.F.,(4,1,4),(0.,0.0379016631435941,0.0799308650698009),
 .UNSPECIFIED.);
#100=B_SPLINE_CURVE_WITH_KNOTS('',3,(#4324,#4325,#4326,#4327,#4328,#4329,
#4330),.UNSPECIFIED.,.F.,.F.,(4,3,4),(0.,0.0418107619321853,0.0849684104079361),
 .UNSPECIFIED.);
#101=B_SPLINE_CURVE_WITH_KNOTS('',3,(#4334,#4335,#4336,#4337,#4338),
 .UNSPECIFIED.,.F.,.F.,(4,1,4),(0.,0.040603920462376,0.082515850431383),
 .UNSPECIFIED.);
#102=B_SPLINE_CURVE_WITH_KNOTS('',3,(#4351,#4352,#4353,#4354,#4355,#4356),
 .UNSPECIFIED.,.F.,.F.,(4,2,4),(0.,0.0530792119676128,0.105795859361536),
 .UNSPECIFIED.);
#103=B_SPLINE_CURVE_WITH_KNOTS('',3,(#4358,#4359,#4360,#4361,#4362),
 .UNSPECIFIED.,.F.,.F.,(4,1,4),(0.,0.0455867414116752,0.0972186217383642),
 .UNSPECIFIED.);
#104=B_SPLINE_CURVE_WITH_KNOTS('',3,(#4375,#4376,#4377,#4378,#4379,#4380,
#4381),.UNSPECIFIED.,.F.,.F.,(4,3,4),(0.,0.0518371338177451,0.0976050973302117),
 .UNSPECIFIED.);
#105=B_SPLINE_CURVE_WITH_KNOTS('',3,(#4383,#4384,#4385,#4386,#4387),
 .UNSPECIFIED.,.F.,.F.,(4,1,4),(0.,0.051631880326689,0.0972186217383642),
 .UNSPECIFIED.);
#106=B_SPLINE_CURVE_WITH_KNOTS('',3,(#4400,#4401,#4402,#4403,#4404,#4405,
#4406),.UNSPECIFIED.,.F.,.F.,(4,3,4),(0.,0.0419507211047697,0.0825922220887852),
 .UNSPECIFIED.);
#107=B_SPLINE_CURVE_WITH_KNOTS('',3,(#4408,#4409,#4410,#4411,#4412),
 .UNSPECIFIED.,.F.,.F.,(4,1,4),(0.,0.041911929969007,0.082515850431383),
 .UNSPECIFIED.);
#108=B_SPLINE_CURVE_WITH_KNOTS('',3,(#4425,#4426,#4427,#4428,#4429,#4430,
#4431),.UNSPECIFIED.,.F.,.F.,(4,3,4),(0.,0.0502846539712554,0.0895323604719814),
 .UNSPECIFIED.);
#109=B_SPLINE_CURVE_WITH_KNOTS('',3,(#4433,#4434,#4435,#4436,#4437),
 .UNSPECIFIED.,.F.,.F.,(4,1,4),(0.,0.0494206431440832,0.0879939800174934),
 .UNSPECIFIED.);
#110=B_SPLINE_CURVE_WITH_KNOTS('',3,(#4450,#4451,#4452,#4453,#4454,#4455,
#4456),.UNSPECIFIED.,.F.,.F.,(4,3,4),(0.,0.0348535466899434,0.0713493134242242),
 .UNSPECIFIED.);
#111=B_SPLINE_CURVE_WITH_KNOTS('',3,(#4458,#4459,#4460,#4461,#4462),
 .UNSPECIFIED.,.F.,.F.,(4,1,4),(0.,0.0328411612465051,0.0672297235009509),
 .UNSPECIFIED.);
#112=B_SPLINE_CURVE_WITH_KNOTS('',3,(#4475,#4476,#4477,#4478,#4479,#4480,
#4481),.UNSPECIFIED.,.F.,.F.,(4,3,4),(0.,0.0481434776435306,0.110963680087563),
 .UNSPECIFIED.);
#113=B_SPLINE_CURVE_WITH_KNOTS('',3,(#4483,#4484,#4485,#4486,#4487),
 .UNSPECIFIED.,.F.,.F.,(4,1,4),(0.,0.0428142998991815,0.0986807042142324),
 .UNSPECIFIED.);
#114=B_SPLINE_CURVE_WITH_KNOTS('',3,(#4500,#4501,#4502,#4503,#4504,#4505,
#4506),.UNSPECIFIED.,.F.,.F.,(4,3,4),(0.,0.0568214486789528,0.100367533103519),
 .UNSPECIFIED.);
#115=B_SPLINE_CURVE_WITH_KNOTS('',3,(#4508,#4509,#4510,#4511,#4512),
 .UNSPECIFIED.,.F.,.F.,(4,1,4),(0.,0.0558664070215382,0.0986805790149777),
 .UNSPECIFIED.);
#116=B_SPLINE_CURVE_WITH_KNOTS('',3,(#4525,#4526,#4527,#4528,#4529,#4530,
#4531),.UNSPECIFIED.,.F.,.F.,(4,3,4),(0.,0.0351305300650018,0.068680272389305),
 .UNSPECIFIED.);
#117=B_SPLINE_CURVE_WITH_KNOTS('',3,(#4533,#4534,#4535,#4536,#4537),
 .UNSPECIFIED.,.F.,.F.,(4,1,4),(0.,0.0343885622544458,0.0672297235009509),
 .UNSPECIFIED.);
#118=B_SPLINE_CURVE_WITH_KNOTS('',3,(#4550,#4551,#4552,#4553,#4554,#4555,
#4556),.UNSPECIFIED.,.F.,.F.,(4,3,4),(0.,0.0433822108303475,0.0989640155170631),
 .UNSPECIFIED.);
#119=B_SPLINE_CURVE_WITH_KNOTS('',3,(#4558,#4559,#4560,#4561,#4562),
 .UNSPECIFIED.,.F.,.F.,(4,1,4),(0.,0.0385733378957977,0.0879939573617637),
 .UNSPECIFIED.);
#120=B_SPLINE_CURVE_WITH_KNOTS('',3,(#4575,#4576,#4577,#4578,#4579,#4580,
#4581),.UNSPECIFIED.,.F.,.F.,(4,3,4),(0.,0.0381369824105732,0.0730092278361152),
 .UNSPECIFIED.);
#121=B_SPLINE_CURVE_WITH_KNOTS('',3,(#4583,#4584,#4585,#4586,#4587),
 .UNSPECIFIED.,.F.,.F.,(4,1,4),(0.,0.0380572415364575,0.0728565723484972),
 .UNSPECIFIED.);
#122=B_SPLINE_CURVE_WITH_KNOTS('',3,(#4600,#4601,#4602,#4603,#4604,#4605,
#4606),.UNSPECIFIED.,.F.,.F.,(4,3,4),(0.,0.0325111687978488,0.0636549244122984),
 .UNSPECIFIED.);
#123=B_SPLINE_CURVE_WITH_KNOTS('',3,(#4608,#4609,#4610,#4611,#4612),
 .UNSPECIFIED.,.F.,.F.,(4,1,4),(0.,0.0324851074747859,0.0636038979001489),
 .UNSPECIFIED.);
#124=B_SPLINE_CURVE_WITH_KNOTS('',3,(#4631,#4632,#4633,#4634,#4635,#4636),
 .UNSPECIFIED.,.F.,.F.,(4,2,4),(0.,0.0246087866773986,0.0492668237847345),
 .UNSPECIFIED.);
#125=B_SPLINE_CURVE_WITH_KNOTS('',3,(#4638,#4639,#4640,#4641,#4642),
 .UNSPECIFIED.,.F.,.F.,(4,1,4),(0.,0.02481622695924,0.0480631990708581),
 .UNSPECIFIED.);
#126=B_SPLINE_CURVE_WITH_KNOTS('',3,(#4654,#4655,#4656,#4657,#4658,#4659,
#4660),.UNSPECIFIED.,.F.,.F.,(4,3,4),(0.,0.0316565101499528,0.0738354752697134),
 .UNSPECIFIED.);
#127=B_SPLINE_CURVE_WITH_KNOTS('',3,(#4661,#4662,#4663,#4664,#4665),
 .UNSPECIFIED.,.F.,.F.,(4,1,4),(0.,0.0281016019012425,0.0655440262489458),
 .UNSPECIFIED.);
#128=B_SPLINE_CURVE_WITH_KNOTS('',3,(#4677,#4678,#4679,#4680,#4681,#4682,
#4683),.UNSPECIFIED.,.F.,.F.,(4,3,4),(0.,0.0390173494793029,0.074768997938879),
 .UNSPECIFIED.);
#129=B_SPLINE_CURVE_WITH_KNOTS('',3,(#4685,#4686,#4687,#4688,#4689),
 .UNSPECIFIED.,.F.,.F.,(4,1,4),(0.,0.0389394366531009,0.0746196934879244),
 .UNSPECIFIED.);
#130=B_SPLINE_CURVE_WITH_KNOTS('',3,(#4702,#4703,#4704,#4705,#4706,#4707,
#4708),.UNSPECIFIED.,.F.,.F.,(4,3,4),(0.,0.0332097060365984,0.0646923665693278),
 .UNSPECIFIED.);
#131=B_SPLINE_CURVE_WITH_KNOTS('',3,(#4710,#4711,#4712,#4713,#4714),
 .UNSPECIFIED.,.F.,.F.,(4,1,4),(0.,0.0331663269169139,0.0646078642280848),
 .UNSPECIFIED.);
#132=B_SPLINE_CURVE_WITH_KNOTS('',3,(#4733,#4734,#4735,#4736,#4737,#4738),
 .UNSPECIFIED.,.F.,.F.,(4,2,4),(0.,0.0254360075914619,0.0509741513125803),
 .UNSPECIFIED.);
#133=B_SPLINE_CURVE_WITH_KNOTS('',3,(#4740,#4741,#4742,#4743,#4744),
 .UNSPECIFIED.,.F.,.F.,(4,1,4),(0.,0.0259775078995054,0.0496293774636226),
 .UNSPECIFIED.);
#134=B_SPLINE_CURVE_WITH_KNOTS('',3,(#4756,#4757,#4758,#4759,#4760,#4761,
#4762),.UNSPECIFIED.,.F.,.F.,(4,3,4),(0.,0.0319930360366559,0.0749408030182958),
 .UNSPECIFIED.);
#135=B_SPLINE_CURVE_WITH_KNOTS('',3,(#4763,#4764,#4765,#4766,#4767),
 .UNSPECIFIED.,.F.,.F.,(4,1,4),(0.,0.028388607411238,0.0664977538715543),
 .UNSPECIFIED.);
#136=B_SPLINE_CURVE_WITH_KNOTS('',3,(#4779,#4780,#4781,#4782,#4783,#4784,
#4785),.UNSPECIFIED.,.F.,.F.,(4,3,4),(0.,0.0417892853884719,0.0850604028870031),
 .UNSPECIFIED.);
#137=B_SPLINE_CURVE_WITH_KNOTS('',3,(#4787,#4788,#4789,#4790,#4791),
 .UNSPECIFIED.,.F.,.F.,(4,1,4),(0.,0.040492194421239,0.082420226601903),
 .UNSPECIFIED.);
#138=B_SPLINE_CURVE_WITH_KNOTS('',3,(#4804,#4805,#4806,#4807,#4808,#4809,
#4810),.UNSPECIFIED.,.F.,.F.,(4,3,4),(0.,0.0496316505530668,0.105813876449242),
 .UNSPECIFIED.);
#139=B_SPLINE_CURVE_WITH_KNOTS('',3,(#4812,#4813,#4814,#4815,#4816),
 .UNSPECIFIED.,.F.,.F.,(4,1,4),(0.,0.0456142962339988,0.097248942000484),
 .UNSPECIFIED.);
#140=B_SPLINE_CURVE_WITH_KNOTS('',3,(#4829,#4830,#4831,#4832,#4833,#4834,
#4835),.UNSPECIFIED.,.F.,.F.,(4,3,4),(0.,0.0518435839546009,0.0976425565367658),
 .UNSPECIFIED.);
#141=B_SPLINE_CURVE_WITH_KNOTS('',3,(#4837,#4838,#4839,#4840,#4841),
 .UNSPECIFIED.,.F.,.F.,(4,1,4),(0.,0.0516345892370491,0.0972489344727066),
 .UNSPECIFIED.);
#142=B_SPLINE_CURVE_WITH_KNOTS('',3,(#4854,#4855,#4856,#4857,#4858,#4859,
#4860),.UNSPECIFIED.,.F.,.F.,(4,3,4),(0.,0.0419567434155683,0.0824766658470514),
 .UNSPECIFIED.);
#143=B_SPLINE_CURVE_WITH_KNOTS('',3,(#4862,#4863,#4864,#4865,#4866),
 .UNSPECIFIED.,.F.,.F.,(4,1,4),(0.,0.041928032180664,0.082420226601903),
 .UNSPECIFIED.);
#144=B_SPLINE_CURVE_WITH_KNOTS('',3,(#4879,#4880,#4881,#4882,#4883,#4884,
#4885),.UNSPECIFIED.,.F.,.F.,(4,3,4),(0.,0.0502846090045939,0.0895323002527383),
 .UNSPECIFIED.);
#145=B_SPLINE_CURVE_WITH_KNOTS('',3,(#4887,#4888,#4889,#4890,#4891),
 .UNSPECIFIED.,.F.,.F.,(4,1,4),(0.,0.049420619465966,0.0879939573617637),
 .UNSPECIFIED.);
#146=B_SPLINE_CURVE_WITH_KNOTS('',3,(#4904,#4905,#4906,#4907,#4908,#4909,
#4910),.UNSPECIFIED.,.F.,.F.,(4,3,4),(0.,0.0348535466899231,0.0713493134241827),
 .UNSPECIFIED.);
#147=B_SPLINE_CURVE_WITH_KNOTS('',3,(#4912,#4913,#4914,#4915,#4916),
 .UNSPECIFIED.,.F.,.F.,(4,1,4),(0.,0.0328411612465051,0.0672297235009509),
 .UNSPECIFIED.);
#148=B_SPLINE_CURVE_WITH_KNOTS('',3,(#4929,#4930,#4931,#4932,#4933,#4934,
#4935),.UNSPECIFIED.,.F.,.F.,(4,3,4),(0.,0.0481433387212655,0.110963550607884),
 .UNSPECIFIED.);
#149=B_SPLINE_CURVE_WITH_KNOTS('',3,(#4937,#4938,#4939,#4940,#4941),
 .UNSPECIFIED.,.F.,.F.,(4,1,4),(0.,0.0428141719934396,0.0986805790149777),
 .UNSPECIFIED.);
#150=B_SPLINE_CURVE_WITH_KNOTS('',3,(#4954,#4955,#4956,#4957,#4958,#4959,
#4960),.UNSPECIFIED.,.F.,.F.,(4,3,4),(0.,0.0574507671579645,0.100938720201136),
 .UNSPECIFIED.);
#151=B_SPLINE_CURVE_WITH_KNOTS('',3,(#4962,#4963,#4964,#4965,#4966),
 .UNSPECIFIED.,.F.,.F.,(4,1,4),(0.,0.0564173059362271,0.0991229698071885),
 .UNSPECIFIED.);
#152=B_SPLINE_CURVE_WITH_KNOTS('',3,(#4979,#4980,#4981,#4982,#4983,#4984,
#4985),.UNSPECIFIED.,.F.,.F.,(4,3,4),(0.,0.0348114888030006,0.0682702431222693),
 .UNSPECIFIED.);
#153=B_SPLINE_CURVE_WITH_KNOTS('',3,(#4987,#4988,#4989,#4990,#4991),
 .UNSPECIFIED.,.F.,.F.,(4,1,4),(0.,0.0340896554854286,0.0668546261010246),
 .UNSPECIFIED.);
#154=B_SPLINE_CURVE_WITH_KNOTS('',3,(#5003,#5004,#5005,#5006,#5007,#5008),
 .UNSPECIFIED.,.F.,.F.,(4,2,4),(0.,0.0500779662581402,0.0989640413800419),
 .UNSPECIFIED.);
#155=B_SPLINE_CURVE_WITH_KNOTS('',3,(#5009,#5010,#5011,#5012,#5013),
 .UNSPECIFIED.,.F.,.F.,(4,1,4),(0.,0.0385733903882977,0.0879939763327845),
 .UNSPECIFIED.);
#156=B_SPLINE_SURFACE_WITH_KNOTS('',3,1,((#4058,#4059),(#4060,#4061),(#4062,
#4063),(#4064,#4065),(#4066,#4067)),.UNSPECIFIED.,.F.,.F.,.F.,(4,1,4),(2,
2),(-0.0627677417253978,-0.035448397067203,0.),(0.,0.1),.UNSPECIFIED.);
#157=B_SPLINE_SURFACE_WITH_KNOTS('',3,1,((#4086,#4087),(#4088,#4089),(#4090,
#4091),(#4092,#4093),(#4094,#4095)),.UNSPECIFIED.,.F.,.F.,.F.,(4,1,4),(2,
2),(-0.0444562878615035,-0.0222992906812728,0.),(0.,0.1),.UNSPECIFIED.);
#158=B_SPLINE_SURFACE_WITH_KNOTS('',3,1,((#4110,#4111),(#4112,#4113),(#4114,
#4115),(#4116,#4117),(#4118,#4119)),.UNSPECIFIED.,.F.,.F.,.F.,(4,1,4),(2,
2),(-0.0634922419383914,-0.0273716342635553,0.),(0.,0.1),.UNSPECIFIED.);
#159=B_SPLINE_SURFACE_WITH_KNOTS('',3,1,((#4135,#4136),(#4137,#4138),(#4139,
#4140),(#4141,#4142),(#4143,#4144)),.UNSPECIFIED.,.F.,.F.,.F.,(4,1,4),(2,
2),(-0.0695219859751101,-0.033979892398233,0.),(0.,0.1),.UNSPECIFIED.);
#160=B_SPLINE_SURFACE_WITH_KNOTS('',3,1,((#4160,#4161),(#4162,#4163),(#4164,
#4165),(#4166,#4167),(#4168,#4169)),.UNSPECIFIED.,.F.,.F.,.F.,(4,1,4),(2,
2),(-0.080395071206285,-0.0382534570816039,0.),(0.,0.1),.UNSPECIFIED.);
#161=B_SPLINE_SURFACE_WITH_KNOTS('',3,1,((#4184,#4185),(#4186,#4187),(#4188,
#4189),(#4190,#4191),(#4192,#4193)),.UNSPECIFIED.,.F.,.F.,.F.,(4,1,4),(2,
2),(-0.0632103693685811,-0.0359991830155503,0.),(0.,0.1),.UNSPECIFIED.);
#162=B_SPLINE_SURFACE_WITH_KNOTS('',3,1,((#4212,#4213),(#4214,#4215),(#4216,
#4217),(#4218,#4219),(#4220,#4221)),.UNSPECIFIED.,.F.,.F.,.F.,(4,1,4),(2,
2),(-0.0444036073546014,-0.0221042765793172,0.),(0.,0.1),.UNSPECIFIED.);
#163=B_SPLINE_SURFACE_WITH_KNOTS('',3,1,((#4237,#4238),(#4239,#4240),(#4241,
#4242),(#4243,#4244),(#4245,#4246)),.UNSPECIFIED.,.F.,.F.,.F.,(4,1,4),(2,
2),(-0.0633950662508509,-0.0274153108976161,0.),(0.,0.1),.UNSPECIFIED.);
#164=B_SPLINE_SURFACE_WITH_KNOTS('',3,1,((#4262,#4263),(#4264,#4265),(#4266,
#4267),(#4268,#4269),(#4270,#4271)),.UNSPECIFIED.,.F.,.F.,.F.,(4,1,4),(2,
2),(-0.0700362507308981,-0.0346165871479882,0.),(0.,0.1),.UNSPECIFIED.);
#165=B_SPLINE_SURFACE_WITH_KNOTS('',3,1,((#4287,#4288),(#4289,#4290),(#4291,
#4292),(#4293,#4294),(#4295,#4296)),.UNSPECIFIED.,.F.,.F.,.F.,(4,1,4),(2,
2),(-0.0799308650698009,-0.0379016631435941,0.),(0.,0.1),.UNSPECIFIED.);
#166=B_SPLINE_SURFACE_WITH_KNOTS('',3,1,((#4312,#4313),(#4314,#4315),(#4316,
#4317),(#4318,#4319),(#4320,#4321)),.UNSPECIFIED.,.F.,.F.,.F.,(4,1,4),(2,
2),(-0.082515850431383,-0.040603920462376,0.),(0.,0.1),.UNSPECIFIED.);
#167=B_SPLINE_SURFACE_WITH_KNOTS('',3,1,((#4340,#4341),(#4342,#4343),(#4344,
#4345),(#4346,#4347),(#4348,#4349)),.UNSPECIFIED.,.F.,.F.,.F.,(4,1,4),(2,
2),(-0.0972186217383642,-0.0455867414116752,0.),(0.,0.1),.UNSPECIFIED.);
#168=B_SPLINE_SURFACE_WITH_KNOTS('',3,1,((#4364,#4365),(#4366,#4367),(#4368,
#4369),(#4370,#4371),(#4372,#4373)),.UNSPECIFIED.,.F.,.F.,.F.,(4,1,4),(2,
2),(-0.0972186217383642,-0.051631880326689,0.),(0.,0.1),.UNSPECIFIED.);
#169=B_SPLINE_SURFACE_WITH_KNOTS('',3,1,((#4389,#4390),(#4391,#4392),(#4393,
#4394),(#4395,#4396),(#4397,#4398)),.UNSPECIFIED.,.F.,.F.,.F.,(4,1,4),(2,
2),(-0.082515850431383,-0.041911929969007,0.),(0.,0.1),.UNSPECIFIED.);
#170=B_SPLINE_SURFACE_WITH_KNOTS('',3,1,((#4414,#4415),(#4416,#4417),(#4418,
#4419),(#4420,#4421),(#4422,#4423)),.UNSPECIFIED.,.F.,.F.,.F.,(4,1,4),(2,
2),(-0.0879939800174934,-0.0494206431440832,0.),(0.,0.1),.UNSPECIFIED.);
#171=B_SPLINE_SURFACE_WITH_KNOTS('',3,1,((#4439,#4440),(#4441,#4442),(#4443,
#4444),(#4445,#4446),(#4447,#4448)),.UNSPECIFIED.,.F.,.F.,.F.,(4,1,4),(2,
2),(-0.0672297235009509,-0.0328411612465051,0.),(0.,0.1),.UNSPECIFIED.);
#172=B_SPLINE_SURFACE_WITH_KNOTS('',3,1,((#4464,#4465),(#4466,#4467),(#4468,
#4469),(#4470,#4471),(#4472,#4473)),.UNSPECIFIED.,.F.,.F.,.F.,(4,1,4),(2,
2),(-0.0986807042142324,-0.0428142998991815,0.),(0.,0.1),.UNSPECIFIED.);
#173=B_SPLINE_SURFACE_WITH_KNOTS('',3,1,((#4489,#4490),(#4491,#4492),(#4493,
#4494),(#4495,#4496),(#4497,#4498)),.UNSPECIFIED.,.F.,.F.,.F.,(4,1,4),(2,
2),(-0.0986805790149777,-0.0558664070215382,0.),(0.,0.1),.UNSPECIFIED.);
#174=B_SPLINE_SURFACE_WITH_KNOTS('',3,1,((#4514,#4515),(#4516,#4517),(#4518,
#4519),(#4520,#4521),(#4522,#4523)),.UNSPECIFIED.,.F.,.F.,.F.,(4,1,4),(2,
2),(-0.0672297235009509,-0.0343885622544458,0.),(0.,0.1),.UNSPECIFIED.);
#175=B_SPLINE_SURFACE_WITH_KNOTS('',3,1,((#4539,#4540),(#4541,#4542),(#4543,
#4544),(#4545,#4546),(#4547,#4548)),.UNSPECIFIED.,.F.,.F.,.F.,(4,1,4),(2,
2),(-0.0879939573617637,-0.0385733378957977,0.),(0.,0.1),.UNSPECIFIED.);
#176=B_SPLINE_SURFACE_WITH_KNOTS('',3,1,((#4564,#4565),(#4566,#4567),(#4568,
#4569),(#4570,#4571),(#4572,#4573)),.UNSPECIFIED.,.F.,.F.,.F.,(4,1,4),(2,
2),(-0.0728565723484972,-0.0380572415364575,0.),(0.,0.1),.UNSPECIFIED.);
#177=B_SPLINE_SURFACE_WITH_KNOTS('',3,1,((#4589,#4590),(#4591,#4592),(#4593,
#4594),(#4595,#4596),(#4597,#4598)),.UNSPECIFIED.,.F.,.F.,.F.,(4,1,4),(2,
2),(-0.0636038979001489,-0.0324851074747859,0.),(0.,0.1),.UNSPECIFIED.);
#178=B_SPLINE_SURFACE_WITH_KNOTS('',3,1,((#4620,#4621),(#4622,#4623),(#4624,
#4625),(#4626,#4627),(#4628,#4629)),.UNSPECIFIED.,.F.,.F.,.F.,(4,1,4),(2,
2),(-0.0480631990708581,-0.02481622695924,0.),(0.,0.1),.UNSPECIFIED.);
#179=B_SPLINE_SURFACE_WITH_KNOTS('',3,1,((#4644,#4645),(#4646,#4647),(#4648,
#4649),(#4650,#4651),(#4652,#4653)),.UNSPECIFIED.,.F.,.F.,.F.,(4,1,4),(2,
2),(-0.0655440262489458,-0.0281016019012425,0.),(0.,0.1),.UNSPECIFIED.);
#180=B_SPLINE_SURFACE_WITH_KNOTS('',3,1,((#4666,#4667),(#4668,#4669),(#4670,
#4671),(#4672,#4673),(#4674,#4675)),.UNSPECIFIED.,.F.,.F.,.F.,(4,1,4),(2,
2),(-0.0746196934879244,-0.0389394366531009,0.),(0.,0.1),.UNSPECIFIED.);
#181=B_SPLINE_SURFACE_WITH_KNOTS('',3,1,((#4691,#4692),(#4693,#4694),(#4695,
#4696),(#4697,#4698),(#4699,#4700)),.UNSPECIFIED.,.F.,.F.,.F.,(4,1,4),(2,
2),(-0.0646078642280848,-0.0331663269169139,0.),(0.,0.1),.UNSPECIFIED.);
#182=B_SPLINE_SURFACE_WITH_KNOTS('',3,1,((#4722,#4723),(#4724,#4725),(#4726,
#4727),(#4728,#4729),(#4730,#4731)),.UNSPECIFIED.,.F.,.F.,.F.,(4,1,4),(2,
2),(-0.0496293774636226,-0.0259775078995054,0.),(0.,0.1),.UNSPECIFIED.);
#183=B_SPLINE_SURFACE_WITH_KNOTS('',3,1,((#4746,#4747),(#4748,#4749),(#4750,
#4751),(#4752,#4753),(#4754,#4755)),.UNSPECIFIED.,.F.,.F.,.F.,(4,1,4),(2,
2),(-0.0664977538715543,-0.028388607411238,0.),(0.,0.1),.UNSPECIFIED.);
#184=B_SPLINE_SURFACE_WITH_KNOTS('',3,1,((#4768,#4769),(#4770,#4771),(#4772,
#4773),(#4774,#4775),(#4776,#4777)),.UNSPECIFIED.,.F.,.F.,.F.,(4,1,4),(2,
2),(-0.082420226601903,-0.040492194421239,0.),(0.,0.1),.UNSPECIFIED.);
#185=B_SPLINE_SURFACE_WITH_KNOTS('',3,1,((#4793,#4794),(#4795,#4796),(#4797,
#4798),(#4799,#4800),(#4801,#4802)),.UNSPECIFIED.,.F.,.F.,.F.,(4,1,4),(2,
2),(-0.097248942000484,-0.0456142962339988,0.),(0.,0.1),.UNSPECIFIED.);
#186=B_SPLINE_SURFACE_WITH_KNOTS('',3,1,((#4818,#4819),(#4820,#4821),(#4822,
#4823),(#4824,#4825),(#4826,#4827)),.UNSPECIFIED.,.F.,.F.,.F.,(4,1,4),(2,
2),(-0.0972489344727066,-0.0516345892370491,0.),(0.,0.1),.UNSPECIFIED.);
#187=B_SPLINE_SURFACE_WITH_KNOTS('',3,1,((#4843,#4844),(#4845,#4846),(#4847,
#4848),(#4849,#4850),(#4851,#4852)),.UNSPECIFIED.,.F.,.F.,.F.,(4,1,4),(2,
2),(-0.082420226601903,-0.041928032180664,0.),(0.,0.1),.UNSPECIFIED.);
#188=B_SPLINE_SURFACE_WITH_KNOTS('',3,1,((#4868,#4869),(#4870,#4871),(#4872,
#4873),(#4874,#4875),(#4876,#4877)),.UNSPECIFIED.,.F.,.F.,.F.,(4,1,4),(2,
2),(-0.0879939573617637,-0.049420619465966,0.),(0.,0.1),.UNSPECIFIED.);
#189=B_SPLINE_SURFACE_WITH_KNOTS('',3,1,((#4893,#4894),(#4895,#4896),(#4897,
#4898),(#4899,#4900),(#4901,#4902)),.UNSPECIFIED.,.F.,.F.,.F.,(4,1,4),(2,
2),(-0.0672297235009509,-0.0328411612465051,0.),(0.,0.1),.UNSPECIFIED.);
#190=B_SPLINE_SURFACE_WITH_KNOTS('',3,1,((#4918,#4919),(#4920,#4921),(#4922,
#4923),(#4924,#4925),(#4926,#4927)),.UNSPECIFIED.,.F.,.F.,.F.,(4,1,4),(2,
2),(-0.0986805790149777,-0.0428141719934396,0.),(0.,0.1),.UNSPECIFIED.);
#191=B_SPLINE_SURFACE_WITH_KNOTS('',3,1,((#4943,#4944),(#4945,#4946),(#4947,
#4948),(#4949,#4950),(#4951,#4952)),.UNSPECIFIED.,.F.,.F.,.F.,(4,1,4),(2,
2),(-0.0991229698071885,-0.0564173059362271,0.),(0.,0.1),.UNSPECIFIED.);
#192=B_SPLINE_SURFACE_WITH_KNOTS('',3,1,((#4968,#4969),(#4970,#4971),(#4972,
#4973),(#4974,#4975),(#4976,#4977)),.UNSPECIFIED.,.F.,.F.,.F.,(4,1,4),(2,
2),(-0.0668546261010246,-0.0340896554854286,0.),(0.,0.1),.UNSPECIFIED.);
#193=B_SPLINE_SURFACE_WITH_KNOTS('',3,1,((#4993,#4994),(#4995,#4996),(#4997,
#4998),(#4999,#5000),(#5001,#5002)),.UNSPECIFIED.,.F.,.F.,.F.,(4,1,4),(2,
2),(-0.0879939763327845,-0.0385733903882977,0.),(0.,0.1),.UNSPECIFIED.);
#194=FACE_OUTER_BOUND('',#361,.T.);
#195=FACE_OUTER_BOUND('',#362,.T.);
#196=FACE_OUTER_BOUND('',#363,.T.);
#197=FACE_OUTER_BOUND('',#364,.T.);
#198=FACE_OUTER_BOUND('',#365,.T.);
#199=FACE_OUTER_BOUND('',#366,.T.);
#200=FACE_OUTER_BOUND('',#367,.T.);
#201=FACE_OUTER_BOUND('',#368,.T.);
#202=FACE_OUTER_BOUND('',#369,.T.);
#203=FACE_OUTER_BOUND('',#370,.T.);
#204=FACE_OUTER_BOUND('',#371,.T.);
#205=FACE_OUTER_BOUND('',#372,.T.);
#206=FACE_OUTER_BOUND('',#373,.T.);
#207=FACE_OUTER_BOUND('',#374,.T.);
#208=FACE_OUTER_BOUND('',#375,.T.);
#209=FACE_OUTER_BOUND('',#376,.T.);
#210=FACE_OUTER_BOUND('',#377,.T.);
#211=FACE_OUTER_BOUND('',#378,.T.);
#212=FACE_OUTER_BOUND('',#379,.T.);
#213=FACE_OUTER_BOUND('',#380,.T.);
#214=FACE_OUTER_BOUND('',#381,.T.);
#215=FACE_OUTER_BOUND('',#382,.T.);
#216=FACE_OUTER_BOUND('',#383,.T.);
#217=FACE_OUTER_BOUND('',#384,.T.);
#218=FACE_OUTER_BOUND('',#385,.T.);
#219=FACE_OUTER_BOUND('',#386,.T.);
#220=FACE_OUTER_BOUND('',#387,.T.);
#221=FACE_OUTER_BOUND('',#388,.T.);
#222=FACE_OUTER_BOUND('',#389,.T.);
#223=FACE_OUTER_BOUND('',#390,.T.);
#224=FACE_OUTER_BOUND('',#391,.T.);
#225=FACE_OUTER_BOUND('',#392,.T.);
#226=FACE_OUTER_BOUND('',#393,.T.);
#227=FACE_OUTER_BOUND('',#394,.T.);
#228=FACE_OUTER_BOUND('',#395,.T.);
#229=FACE_OUTER_BOUND('',#396,.T.);
#230=FACE_OUTER_BOUND('',#397,.T.);
#231=FACE_OUTER_BOUND('',#398,.T.);
#232=FACE_OUTER_BOUND('',#399,.T.);
#233=FACE_OUTER_BOUND('',#400,.T.);
#234=FACE_OUTER_BOUND('',#401,.T.);
#235=FACE_OUTER_BOUND('',#402,.T.);
#236=FACE_OUTER_BOUND('',#403,.T.);
#237=FACE_OUTER_BOUND('',#404,.T.);
#238=FACE_OUTER_BOUND('',#405,.T.);
#239=FACE_OUTER_BOUND('',#406,.T.);
#240=FACE_OUTER_BOUND('',#407,.T.);
#241=FACE_OUTER_BOUND('',#408,.T.);
#242=FACE_OUTER_BOUND('',#409,.T.);
#243=FACE_OUTER_BOUND('',#410,.T.);
#244=FACE_OUTER_BOUND('',#411,.T.);
#245=FACE_OUTER_BOUND('',#412,.T.);
#246=FACE_OUTER_BOUND('',#413,.T.);
#247=FACE_OUTER_BOUND('',#414,.T.);
#248=FACE_OUTER_BOUND('',#415,.T.);
#249=FACE_OUTER_BOUND('',#416,.T.);
#250=FACE_OUTER_BOUND('',#417,.T.);
#251=FACE_OUTER_BOUND('',#418,.T.);
#252=FACE_OUTER_BOUND('',#421,.T.);
#253=FACE_OUTER_BOUND('',#422,.T.);
#254=FACE_OUTER_BOUND('',#423,.T.);
#255=FACE_OUTER_BOUND('',#424,.T.);
#256=FACE_OUTER_BOUND('',#425,.T.);
#257=FACE_OUTER_BOUND('',#426,.T.);
#258=FACE_OUTER_BOUND('',#427,.T.);
#259=FACE_OUTER_BOUND('',#428,.T.);
#260=FACE_OUTER_BOUND('',#429,.T.);
#261=FACE_OUTER_BOUND('',#430,.T.);
#262=FACE_OUTER_BOUND('',#431,.T.);
#263=FACE_OUTER_BOUND('',#432,.T.);
#264=FACE_OUTER_BOUND('',#433,.T.);
#265=FACE_OUTER_BOUND('',#434,.T.);
#266=FACE_OUTER_BOUND('',#435,.T.);
#267=FACE_OUTER_BOUND('',#436,.T.);
#268=FACE_OUTER_BOUND('',#437,.T.);
#269=FACE_OUTER_BOUND('',#438,.T.);
#270=FACE_OUTER_BOUND('',#439,.T.);
#271=FACE_OUTER_BOUND('',#440,.T.);
#272=FACE_OUTER_BOUND('',#441,.T.);
#273=FACE_OUTER_BOUND('',#442,.T.);
#274=FACE_OUTER_BOUND('',#443,.T.);
#275=FACE_OUTER_BOUND('',#444,.T.);
#276=FACE_OUTER_BOUND('',#445,.T.);
#277=FACE_OUTER_BOUND('',#446,.T.);
#278=FACE_OUTER_BOUND('',#447,.T.);
#279=FACE_OUTER_BOUND('',#448,.T.);
#280=FACE_OUTER_BOUND('',#449,.T.);
#281=FACE_OUTER_BOUND('',#450,.T.);
#282=FACE_OUTER_BOUND('',#451,.T.);
#283=FACE_OUTER_BOUND('',#452,.T.);
#284=FACE_OUTER_BOUND('',#453,.T.);
#285=FACE_OUTER_BOUND('',#454,.T.);
#286=FACE_OUTER_BOUND('',#455,.T.);
#287=FACE_OUTER_BOUND('',#456,.T.);
#288=FACE_OUTER_BOUND('',#457,.T.);
#289=FACE_OUTER_BOUND('',#458,.T.);
#290=FACE_OUTER_BOUND('',#459,.T.);
#291=FACE_OUTER_BOUND('',#460,.T.);
#292=FACE_OUTER_BOUND('',#461,.T.);
#293=FACE_OUTER_BOUND('',#462,.T.);
#294=FACE_OUTER_BOUND('',#463,.T.);
#295=FACE_OUTER_BOUND('',#464,.T.);
#296=FACE_OUTER_BOUND('',#465,.T.);
#297=FACE_OUTER_BOUND('',#466,.T.);
#298=FACE_OUTER_BOUND('',#467,.T.);
#299=FACE_OUTER_BOUND('',#468,.T.);
#300=FACE_OUTER_BOUND('',#470,.T.);
#301=FACE_OUTER_BOUND('',#471,.T.);
#302=FACE_OUTER_BOUND('',#472,.T.);
#303=FACE_OUTER_BOUND('',#473,.T.);
#304=FACE_OUTER_BOUND('',#474,.T.);
#305=FACE_OUTER_BOUND('',#475,.T.);
#306=FACE_OUTER_BOUND('',#476,.T.);
#307=FACE_OUTER_BOUND('',#477,.T.);
#308=FACE_OUTER_BOUND('',#478,.T.);
#309=FACE_OUTER_BOUND('',#487,.T.);
#310=FACE_OUTER_BOUND('',#488,.T.);
#311=FACE_OUTER_BOUND('',#489,.T.);
#312=FACE_OUTER_BOUND('',#490,.T.);
#313=FACE_OUTER_BOUND('',#491,.T.);
#314=FACE_OUTER_BOUND('',#492,.T.);
#315=FACE_OUTER_BOUND('',#493,.T.);
#316=FACE_OUTER_BOUND('',#495,.T.);
#317=FACE_OUTER_BOUND('',#496,.T.);
#318=FACE_OUTER_BOUND('',#497,.T.);
#319=FACE_OUTER_BOUND('',#498,.T.);
#320=FACE_OUTER_BOUND('',#499,.T.);
#321=FACE_OUTER_BOUND('',#501,.T.);
#322=FACE_OUTER_BOUND('',#502,.T.);
#323=FACE_OUTER_BOUND('',#503,.T.);
#324=FACE_OUTER_BOUND('',#504,.T.);
#325=FACE_OUTER_BOUND('',#505,.T.);
#326=FACE_OUTER_BOUND('',#506,.T.);
#327=FACE_OUTER_BOUND('',#507,.T.);
#328=FACE_OUTER_BOUND('',#508,.T.);
#329=FACE_OUTER_BOUND('',#509,.T.);
#330=FACE_OUTER_BOUND('',#510,.T.);
#331=FACE_OUTER_BOUND('',#511,.T.);
#332=FACE_OUTER_BOUND('',#512,.T.);
#333=FACE_OUTER_BOUND('',#513,.T.);
#334=FACE_OUTER_BOUND('',#514,.T.);
#335=FACE_OUTER_BOUND('',#515,.T.);
#336=FACE_OUTER_BOUND('',#516,.T.);
#337=FACE_OUTER_BOUND('',#517,.T.);
#338=FACE_OUTER_BOUND('',#518,.T.);
#339=FACE_OUTER_BOUND('',#520,.T.);
#340=FACE_OUTER_BOUND('',#521,.T.);
#341=FACE_OUTER_BOUND('',#522,.T.);
#342=FACE_OUTER_BOUND('',#523,.T.);
#343=FACE_OUTER_BOUND('',#524,.T.);
#344=FACE_OUTER_BOUND('',#525,.T.);
#345=FACE_OUTER_BOUND('',#526,.T.);
#346=FACE_OUTER_BOUND('',#527,.T.);
#347=FACE_OUTER_BOUND('',#528,.T.);
#348=FACE_OUTER_BOUND('',#529,.T.);
#349=FACE_OUTER_BOUND('',#530,.T.);
#350=FACE_OUTER_BOUND('',#531,.T.);
#351=FACE_OUTER_BOUND('',#532,.T.);
#352=FACE_OUTER_BOUND('',#533,.T.);
#353=FACE_OUTER_BOUND('',#534,.T.);
#354=FACE_OUTER_BOUND('',#535,.T.);
#355=FACE_OUTER_BOUND('',#536,.T.);
#356=FACE_OUTER_BOUND('',#537,.T.);
#357=FACE_OUTER_BOUND('',#538,.T.);
#358=FACE_OUTER_BOUND('',#539,.T.);
#359=FACE_OUTER_BOUND('',#540,.T.);
#360=FACE_OUTER_BOUND('',#542,.T.);
#361=EDGE_LOOP('',(#1963,#1964,#1965,#1966));
#362=EDGE_LOOP('',(#1967,#1968,#1969,#1970));
#363=EDGE_LOOP('',(#1971,#1972,#1973,#1974));
#364=EDGE_LOOP('',(#1975,#1976,#1977,#1978));
#365=EDGE_LOOP('',(#1979,#1980,#1981,#1982));
#366=EDGE_LOOP('',(#1983,#1984,#1985,#1986));
#367=EDGE_LOOP('',(#1987,#1988,#1989,#1990));
#368=EDGE_LOOP('',(#1991,#1992,#1993,#1994));
#369=EDGE_LOOP('',(#1995,#1996,#1997,#1998));
#370=EDGE_LOOP('',(#1999,#2000,#2001,#2002));
#371=EDGE_LOOP('',(#2003,#2004,#2005,#2006));
#372=EDGE_LOOP('',(#2007,#2008,#2009,#2010,#2011,#2012,#2013,#2014,#2015,
#2016,#2017));
#373=EDGE_LOOP('',(#2018,#2019,#2020,#2021));
#374=EDGE_LOOP('',(#2022,#2023,#2024,#2025));
#375=EDGE_LOOP('',(#2026,#2027,#2028,#2029));
#376=EDGE_LOOP('',(#2030,#2031,#2032,#2033));
#377=EDGE_LOOP('',(#2034,#2035,#2036,#2037));
#378=EDGE_LOOP('',(#2038,#2039,#2040,#2041));
#379=EDGE_LOOP('',(#2042,#2043,#2044,#2045));
#380=EDGE_LOOP('',(#2046,#2047,#2048,#2049));
#381=EDGE_LOOP('',(#2050,#2051,#2052,#2053));
#382=EDGE_LOOP('',(#2054,#2055,#2056,#2057));
#383=EDGE_LOOP('',(#2058,#2059,#2060,#2061));
#384=EDGE_LOOP('',(#2062,#2063,#2064,#2065));
#385=EDGE_LOOP('',(#2066,#2067,#2068,#2069));
#386=EDGE_LOOP('',(#2070,#2071,#2072,#2073));
#387=EDGE_LOOP('',(#2074,#2075,#2076,#2077));
#388=EDGE_LOOP('',(#2078,#2079,#2080,#2081));
#389=EDGE_LOOP('',(#2082,#2083,#2084,#2085));
#390=EDGE_LOOP('',(#2086,#2087,#2088,#2089));
#391=EDGE_LOOP('',(#2090,#2091,#2092,#2093));
#392=EDGE_LOOP('',(#2094,#2095,#2096,#2097));
#393=EDGE_LOOP('',(#2098,#2099,#2100,#2101));
#394=EDGE_LOOP('',(#2102,#2103,#2104,#2105));
#395=EDGE_LOOP('',(#2106,#2107,#2108,#2109));
#396=EDGE_LOOP('',(#2110,#2111,#2112,#2113));
#397=EDGE_LOOP('',(#2114,#2115,#2116,#2117));
#398=EDGE_LOOP('',(#2118,#2119,#2120,#2121));
#399=EDGE_LOOP('',(#2122,#2123,#2124,#2125));
#400=EDGE_LOOP('',(#2126,#2127,#2128,#2129));
#401=EDGE_LOOP('',(#2130,#2131,#2132,#2133));
#402=EDGE_LOOP('',(#2134,#2135,#2136,#2137));
#403=EDGE_LOOP('',(#2138,#2139,#2140,#2141));
#404=EDGE_LOOP('',(#2142,#2143,#2144,#2145));
#405=EDGE_LOOP('',(#2146,#2147,#2148,#2149));
#406=EDGE_LOOP('',(#2150,#2151,#2152,#2153));
#407=EDGE_LOOP('',(#2154,#2155,#2156,#2157));
#408=EDGE_LOOP('',(#2158,#2159,#2160,#2161));
#409=EDGE_LOOP('',(#2162,#2163,#2164,#2165));
#410=EDGE_LOOP('',(#2166,#2167,#2168,#2169));
#411=EDGE_LOOP('',(#2170,#2171,#2172,#2173));
#412=EDGE_LOOP('',(#2174,#2175,#2176,#2177));
#413=EDGE_LOOP('',(#2178,#2179,#2180,#2181));
#414=EDGE_LOOP('',(#2182,#2183,#2184,#2185));
#415=EDGE_LOOP('',(#2186,#2187,#2188,#2189));
#416=EDGE_LOOP('',(#2190,#2191,#2192,#2193));
#417=EDGE_LOOP('',(#2194,#2195,#2196,#2197));
#418=EDGE_LOOP('',(#2198,#2199,#2200,#2201,#2202,#2203,#2204,#2205,#2206,
#2207,#2208,#2209,#2210,#2211,#2212,#2213,#2214,#2215,#2216,#2217));
#419=EDGE_LOOP('',(#2218,#2219,#2220,#2221,#2222,#2223,#2224,#2225,#2226,
#2227));
#420=EDGE_LOOP('',(#2228,#2229,#2230,#2231,#2232,#2233,#2234,#2235,#2236,
#2237));
#421=EDGE_LOOP('',(#2238,#2239,#2240,#2241));
#422=EDGE_LOOP('',(#2242,#2243,#2244,#2245));
#423=EDGE_LOOP('',(#2246,#2247,#2248,#2249));
#424=EDGE_LOOP('',(#2250,#2251,#2252,#2253));
#425=EDGE_LOOP('',(#2254,#2255,#2256,#2257));
#426=EDGE_LOOP('',(#2258,#2259,#2260,#2261));
#427=EDGE_LOOP('',(#2262,#2263,#2264,#2265));
#428=EDGE_LOOP('',(#2266,#2267,#2268,#2269,#2270,#2271,#2272));
#429=EDGE_LOOP('',(#2273,#2274,#2275,#2276));
#430=EDGE_LOOP('',(#2277,#2278,#2279,#2280));
#431=EDGE_LOOP('',(#2281,#2282,#2283,#2284));
#432=EDGE_LOOP('',(#2285,#2286,#2287,#2288));
#433=EDGE_LOOP('',(#2289,#2290,#2291,#2292));
#434=EDGE_LOOP('',(#2293,#2294,#2295,#2296));
#435=EDGE_LOOP('',(#2297,#2298,#2299,#2300));
#436=EDGE_LOOP('',(#2301,#2302,#2303,#2304));
#437=EDGE_LOOP('',(#2305,#2306,#2307,#2308));
#438=EDGE_LOOP('',(#2309,#2310,#2311,#2312));
#439=EDGE_LOOP('',(#2313,#2314,#2315,#2316));
#440=EDGE_LOOP('',(#2317,#2318,#2319,#2320));
#441=EDGE_LOOP('',(#2321,#2322,#2323,#2324));
#442=EDGE_LOOP('',(#2325,#2326,#2327,#2328));
#443=EDGE_LOOP('',(#2329,#2330,#2331,#2332));
#444=EDGE_LOOP('',(#2333,#2334,#2335,#2336));
#445=EDGE_LOOP('',(#2337,#2338,#2339,#2340));
#446=EDGE_LOOP('',(#2341,#2342,#2343,#2344));
#447=EDGE_LOOP('',(#2345,#2346,#2347,#2348,#2349,#2350,#2351,#2352,#2353,
#2354,#2355,#2356,#2357,#2358,#2359,#2360,#2361,#2362));
#448=EDGE_LOOP('',(#2363,#2364,#2365,#2366,#2367,#2368,#2369,#2370,#2371,
#2372));
#449=EDGE_LOOP('',(#2373,#2374,#2375,#2376,#2377,#2378,#2379,#2380,#2381,
#2382));
#450=EDGE_LOOP('',(#2383,#2384,#2385,#2386));
#451=EDGE_LOOP('',(#2387,#2388,#2389,#2390));
#452=EDGE_LOOP('',(#2391,#2392,#2393,#2394));
#453=EDGE_LOOP('',(#2395,#2396,#2397,#2398));
#454=EDGE_LOOP('',(#2399,#2400,#2401,#2402));
#455=EDGE_LOOP('',(#2403,#2404,#2405,#2406));
#456=EDGE_LOOP('',(#2407,#2408,#2409,#2410));
#457=EDGE_LOOP('',(#2411,#2412,#2413,#2414));
#458=EDGE_LOOP('',(#2415,#2416,#2417,#2418));
#459=EDGE_LOOP('',(#2419,#2420,#2421,#2422));
#460=EDGE_LOOP('',(#2423,#2424,#2425,#2426));
#461=EDGE_LOOP('',(#2427,#2428,#2429,#2430));
#462=EDGE_LOOP('',(#2431,#2432,#2433,#2434));
#463=EDGE_LOOP('',(#2435,#2436,#2437,#2438));
#464=EDGE_LOOP('',(#2439,#2440,#2441,#2442));
#465=EDGE_LOOP('',(#2443,#2444,#2445,#2446));
#466=EDGE_LOOP('',(#2447,#2448,#2449,#2450));
#467=EDGE_LOOP('',(#2451,#2452,#2453,#2454,#2455,#2456,#2457,#2458));
#468=EDGE_LOOP('',(#2459,#2460,#2461,#2462,#2463,#2464,#2465));
#469=EDGE_LOOP('',(#2466,#2467,#2468,#2469));
#470=EDGE_LOOP('',(#2470,#2471,#2472,#2473));
#471=EDGE_LOOP('',(#2474,#2475,#2476,#2477));
#472=EDGE_LOOP('',(#2478,#2479,#2480,#2481,#2482,#2483,#2484,#2485,#2486,
#2487,#2488,#2489));
#473=EDGE_LOOP('',(#2490,#2491,#2492,#2493));
#474=EDGE_LOOP('',(#2494,#2495,#2496,#2497));
#475=EDGE_LOOP('',(#2498,#2499,#2500,#2501));
#476=EDGE_LOOP('',(#2502,#2503,#2504,#2505,#2506,#2507));
#477=EDGE_LOOP('',(#2508,#2509,#2510,#2511));
#478=EDGE_LOOP('',(#2512,#2513,#2514,#2515,#2516,#2517,#2518,#2519,#2520,
#2521,#2522,#2523));
#479=EDGE_LOOP('',(#2524,#2525,#2526,#2527));
#480=EDGE_LOOP('',(#2528,#2529,#2530,#2531));
#481=EDGE_LOOP('',(#2532,#2533,#2534,#2535,#2536,#2537,#2538,#2539));
#482=EDGE_LOOP('',(#2540,#2541,#2542,#2543,#2544,#2545,#2546,#2547,#2548,
#2549,#2550,#2551,#2552,#2553,#2554,#2555,#2556,#2557));
#483=EDGE_LOOP('',(#2558,#2559,#2560,#2561,#2562,#2563,#2564));
#484=EDGE_LOOP('',(#2565,#2566,#2567,#2568,#2569,#2570,#2571,#2572,#2573,
#2574,#2575,#2576,#2577,#2578,#2579,#2580,#2581,#2582,#2583,#2584));
#485=EDGE_LOOP('',(#2585,#2586,#2587,#2588));
#486=EDGE_LOOP('',(#2589,#2590,#2591,#2592,#2593,#2594,#2595,#2596,#2597,
#2598,#2599));
#487=EDGE_LOOP('',(#2600,#2601,#2602,#2603));
#488=EDGE_LOOP('',(#2604,#2605,#2606,#2607));
#489=EDGE_LOOP('',(#2608,#2609,#2610,#2611));
#490=EDGE_LOOP('',(#2612,#2613,#2614,#2615));
#491=EDGE_LOOP('',(#2616,#2617,#2618,#2619));
#492=EDGE_LOOP('',(#2620,#2621,#2622,#2623,#2624));
#493=EDGE_LOOP('',(#2625,#2626,#2627,#2628));
#494=EDGE_LOOP('',(#2629,#2630,#2631,#2632));
#495=EDGE_LOOP('',(#2633,#2634,#2635,#2636));
#496=EDGE_LOOP('',(#2637,#2638,#2639,#2640));
#497=EDGE_LOOP('',(#2641,#2642,#2643,#2644));
#498=EDGE_LOOP('',(#2645,#2646,#2647,#2648));
#499=EDGE_LOOP('',(#2649,#2650,#2651,#2652));
#500=EDGE_LOOP('',(#2653,#2654,#2655,#2656));
#501=EDGE_LOOP('',(#2657,#2658,#2659,#2660));
#502=EDGE_LOOP('',(#2661,#2662,#2663,#2664));
#503=EDGE_LOOP('',(#2665,#2666,#2667,#2668));
#504=EDGE_LOOP('',(#2669,#2670,#2671,#2672));
#505=EDGE_LOOP('',(#2673,#2674,#2675,#2676));
#506=EDGE_LOOP('',(#2677,#2678,#2679,#2680));
#507=EDGE_LOOP('',(#2681,#2682,#2683,#2684,#2685));
#508=EDGE_LOOP('',(#2686,#2687,#2688,#2689,#2690));
#509=EDGE_LOOP('',(#2691,#2692,#2693,#2694,#2695));
#510=EDGE_LOOP('',(#2696,#2697,#2698,#2699));
#511=EDGE_LOOP('',(#2700,#2701,#2702,#2703));
#512=EDGE_LOOP('',(#2704,#2705,#2706,#2707));
#513=EDGE_LOOP('',(#2708,#2709,#2710,#2711));
#514=EDGE_LOOP('',(#2712,#2713,#2714,#2715));
#515=EDGE_LOOP('',(#2716,#2717,#2718,#2719));
#516=EDGE_LOOP('',(#2720,#2721,#2722,#2723));
#517=EDGE_LOOP('',(#2724,#2725,#2726,#2727));
#518=EDGE_LOOP('',(#2728,#2729,#2730,#2731,#2732,#2733,#2734,#2735));
#519=EDGE_LOOP('',(#2736,#2737,#2738,#2739,#2740,#2741,#2742,#2743));
#520=EDGE_LOOP('',(#2744,#2745,#2746,#2747));
#521=EDGE_LOOP('',(#2748,#2749,#2750,#2751));
#522=EDGE_LOOP('',(#2752,#2753,#2754,#2755));
#523=EDGE_LOOP('',(#2756,#2757,#2758,#2759));
#524=EDGE_LOOP('',(#2760,#2761,#2762,#2763));
#525=EDGE_LOOP('',(#2764,#2765,#2766,#2767));
#526=EDGE_LOOP('',(#2768,#2769,#2770,#2771));
#527=EDGE_LOOP('',(#2772,#2773,#2774,#2775));
#528=EDGE_LOOP('',(#2776,#2777,#2778,#2779));
#529=EDGE_LOOP('',(#2780,#2781,#2782,#2783));
#530=EDGE_LOOP('',(#2784,#2785,#2786,#2787));
#531=EDGE_LOOP('',(#2788,#2789,#2790,#2791,#2792));
#532=EDGE_LOOP('',(#2793,#2794,#2795,#2796));
#533=EDGE_LOOP('',(#2797,#2798,#2799,#2800));
#534=EDGE_LOOP('',(#2801,#2802,#2803,#2804));
#535=EDGE_LOOP('',(#2805,#2806,#2807,#2808));
#536=EDGE_LOOP('',(#2809,#2810,#2811,#2812));
#537=EDGE_LOOP('',(#2813,#2814,#2815,#2816));
#538=EDGE_LOOP('',(#2817,#2818,#2819,#2820));
#539=EDGE_LOOP('',(#2821,#2822,#2823,#2824));
#540=EDGE_LOOP('',(#2825,#2826,#2827,#2828,#2829,#2830,#2831,#2832));
#541=EDGE_LOOP('',(#2833,#2834,#2835,#2836,#2837,#2838,#2839,#2840));
#542=EDGE_LOOP('',(#2841,#2842,#2843,#2844,#2845,#2846,#2847,#2848));
#543=EDGE_LOOP('',(#2849,#2850,#2851,#2852,#2853,#2854,#2855,#2856));
#544=LINE('',#3969,#882);
#545=LINE('',#3971,#883);
#546=LINE('',#3973,#884);
#547=LINE('',#3974,#885);
#548=LINE('',#3977,#886);
#549=LINE('',#3979,#887);
#550=LINE('',#3980,#888);
#551=LINE('',#3983,#889);
#552=LINE('',#3985,#890);
#553=LINE('',#3986,#891);
#554=LINE('',#3989,#892);
#555=LINE('',#3991,#893);
#556=LINE('',#3992,#894);
#557=LINE('',#3995,#895);
#558=LINE('',#3997,#896);
#559=LINE('',#3998,#897);
#560=LINE('',#4001,#898);
#561=LINE('',#4003,#899);
#562=LINE('',#4004,#900);
#563=LINE('',#4007,#901);
#564=LINE('',#4009,#902);
#565=LINE('',#4010,#903);
#566=LINE('',#4013,#904);
#567=LINE('',#4015,#905);
#568=LINE('',#4016,#906);
#569=LINE('',#4019,#907);
#570=LINE('',#4021,#908);
#571=LINE('',#4022,#909);
#572=LINE('',#4025,#910);
#573=LINE('',#4027,#911);
#574=LINE('',#4028,#912);
#575=LINE('',#4030,#913);
#576=LINE('',#4031,#914);
#577=LINE('',#4036,#915);
#578=LINE('',#4038,#916);
#579=LINE('',#4040,#917);
#580=LINE('',#4041,#918);
#581=LINE('',#4044,#919);
#582=LINE('',#4046,#920);
#583=LINE('',#4047,#921);
#584=LINE('',#4050,#922);
#585=LINE('',#4052,#923);
#586=LINE('',#4053,#924);
#587=LINE('',#4055,#925);
#588=LINE('',#4056,#926);
#589=LINE('',#4078,#927);
#590=LINE('',#4085,#928);
#591=LINE('',#4109,#929);
#592=LINE('',#4134,#930);
#593=LINE('',#4159,#931);
#594=LINE('',#4183,#932);
#595=LINE('',#4204,#933);
#596=LINE('',#4211,#934);
#597=LINE('',#4236,#935);
#598=LINE('',#4261,#936);
#599=LINE('',#4286,#937);
#600=LINE('',#4311,#938);
#601=LINE('',#4332,#939);
#602=LINE('',#4339,#940);
#603=LINE('',#4363,#941);
#604=LINE('',#4388,#942);
#605=LINE('',#4413,#943);
#606=LINE('',#4438,#944);
#607=LINE('',#4463,#945);
#608=LINE('',#4488,#946);
#609=LINE('',#4513,#947);
#610=LINE('',#4538,#948);
#611=LINE('',#4563,#949);
#612=LINE('',#4588,#950);
#613=LINE('',#4613,#951);
#614=LINE('',#4616,#952);
#615=LINE('',#4618,#953);
#616=LINE('',#4619,#954);
#617=LINE('',#4643,#955);
#618=LINE('',#4690,#956);
#619=LINE('',#4715,#957);
#620=LINE('',#4718,#958);
#621=LINE('',#4720,#959);
#622=LINE('',#4721,#960);
#623=LINE('',#4745,#961);
#624=LINE('',#4792,#962);
#625=LINE('',#4817,#963);
#626=LINE('',#4842,#964);
#627=LINE('',#4867,#965);
#628=LINE('',#4892,#966);
#629=LINE('',#4917,#967);
#630=LINE('',#4942,#968);
#631=LINE('',#4967,#969);
#632=LINE('',#4992,#970);
#633=LINE('',#5018,#971);
#634=LINE('',#5020,#972);
#635=LINE('',#5022,#973);
#636=LINE('',#5023,#974);
#637=LINE('',#5026,#975);
#638=LINE('',#5028,#976);
#639=LINE('',#5029,#977);
#640=LINE('',#5032,#978);
#641=LINE('',#5034,#979);
#642=LINE('',#5035,#980);
#643=LINE('',#5038,#981);
#644=LINE('',#5040,#982);
#645=LINE('',#5041,#983);
#646=LINE('',#5044,#984);
#647=LINE('',#5046,#985);
#648=LINE('',#5047,#986);
#649=LINE('',#5050,#987);
#650=LINE('',#5052,#988);
#651=LINE('',#5053,#989);
#652=LINE('',#5055,#990);
#653=LINE('',#5056,#991);
#654=LINE('',#5061,#992);
#655=LINE('',#5063,#993);
#656=LINE('',#5065,#994);
#657=LINE('',#5066,#995);
#658=LINE('',#5069,#996);
#659=LINE('',#5071,#997);
#660=LINE('',#5072,#998);
#661=LINE('',#5075,#999);
#662=LINE('',#5077,#1000);
#663=LINE('',#5078,#1001);
#664=LINE('',#5081,#1002);
#665=LINE('',#5083,#1003);
#666=LINE('',#5084,#1004);
#667=LINE('',#5087,#1005);
#668=LINE('',#5089,#1006);
#669=LINE('',#5090,#1007);
#670=LINE('',#5093,#1008);
#671=LINE('',#5095,#1009);
#672=LINE('',#5096,#1010);
#673=LINE('',#5099,#1011);
#674=LINE('',#5101,#1012);
#675=LINE('',#5102,#1013);
#676=LINE('',#5105,#1014);
#677=LINE('',#5107,#1015);
#678=LINE('',#5108,#1016);
#679=LINE('',#5111,#1017);
#680=LINE('',#5113,#1018);
#681=LINE('',#5114,#1019);
#682=LINE('',#5117,#1020);
#683=LINE('',#5119,#1021);
#684=LINE('',#5120,#1022);
#685=LINE('',#5123,#1023);
#686=LINE('',#5125,#1024);
#687=LINE('',#5126,#1025);
#688=LINE('',#5129,#1026);
#689=LINE('',#5131,#1027);
#690=LINE('',#5132,#1028);
#691=LINE('',#5135,#1029);
#692=LINE('',#5137,#1030);
#693=LINE('',#5138,#1031);
#694=LINE('',#5141,#1032);
#695=LINE('',#5143,#1033);
#696=LINE('',#5144,#1034);
#697=LINE('',#5147,#1035);
#698=LINE('',#5149,#1036);
#699=LINE('',#5150,#1037);
#700=LINE('',#5153,#1038);
#701=LINE('',#5155,#1039);
#702=LINE('',#5156,#1040);
#703=LINE('',#5159,#1041);
#704=LINE('',#5161,#1042);
#705=LINE('',#5162,#1043);
#706=LINE('',#5164,#1044);
#707=LINE('',#5165,#1045);
#708=LINE('',#5172,#1046);
#709=LINE('',#5174,#1047);
#710=LINE('',#5176,#1048);
#711=LINE('',#5177,#1049);
#712=LINE('',#5180,#1050);
#713=LINE('',#5182,#1051);
#714=LINE('',#5183,#1052);
#715=LINE('',#5186,#1053);
#716=LINE('',#5188,#1054);
#717=LINE('',#5189,#1055);
#718=LINE('',#5191,#1056);
#719=LINE('',#5192,#1057);
#720=LINE('',#5196,#1058);
#721=LINE('',#5198,#1059);
#722=LINE('',#5200,#1060);
#723=LINE('',#5201,#1061);
#724=LINE('',#5205,#1062);
#725=LINE('',#5207,#1063);
#726=LINE('',#5208,#1064);
#727=LINE('',#5211,#1065);
#728=LINE('',#5212,#1066);
#729=LINE('',#5216,#1067);
#730=LINE('',#5218,#1068);
#731=LINE('',#5220,#1069);
#732=LINE('',#5221,#1070);
#733=LINE('',#5224,#1071);
#734=LINE('',#5226,#1072);
#735=LINE('',#5227,#1073);
#736=LINE('',#5230,#1074);
#737=LINE('',#5232,#1075);
#738=LINE('',#5233,#1076);
#739=LINE('',#5235,#1077);
#740=LINE('',#5236,#1078);
#741=LINE('',#5240,#1079);
#742=LINE('',#5242,#1080);
#743=LINE('',#5244,#1081);
#744=LINE('',#5245,#1082);
#745=LINE('',#5249,#1083);
#746=LINE('',#5251,#1084);
#747=LINE('',#5252,#1085);
#748=LINE('',#5255,#1086);
#749=LINE('',#5256,#1087);
#750=LINE('',#5262,#1088);
#751=LINE('',#5265,#1089);
#752=LINE('',#5268,#1090);
#753=LINE('',#5272,#1091);
#754=LINE('',#5274,#1092);
#755=LINE('',#5276,#1093);
#756=LINE('',#5278,#1094);
#757=LINE('',#5279,#1095);
#758=LINE('',#5282,#1096);
#759=LINE('',#5284,#1097);
#760=LINE('',#5286,#1098);
#761=LINE('',#5288,#1099);
#762=LINE('',#5292,#1100);
#763=LINE('',#5294,#1101);
#764=LINE('',#5296,#1102);
#765=LINE('',#5297,#1103);
#766=LINE('',#5303,#1104);
#767=LINE('',#5306,#1105);
#768=LINE('',#5308,#1106);
#769=LINE('',#5309,#1107);
#770=LINE('',#5314,#1108);
#771=LINE('',#5318,#1109);
#772=LINE('',#5322,#1110);
#773=LINE('',#5326,#1111);
#774=LINE('',#5332,#1112);
#775=LINE('',#5333,#1113);
#776=LINE('',#5336,#1114);
#777=LINE('',#5337,#1115);
#778=LINE('',#5342,#1116);
#779=LINE('',#5343,#1117);
#780=LINE('',#5345,#1118);
#781=LINE('',#5346,#1119);
#782=LINE('',#5350,#1120);
#783=LINE('',#5352,#1121);
#784=LINE('',#5353,#1122);
#785=LINE('',#5354,#1123);
#786=LINE('',#5356,#1124);
#787=LINE('',#5358,#1125);
#788=LINE('',#5359,#1126);
#789=LINE('',#5361,#1127);
#790=LINE('',#5362,#1128);
#791=LINE('',#5364,#1129);
#792=LINE('',#5365,#1130);
#793=LINE('',#5370,#1131);
#794=LINE('',#5374,#1132);
#795=LINE('',#5378,#1133);
#796=LINE('',#5381,#1134);
#797=LINE('',#5384,#1135);
#798=LINE('',#5385,#1136);
#799=LINE('',#5387,#1137);
#800=LINE('',#5390,#1138);
#801=LINE('',#5392,#1139);
#802=LINE('',#5393,#1140);
#803=LINE('',#5396,#1141);
#804=LINE('',#5397,#1142);
#805=LINE('',#5400,#1143);
#806=LINE('',#5401,#1144);
#807=LINE('',#5403,#1145);
#808=LINE('',#5407,#1146);
#809=LINE('',#5409,#1147);
#810=LINE('',#5410,#1148);
#811=LINE('',#5413,#1149);
#812=LINE('',#5414,#1150);
#813=LINE('',#5417,#1151);
#814=LINE('',#5418,#1152);
#815=LINE('',#5420,#1153);
#816=LINE('',#5423,#1154);
#817=LINE('',#5426,#1155);
#818=LINE('',#5431,#1156);
#819=LINE('',#5433,#1157);
#820=LINE('',#5434,#1158);
#821=LINE('',#5437,#1159);
#822=LINE('',#5441,#1160);
#823=LINE('',#5442,#1161);
#824=LINE('',#5445,#1162);
#825=LINE('',#5450,#1163);
#826=LINE('',#5452,#1164);
#827=LINE('',#5454,#1165);
#828=LINE('',#5455,#1166);
#829=LINE('',#5460,#1167);
#830=LINE('',#5464,#1168);
#831=LINE('',#5466,#1169);
#832=LINE('',#5467,#1170);
#833=LINE('',#5472,#1171);
#834=LINE('',#5476,#1172);
#835=LINE('',#5478,#1173);
#836=LINE('',#5479,#1174);
#837=LINE('',#5485,#1175);
#838=LINE('',#5488,#1176);
#839=LINE('',#5490,#1177);
#840=LINE('',#5491,#1178);
#841=LINE('',#5497,#1179);
#842=LINE('',#5501,#1180);
#843=LINE('',#5506,#1181);
#844=LINE('',#5507,#1182);
#845=LINE('',#5508,#1183);
#846=LINE('',#5512,#1184);
#847=LINE('',#5515,#1185);
#848=LINE('',#5516,#1186);
#849=LINE('',#5520,#1187);
#850=LINE('',#5523,#1188);
#851=LINE('',#5524,#1189);
#852=LINE('',#5528,#1190);
#853=LINE('',#5531,#1191);
#854=LINE('',#5532,#1192);
#855=LINE('',#5536,#1193);
#856=LINE('',#5538,#1194);
#857=LINE('',#5540,#1195);
#858=LINE('',#5545,#1196);
#859=LINE('',#5547,#1197);
#860=LINE('',#5549,#1198);
#861=LINE('',#5550,#1199);
#862=LINE('',#5553,#1200);
#863=LINE('',#5555,#1201);
#864=LINE('',#5556,#1202);
#865=LINE('',#5559,#1203);
#866=LINE('',#5561,#1204);
#867=LINE('',#5562,#1205);
#868=LINE('',#5565,#1206);
#869=LINE('',#5567,#1207);
#870=LINE('',#5568,#1208);
#871=LINE('',#5571,#1209);
#872=LINE('',#5573,#1210);
#873=LINE('',#5574,#1211);
#874=LINE('',#5577,#1212);
#875=LINE('',#5579,#1213);
#876=LINE('',#5580,#1214);
#877=LINE('',#5583,#1215);
#878=LINE('',#5585,#1216);
#879=LINE('',#5586,#1217);
#880=LINE('',#5588,#1218);
#881=LINE('',#5589,#1219);
#882=VECTOR('',#3305,10.);
#883=VECTOR('',#3306,10.);
#884=VECTOR('',#3307,10.);
#885=VECTOR('',#3308,10.);
#886=VECTOR('',#3311,10.);
#887=VECTOR('',#3312,10.);
#888=VECTOR('',#3313,10.);
#889=VECTOR('',#3316,10.);
#890=VECTOR('',#3317,10.);
#891=VECTOR('',#3318,10.);
#892=VECTOR('',#3321,10.);
#893=VECTOR('',#3322,10.);
#894=VECTOR('',#3323,10.);
#895=VECTOR('',#3326,10.);
#896=VECTOR('',#3327,10.);
#897=VECTOR('',#3328,10.);
#898=VECTOR('',#3331,10.);
#899=VECTOR('',#3332,10.);
#900=VECTOR('',#3333,10.);
#901=VECTOR('',#3336,10.);
#902=VECTOR('',#3337,10.);
#903=VECTOR('',#3338,10.);
#904=VECTOR('',#3341,10.);
#905=VECTOR('',#3342,10.);
#906=VECTOR('',#3343,10.);
#907=VECTOR('',#3346,10.);
#908=VECTOR('',#3347,10.);
#909=VECTOR('',#3348,10.);
#910=VECTOR('',#3351,10.);
#911=VECTOR('',#3352,10.);
#912=VECTOR('',#3353,10.);
#913=VECTOR('',#3356,10.);
#914=VECTOR('',#3357,10.);
#915=VECTOR('',#3362,10.);
#916=VECTOR('',#3363,10.);
#917=VECTOR('',#3364,10.);
#918=VECTOR('',#3365,10.);
#919=VECTOR('',#3368,10.);
#920=VECTOR('',#3369,10.);
#921=VECTOR('',#3370,10.);
#922=VECTOR('',#3373,10.);
#923=VECTOR('',#3374,10.);
#924=VECTOR('',#3375,10.);
#925=VECTOR('',#3378,10.);
#926=VECTOR('',#3379,10.);
#927=VECTOR('',#3382,10.);
#928=VECTOR('',#3383,10.);
#929=VECTOR('',#3384,10.);
#930=VECTOR('',#3385,10.);
#931=VECTOR('',#3386,10.);
#932=VECTOR('',#3387,10.);
#933=VECTOR('',#3388,10.);
#934=VECTOR('',#3389,10.);
#935=VECTOR('',#3390,10.);
#936=VECTOR('',#3391,10.);
#937=VECTOR('',#3392,10.);
#938=VECTOR('',#3393,10.);
#939=VECTOR('',#3394,10.);
#940=VECTOR('',#3395,10.);
#941=VECTOR('',#3396,10.);
#942=VECTOR('',#3397,10.);
#943=VECTOR('',#3398,10.);
#944=VECTOR('',#3399,10.);
#945=VECTOR('',#3400,10.);
#946=VECTOR('',#3401,10.);
#947=VECTOR('',#3402,10.);
#948=VECTOR('',#3403,10.);
#949=VECTOR('',#3404,10.);
#950=VECTOR('',#3405,10.);
#951=VECTOR('',#3406,10.);
#952=VECTOR('',#3409,10.);
#953=VECTOR('',#3410,10.);
#954=VECTOR('',#3411,10.);
#955=VECTOR('',#3412,10.);
#956=VECTOR('',#3413,10.);
#957=VECTOR('',#3414,10.);
#958=VECTOR('',#3417,10.);
#959=VECTOR('',#3418,10.);
#960=VECTOR('',#3419,10.);
#961=VECTOR('',#3420,10.);
#962=VECTOR('',#3421,10.);
#963=VECTOR('',#3422,10.);
#964=VECTOR('',#3423,10.);
#965=VECTOR('',#3424,10.);
#966=VECTOR('',#3425,10.);
#967=VECTOR('',#3426,10.);
#968=VECTOR('',#3427,10.);
#969=VECTOR('',#3428,10.);
#970=VECTOR('',#3429,10.);
#971=VECTOR('',#3434,10.);
#972=VECTOR('',#3435,10.);
#973=VECTOR('',#3436,10.);
#974=VECTOR('',#3437,10.);
#975=VECTOR('',#3440,10.);
#976=VECTOR('',#3441,10.);
#977=VECTOR('',#3442,10.);
#978=VECTOR('',#3445,10.);
#979=VECTOR('',#3446,10.);
#980=VECTOR('',#3447,10.);
#981=VECTOR('',#3450,10.);
#982=VECTOR('',#3451,10.);
#983=VECTOR('',#3452,10.);
#984=VECTOR('',#3455,10.);
#985=VECTOR('',#3456,10.);
#986=VECTOR('',#3457,10.);
#987=VECTOR('',#3460,10.);
#988=VECTOR('',#3461,10.);
#989=VECTOR('',#3462,10.);
#990=VECTOR('',#3465,10.);
#991=VECTOR('',#3466,10.);
#992=VECTOR('',#3471,10.);
#993=VECTOR('',#3472,10.);
#994=VECTOR('',#3473,10.);
#995=VECTOR('',#3474,10.);
#996=VECTOR('',#3477,10.);
#997=VECTOR('',#3478,10.);
#998=VECTOR('',#3479,10.);
#999=VECTOR('',#3482,10.);
#1000=VECTOR('',#3483,10.);
#1001=VECTOR('',#3484,10.);
#1002=VECTOR('',#3487,10.);
#1003=VECTOR('',#3488,10.);
#1004=VECTOR('',#3489,10.);
#1005=VECTOR('',#3492,10.);
#1006=VECTOR('',#3493,10.);
#1007=VECTOR('',#3494,10.);
#1008=VECTOR('',#3497,10.);
#1009=VECTOR('',#3498,10.);
#1010=VECTOR('',#3499,10.);
#1011=VECTOR('',#3502,10.);
#1012=VECTOR('',#3503,10.);
#1013=VECTOR('',#3504,10.);
#1014=VECTOR('',#3507,10.);
#1015=VECTOR('',#3508,10.);
#1016=VECTOR('',#3509,10.);
#1017=VECTOR('',#3512,10.);
#1018=VECTOR('',#3513,10.);
#1019=VECTOR('',#3514,10.);
#1020=VECTOR('',#3517,10.);
#1021=VECTOR('',#3518,10.);
#1022=VECTOR('',#3519,10.);
#1023=VECTOR('',#3522,10.);
#1024=VECTOR('',#3523,10.);
#1025=VECTOR('',#3524,10.);
#1026=VECTOR('',#3527,10.);
#1027=VECTOR('',#3528,10.);
#1028=VECTOR('',#3529,10.);
#1029=VECTOR('',#3532,10.);
#1030=VECTOR('',#3533,10.);
#1031=VECTOR('',#3534,10.);
#1032=VECTOR('',#3537,10.);
#1033=VECTOR('',#3538,10.);
#1034=VECTOR('',#3539,10.);
#1035=VECTOR('',#3542,10.);
#1036=VECTOR('',#3543,10.);
#1037=VECTOR('',#3544,10.);
#1038=VECTOR('',#3547,10.);
#1039=VECTOR('',#3548,10.);
#1040=VECTOR('',#3549,10.);
#1041=VECTOR('',#3552,10.);
#1042=VECTOR('',#3553,10.);
#1043=VECTOR('',#3554,10.);
#1044=VECTOR('',#3557,10.);
#1045=VECTOR('',#3558,10.);
#1046=VECTOR('',#3567,10.);
#1047=VECTOR('',#3568,10.);
#1048=VECTOR('',#3569,10.);
#1049=VECTOR('',#3570,10.);
#1050=VECTOR('',#3573,10.);
#1051=VECTOR('',#3574,10.);
#1052=VECTOR('',#3575,10.);
#1053=VECTOR('',#3578,10.);
#1054=VECTOR('',#3579,10.);
#1055=VECTOR('',#3580,10.);
#1056=VECTOR('',#3583,10.);
#1057=VECTOR('',#3584,10.);
#1058=VECTOR('',#3587,10.);
#1059=VECTOR('',#3588,10.);
#1060=VECTOR('',#3589,10.);
#1061=VECTOR('',#3590,10.);
#1062=VECTOR('',#3595,10.);
#1063=VECTOR('',#3596,10.);
#1064=VECTOR('',#3597,10.);
#1065=VECTOR('',#3600,10.);
#1066=VECTOR('',#3601,10.);
#1067=VECTOR('',#3604,10.);
#1068=VECTOR('',#3605,10.);
#1069=VECTOR('',#3606,10.);
#1070=VECTOR('',#3607,10.);
#1071=VECTOR('',#3610,10.);
#1072=VECTOR('',#3611,10.);
#1073=VECTOR('',#3612,10.);
#1074=VECTOR('',#3615,10.);
#1075=VECTOR('',#3616,10.);
#1076=VECTOR('',#3617,10.);
#1077=VECTOR('',#3620,10.);
#1078=VECTOR('',#3621,10.);
#1079=VECTOR('',#3624,10.);
#1080=VECTOR('',#3625,10.);
#1081=VECTOR('',#3626,10.);
#1082=VECTOR('',#3627,10.);
#1083=VECTOR('',#3632,10.);
#1084=VECTOR('',#3633,10.);
#1085=VECTOR('',#3634,10.);
#1086=VECTOR('',#3637,10.);
#1087=VECTOR('',#3638,10.);
#1088=VECTOR('',#3643,10.);
#1089=VECTOR('',#3646,10.);
#1090=VECTOR('',#3649,10.);
#1091=VECTOR('',#3652,10.);
#1092=VECTOR('',#3653,10.);
#1093=VECTOR('',#3654,10.);
#1094=VECTOR('',#3655,10.);
#1095=VECTOR('',#3656,10.);
#1096=VECTOR('',#3659,10.);
#1097=VECTOR('',#3660,10.);
#1098=VECTOR('',#3661,10.);
#1099=VECTOR('',#3662,10.);
#1100=VECTOR('',#3665,10.);
#1101=VECTOR('',#3666,10.);
#1102=VECTOR('',#3667,10.);
#1103=VECTOR('',#3668,10.);
#1104=VECTOR('',#3675,10.);
#1105=VECTOR('',#3678,10.);
#1106=VECTOR('',#3679,10.);
#1107=VECTOR('',#3680,10.);
#1108=VECTOR('',#3685,10.);
#1109=VECTOR('',#3688,10.);
#1110=VECTOR('',#3691,10.);
#1111=VECTOR('',#3694,10.);
#1112=VECTOR('',#3701,10.);
#1113=VECTOR('',#3702,10.);
#1114=VECTOR('',#3705,10.);
#1115=VECTOR('',#3706,10.);
#1116=VECTOR('',#3713,10.);
#1117=VECTOR('',#3714,10.);
#1118=VECTOR('',#3715,10.);
#1119=VECTOR('',#3716,10.);
#1120=VECTOR('',#3719,10.);
#1121=VECTOR('',#3720,10.);
#1122=VECTOR('',#3721,10.);
#1123=VECTOR('',#3722,10.);
#1124=VECTOR('',#3725,10.);
#1125=VECTOR('',#3726,10.);
#1126=VECTOR('',#3727,10.);
#1127=VECTOR('',#3728,10.);
#1128=VECTOR('',#3729,10.);
#1129=VECTOR('',#3730,10.);
#1130=VECTOR('',#3731,10.);
#1131=VECTOR('',#3734,10.);
#1132=VECTOR('',#3737,10.);
#1133=VECTOR('',#3740,10.);
#1134=VECTOR('',#3743,10.);
#1135=VECTOR('',#3746,10.);
#1136=VECTOR('',#3747,10.);
#1137=VECTOR('',#3750,10.);
#1138=VECTOR('',#3753,10.);
#1139=VECTOR('',#3754,10.);
#1140=VECTOR('',#3755,10.);
#1141=VECTOR('',#3758,10.);
#1142=VECTOR('',#3759,10.);
#1143=VECTOR('',#3762,10.);
#1144=VECTOR('',#3763,10.);
#1145=VECTOR('',#3766,10.);
#1146=VECTOR('',#3771,10.);
#1147=VECTOR('',#3772,10.);
#1148=VECTOR('',#3773,10.);
#1149=VECTOR('',#3776,10.);
#1150=VECTOR('',#3777,10.);
#1151=VECTOR('',#3780,10.);
#1152=VECTOR('',#3781,10.);
#1153=VECTOR('',#3784,10.);
#1154=VECTOR('',#3789,10.);
#1155=VECTOR('',#3794,10.);
#1156=VECTOR('',#3801,10.);
#1157=VECTOR('',#3802,10.);
#1158=VECTOR('',#3803,10.);
#1159=VECTOR('',#3806,10.);
#1160=VECTOR('',#3811,10.);
#1161=VECTOR('',#3812,10.);
#1162=VECTOR('',#3815,10.);
#1163=VECTOR('',#3820,10.);
#1164=VECTOR('',#3821,10.);
#1165=VECTOR('',#3822,10.);
#1166=VECTOR('',#3823,10.);
#1167=VECTOR('',#3828,10.);
#1168=VECTOR('',#3833,10.);
#1169=VECTOR('',#3834,10.);
#1170=VECTOR('',#3835,10.);
#1171=VECTOR('',#3840,10.);
#1172=VECTOR('',#3845,10.);
#1173=VECTOR('',#3846,10.);
#1174=VECTOR('',#3847,10.);
#1175=VECTOR('',#3854,10.);
#1176=VECTOR('',#3857,10.);
#1177=VECTOR('',#3858,10.);
#1178=VECTOR('',#3859,10.);
#1179=VECTOR('',#3868,10.);
#1180=VECTOR('',#3871,10.);
#1181=VECTOR('',#3876,10.);
#1182=VECTOR('',#3877,10.);
#1183=VECTOR('',#3878,10.);
#1184=VECTOR('',#3883,10.);
#1185=VECTOR('',#3886,10.);
#1186=VECTOR('',#3887,10.);
#1187=VECTOR('',#3892,10.);
#1188=VECTOR('',#3895,10.);
#1189=VECTOR('',#3896,10.);
#1190=VECTOR('',#3901,10.);
#1191=VECTOR('',#3904,10.);
#1192=VECTOR('',#3905,10.);
#1193=VECTOR('',#3912,10.);
#1194=VECTOR('',#3915,10.);
#1195=VECTOR('',#3918,10.);
#1196=VECTOR('',#3923,10.);
#1197=VECTOR('',#3924,10.);
#1198=VECTOR('',#3925,10.);
#1199=VECTOR('',#3926,10.);
#1200=VECTOR('',#3929,10.);
#1201=VECTOR('',#3930,10.);
#1202=VECTOR('',#3931,10.);
#1203=VECTOR('',#3934,10.);
#1204=VECTOR('',#3935,10.);
#1205=VECTOR('',#3936,10.);
#1206=VECTOR('',#3939,10.);
#1207=VECTOR('',#3940,10.);
#1208=VECTOR('',#3941,10.);
#1209=VECTOR('',#3944,10.);
#1210=VECTOR('',#3945,10.);
#1211=VECTOR('',#3946,10.);
#1212=VECTOR('',#3949,10.);
#1213=VECTOR('',#3950,10.);
#1214=VECTOR('',#3951,10.);
#1215=VECTOR('',#3954,10.);
#1216=VECTOR('',#3955,10.);
#1217=VECTOR('',#3956,10.);
#1218=VECTOR('',#3959,10.);
#1219=VECTOR('',#3960,10.);
#1220=VERTEX_POINT('',#3967);
#1221=VERTEX_POINT('',#3968);
#1222=VERTEX_POINT('',#3970);
#1223=VERTEX_POINT('',#3972);
#1224=VERTEX_POINT('',#3976);
#1225=VERTEX_POINT('',#3978);
#1226=VERTEX_POINT('',#3982);
#1227=VERTEX_POINT('',#3984);
#1228=VERTEX_POINT('',#3988);
#1229=VERTEX_POINT('',#3990);
#1230=VERTEX_POINT('',#3994);
#1231=VERTEX_POINT('',#3996);
#1232=VERTEX_POINT('',#4000);
#1233=VERTEX_POINT('',#4002);
#1234=VERTEX_POINT('',#4006);
#1235=VERTEX_POINT('',#4008);
#1236=VERTEX_POINT('',#4012);
#1237=VERTEX_POINT('',#4014);
#1238=VERTEX_POINT('',#4018);
#1239=VERTEX_POINT('',#4020);
#1240=VERTEX_POINT('',#4024);
#1241=VERTEX_POINT('',#4026);
#1242=VERTEX_POINT('',#4034);
#1243=VERTEX_POINT('',#4035);
#1244=VERTEX_POINT('',#4037);
#1245=VERTEX_POINT('',#4039);
#1246=VERTEX_POINT('',#4043);
#1247=VERTEX_POINT('',#4045);
#1248=VERTEX_POINT('',#4049);
#1249=VERTEX_POINT('',#4051);
#1250=VERTEX_POINT('',#4068);
#1251=VERTEX_POINT('',#4069);
#1252=VERTEX_POINT('',#4077);
#1253=VERTEX_POINT('',#4079);
#1254=VERTEX_POINT('',#4096);
#1255=VERTEX_POINT('',#4103);
#1256=VERTEX_POINT('',#4120);
#1257=VERTEX_POINT('',#4128);
#1258=VERTEX_POINT('',#4145);
#1259=VERTEX_POINT('',#4153);
#1260=VERTEX_POINT('',#4170);
#1261=VERTEX_POINT('',#4177);
#1262=VERTEX_POINT('',#4194);
#1263=VERTEX_POINT('',#4195);
#1264=VERTEX_POINT('',#4203);
#1265=VERTEX_POINT('',#4205);
#1266=VERTEX_POINT('',#4222);
#1267=VERTEX_POINT('',#4230);
#1268=VERTEX_POINT('',#4247);
#1269=VERTEX_POINT('',#4255);
#1270=VERTEX_POINT('',#4272);
#1271=VERTEX_POINT('',#4280);
#1272=VERTEX_POINT('',#4297);
#1273=VERTEX_POINT('',#4305);
#1274=VERTEX_POINT('',#4322);
#1275=VERTEX_POINT('',#4323);
#1276=VERTEX_POINT('',#4331);
#1277=VERTEX_POINT('',#4333);
#1278=VERTEX_POINT('',#4350);
#1279=VERTEX_POINT('',#4357);
#1280=VERTEX_POINT('',#4374);
#1281=VERTEX_POINT('',#4382);
#1282=VERTEX_POINT('',#4399);
#1283=VERTEX_POINT('',#4407);
#1284=VERTEX_POINT('',#4424);
#1285=VERTEX_POINT('',#4432);
#1286=VERTEX_POINT('',#4449);
#1287=VERTEX_POINT('',#4457);
#1288=VERTEX_POINT('',#4474);
#1289=VERTEX_POINT('',#4482);
#1290=VERTEX_POINT('',#4499);
#1291=VERTEX_POINT('',#4507);
#1292=VERTEX_POINT('',#4524);
#1293=VERTEX_POINT('',#4532);
#1294=VERTEX_POINT('',#4549);
#1295=VERTEX_POINT('',#4557);
#1296=VERTEX_POINT('',#4574);
#1297=VERTEX_POINT('',#4582);
#1298=VERTEX_POINT('',#4599);
#1299=VERTEX_POINT('',#4607);
#1300=VERTEX_POINT('',#4615);
#1301=VERTEX_POINT('',#4617);
#1302=VERTEX_POINT('',#4630);
#1303=VERTEX_POINT('',#4637);
#1304=VERTEX_POINT('',#4676);
#1305=VERTEX_POINT('',#4684);
#1306=VERTEX_POINT('',#4701);
#1307=VERTEX_POINT('',#4709);
#1308=VERTEX_POINT('',#4717);
#1309=VERTEX_POINT('',#4719);
#1310=VERTEX_POINT('',#4732);
#1311=VERTEX_POINT('',#4739);
#1312=VERTEX_POINT('',#4778);
#1313=VERTEX_POINT('',#4786);
#1314=VERTEX_POINT('',#4803);
#1315=VERTEX_POINT('',#4811);
#1316=VERTEX_POINT('',#4828);
#1317=VERTEX_POINT('',#4836);
#1318=VERTEX_POINT('',#4853);
#1319=VERTEX_POINT('',#4861);
#1320=VERTEX_POINT('',#4878);
#1321=VERTEX_POINT('',#4886);
#1322=VERTEX_POINT('',#4903);
#1323=VERTEX_POINT('',#4911);
#1324=VERTEX_POINT('',#4928);
#1325=VERTEX_POINT('',#4936);
#1326=VERTEX_POINT('',#4953);
#1327=VERTEX_POINT('',#4961);
#1328=VERTEX_POINT('',#4978);
#1329=VERTEX_POINT('',#4986);
#1330=VERTEX_POINT('',#5016);
#1331=VERTEX_POINT('',#5017);
#1332=VERTEX_POINT('',#5019);
#1333=VERTEX_POINT('',#5021);
#1334=VERTEX_POINT('',#5025);
#1335=VERTEX_POINT('',#5027);
#1336=VERTEX_POINT('',#5031);
#1337=VERTEX_POINT('',#5033);
#1338=VERTEX_POINT('',#5037);
#1339=VERTEX_POINT('',#5039);
#1340=VERTEX_POINT('',#5043);
#1341=VERTEX_POINT('',#5045);
#1342=VERTEX_POINT('',#5049);
#1343=VERTEX_POINT('',#5051);
#1344=VERTEX_POINT('',#5059);
#1345=VERTEX_POINT('',#5060);
#1346=VERTEX_POINT('',#5062);
#1347=VERTEX_POINT('',#5064);
#1348=VERTEX_POINT('',#5068);
#1349=VERTEX_POINT('',#5070);
#1350=VERTEX_POINT('',#5074);
#1351=VERTEX_POINT('',#5076);
#1352=VERTEX_POINT('',#5080);
#1353=VERTEX_POINT('',#5082);
#1354=VERTEX_POINT('',#5086);
#1355=VERTEX_POINT('',#5088);
#1356=VERTEX_POINT('',#5092);
#1357=VERTEX_POINT('',#5094);
#1358=VERTEX_POINT('',#5098);
#1359=VERTEX_POINT('',#5100);
#1360=VERTEX_POINT('',#5104);
#1361=VERTEX_POINT('',#5106);
#1362=VERTEX_POINT('',#5110);
#1363=VERTEX_POINT('',#5112);
#1364=VERTEX_POINT('',#5116);
#1365=VERTEX_POINT('',#5118);
#1366=VERTEX_POINT('',#5122);
#1367=VERTEX_POINT('',#5124);
#1368=VERTEX_POINT('',#5128);
#1369=VERTEX_POINT('',#5130);
#1370=VERTEX_POINT('',#5134);
#1371=VERTEX_POINT('',#5136);
#1372=VERTEX_POINT('',#5140);
#1373=VERTEX_POINT('',#5142);
#1374=VERTEX_POINT('',#5146);
#1375=VERTEX_POINT('',#5148);
#1376=VERTEX_POINT('',#5152);
#1377=VERTEX_POINT('',#5154);
#1378=VERTEX_POINT('',#5158);
#1379=VERTEX_POINT('',#5160);
#1380=VERTEX_POINT('',#5170);
#1381=VERTEX_POINT('',#5171);
#1382=VERTEX_POINT('',#5173);
#1383=VERTEX_POINT('',#5175);
#1384=VERTEX_POINT('',#5179);
#1385=VERTEX_POINT('',#5181);
#1386=VERTEX_POINT('',#5185);
#1387=VERTEX_POINT('',#5187);
#1388=VERTEX_POINT('',#5194);
#1389=VERTEX_POINT('',#5195);
#1390=VERTEX_POINT('',#5197);
#1391=VERTEX_POINT('',#5199);
#1392=VERTEX_POINT('',#5204);
#1393=VERTEX_POINT('',#5206);
#1394=VERTEX_POINT('',#5210);
#1395=VERTEX_POINT('',#5214);
#1396=VERTEX_POINT('',#5215);
#1397=VERTEX_POINT('',#5217);
#1398=VERTEX_POINT('',#5219);
#1399=VERTEX_POINT('',#5223);
#1400=VERTEX_POINT('',#5225);
#1401=VERTEX_POINT('',#5229);
#1402=VERTEX_POINT('',#5231);
#1403=VERTEX_POINT('',#5238);
#1404=VERTEX_POINT('',#5239);
#1405=VERTEX_POINT('',#5241);
#1406=VERTEX_POINT('',#5243);
#1407=VERTEX_POINT('',#5248);
#1408=VERTEX_POINT('',#5250);
#1409=VERTEX_POINT('',#5254);
#1410=VERTEX_POINT('',#5258);
#1411=VERTEX_POINT('',#5259);
#1412=VERTEX_POINT('',#5261);
#1413=VERTEX_POINT('',#5263);
#1414=VERTEX_POINT('',#5267);
#1415=VERTEX_POINT('',#5269);
#1416=VERTEX_POINT('',#5271);
#1417=VERTEX_POINT('',#5273);
#1418=VERTEX_POINT('',#5275);
#1419=VERTEX_POINT('',#5277);
#1420=VERTEX_POINT('',#5281);
#1421=VERTEX_POINT('',#5283);
#1422=VERTEX_POINT('',#5285);
#1423=VERTEX_POINT('',#5287);
#1424=VERTEX_POINT('',#5290);
#1425=VERTEX_POINT('',#5291);
#1426=VERTEX_POINT('',#5293);
#1427=VERTEX_POINT('',#5295);
#1428=VERTEX_POINT('',#5299);
#1429=VERTEX_POINT('',#5301);
#1430=VERTEX_POINT('',#5305);
#1431=VERTEX_POINT('',#5307);
#1432=VERTEX_POINT('',#5311);
#1433=VERTEX_POINT('',#5313);
#1434=VERTEX_POINT('',#5315);
#1435=VERTEX_POINT('',#5317);
#1436=VERTEX_POINT('',#5319);
#1437=VERTEX_POINT('',#5321);
#1438=VERTEX_POINT('',#5323);
#1439=VERTEX_POINT('',#5325);
#1440=VERTEX_POINT('',#5329);
#1441=VERTEX_POINT('',#5330);
#1442=VERTEX_POINT('',#5335);
#1443=VERTEX_POINT('',#5341);
#1444=VERTEX_POINT('',#5344);
#1445=VERTEX_POINT('',#5348);
#1446=VERTEX_POINT('',#5349);
#1447=VERTEX_POINT('',#5351);
#1448=VERTEX_POINT('',#5357);
#1449=VERTEX_POINT('',#5360);
#1450=VERTEX_POINT('',#5363);
#1451=VERTEX_POINT('',#5366);
#1452=VERTEX_POINT('',#5367);
#1453=VERTEX_POINT('',#5369);
#1454=VERTEX_POINT('',#5371);
#1455=VERTEX_POINT('',#5373);
#1456=VERTEX_POINT('',#5375);
#1457=VERTEX_POINT('',#5377);
#1458=VERTEX_POINT('',#5379);
#1459=VERTEX_POINT('',#5383);
#1460=VERTEX_POINT('',#5389);
#1461=VERTEX_POINT('',#5391);
#1462=VERTEX_POINT('',#5395);
#1463=VERTEX_POINT('',#5399);
#1464=VERTEX_POINT('',#5406);
#1465=VERTEX_POINT('',#5408);
#1466=VERTEX_POINT('',#5412);
#1467=VERTEX_POINT('',#5416);
#1468=VERTEX_POINT('',#5430);
#1469=VERTEX_POINT('',#5432);
#1470=VERTEX_POINT('',#5436);
#1471=VERTEX_POINT('',#5440);
#1472=VERTEX_POINT('',#5444);
#1473=VERTEX_POINT('',#5448);
#1474=VERTEX_POINT('',#5449);
#1475=VERTEX_POINT('',#5451);
#1476=VERTEX_POINT('',#5453);
#1477=VERTEX_POINT('',#5457);
#1478=VERTEX_POINT('',#5459);
#1479=VERTEX_POINT('',#5463);
#1480=VERTEX_POINT('',#5465);
#1481=VERTEX_POINT('',#5469);
#1482=VERTEX_POINT('',#5471);
#1483=VERTEX_POINT('',#5475);
#1484=VERTEX_POINT('',#5477);
#1485=VERTEX_POINT('',#5481);
#1486=VERTEX_POINT('',#5483);
#1487=VERTEX_POINT('',#5487);
#1488=VERTEX_POINT('',#5489);
#1489=VERTEX_POINT('',#5496);
#1490=VERTEX_POINT('',#5498);
#1491=VERTEX_POINT('',#5500);
#1492=VERTEX_POINT('',#5504);
#1493=VERTEX_POINT('',#5505);
#1494=VERTEX_POINT('',#5510);
#1495=VERTEX_POINT('',#5514);
#1496=VERTEX_POINT('',#5518);
#1497=VERTEX_POINT('',#5522);
#1498=VERTEX_POINT('',#5526);
#1499=VERTEX_POINT('',#5530);
#1500=VERTEX_POINT('',#5543);
#1501=VERTEX_POINT('',#5544);
#1502=VERTEX_POINT('',#5546);
#1503=VERTEX_POINT('',#5548);
#1504=VERTEX_POINT('',#5552);
#1505=VERTEX_POINT('',#5554);
#1506=VERTEX_POINT('',#5558);
#1507=VERTEX_POINT('',#5560);
#1508=VERTEX_POINT('',#5564);
#1509=VERTEX_POINT('',#5566);
#1510=VERTEX_POINT('',#5570);
#1511=VERTEX_POINT('',#5572);
#1512=VERTEX_POINT('',#5576);
#1513=VERTEX_POINT('',#5578);
#1514=VERTEX_POINT('',#5582);
#1515=VERTEX_POINT('',#5584);
#1516=EDGE_CURVE('',#1220,#1221,#544,.T.);
#1517=EDGE_CURVE('',#1222,#1220,#545,.T.);
#1518=EDGE_CURVE('',#1222,#1223,#546,.T.);
#1519=EDGE_CURVE('',#1223,#1221,#547,.T.);
#1520=EDGE_CURVE('',#1221,#1224,#548,.T.);
#1521=EDGE_CURVE('',#1223,#1225,#549,.T.);
#1522=EDGE_CURVE('',#1225,#1224,#550,.T.);
#1523=EDGE_CURVE('',#1224,#1226,#551,.T.);
#1524=EDGE_CURVE('',#1225,#1227,#552,.T.);
#1525=EDGE_CURVE('',#1227,#1226,#553,.T.);
#1526=EDGE_CURVE('',#1226,#1228,#554,.T.);
#1527=EDGE_CURVE('',#1227,#1229,#555,.T.);
#1528=EDGE_CURVE('',#1229,#1228,#556,.T.);
#1529=EDGE_CURVE('',#1228,#1230,#557,.T.);
#1530=EDGE_CURVE('',#1229,#1231,#558,.T.);
#1531=EDGE_CURVE('',#1231,#1230,#559,.T.);
#1532=EDGE_CURVE('',#1230,#1232,#560,.T.);
#1533=EDGE_CURVE('',#1231,#1233,#561,.T.);
#1534=EDGE_CURVE('',#1233,#1232,#562,.T.);
#1535=EDGE_CURVE('',#1232,#1234,#563,.T.);
#1536=EDGE_CURVE('',#1233,#1235,#564,.T.);
#1537=EDGE_CURVE('',#1235,#1234,#565,.T.);
#1538=EDGE_CURVE('',#1234,#1236,#566,.T.);
#1539=EDGE_CURVE('',#1235,#1237,#567,.T.);
#1540=EDGE_CURVE('',#1237,#1236,#568,.T.);
#1541=EDGE_CURVE('',#1236,#1238,#569,.T.);
#1542=EDGE_CURVE('',#1237,#1239,#570,.T.);
#1543=EDGE_CURVE('',#1239,#1238,#571,.T.);
#1544=EDGE_CURVE('',#1238,#1240,#572,.T.);
#1545=EDGE_CURVE('',#1239,#1241,#573,.T.);
#1546=EDGE_CURVE('',#1241,#1240,#574,.T.);
#1547=EDGE_CURVE('',#1240,#1220,#575,.T.);
#1548=EDGE_CURVE('',#1241,#1222,#576,.T.);
#1549=EDGE_CURVE('',#1242,#1243,#577,.T.);
#1550=EDGE_CURVE('',#1244,#1242,#578,.T.);
#1551=EDGE_CURVE('',#1244,#1245,#579,.T.);
#1552=EDGE_CURVE('',#1245,#1243,#580,.T.);
#1553=EDGE_CURVE('',#1243,#1246,#581,.T.);
#1554=EDGE_CURVE('',#1245,#1247,#582,.T.);
#1555=EDGE_CURVE('',#1247,#1246,#583,.T.);
#1556=EDGE_CURVE('',#1246,#1248,#584,.T.);
#1557=EDGE_CURVE('',#1247,#1249,#585,.T.);
#1558=EDGE_CURVE('',#1249,#1248,#586,.T.);
#1559=EDGE_CURVE('',#1248,#1242,#587,.T.);
#1560=EDGE_CURVE('',#1249,#1244,#588,.T.);
#1561=EDGE_CURVE('',#1250,#1251,#80,.T.);
#1562=EDGE_CURVE('',#1252,#1250,#589,.T.);
#1563=EDGE_CURVE('',#1252,#1253,#81,.T.);
#1564=EDGE_CURVE('',#1253,#1251,#590,.T.);
#1565=EDGE_CURVE('',#1251,#1254,#82,.T.);
#1566=EDGE_CURVE('',#1253,#1255,#83,.T.);
#1567=EDGE_CURVE('',#1255,#1254,#591,.T.);
#1568=EDGE_CURVE('',#1254,#1256,#84,.T.);
#1569=EDGE_CURVE('',#1255,#1257,#85,.T.);
#1570=EDGE_CURVE('',#1257,#1256,#592,.T.);
#1571=EDGE_CURVE('',#1256,#1258,#86,.T.);
#1572=EDGE_CURVE('',#1257,#1259,#87,.T.);
#1573=EDGE_CURVE('',#1259,#1258,#593,.T.);
#1574=EDGE_CURVE('',#1258,#1260,#88,.T.);
#1575=EDGE_CURVE('',#1259,#1261,#89,.T.);
#1576=EDGE_CURVE('',#1261,#1260,#594,.T.);
#1577=EDGE_CURVE('',#1262,#1263,#90,.T.);
#1578=EDGE_CURVE('',#1264,#1262,#595,.T.);
#1579=EDGE_CURVE('',#1264,#1265,#91,.T.);
#1580=EDGE_CURVE('',#1265,#1263,#596,.T.);
#1581=EDGE_CURVE('',#1263,#1266,#92,.T.);
#1582=EDGE_CURVE('',#1265,#1267,#93,.T.);
#1583=EDGE_CURVE('',#1267,#1266,#597,.T.);
#1584=EDGE_CURVE('',#1266,#1268,#94,.T.);
#1585=EDGE_CURVE('',#1267,#1269,#95,.T.);
#1586=EDGE_CURVE('',#1269,#1268,#598,.T.);
#1587=EDGE_CURVE('',#1268,#1270,#96,.T.);
#1588=EDGE_CURVE('',#1269,#1271,#97,.T.);
#1589=EDGE_CURVE('',#1271,#1270,#599,.T.);
#1590=EDGE_CURVE('',#1270,#1272,#98,.T.);
#1591=EDGE_CURVE('',#1271,#1273,#99,.T.);
#1592=EDGE_CURVE('',#1273,#1272,#600,.T.);
#1593=EDGE_CURVE('',#1274,#1275,#100,.T.);
#1594=EDGE_CURVE('',#1276,#1274,#601,.T.);
#1595=EDGE_CURVE('',#1276,#1277,#101,.T.);
#1596=EDGE_CURVE('',#1277,#1275,#602,.T.);
#1597=EDGE_CURVE('',#1275,#1278,#102,.T.);
#1598=EDGE_CURVE('',#1277,#1279,#103,.T.);
#1599=EDGE_CURVE('',#1279,#1278,#603,.T.);
#1600=EDGE_CURVE('',#1278,#1280,#104,.T.);
#1601=EDGE_CURVE('',#1279,#1281,#105,.T.);
#1602=EDGE_CURVE('',#1281,#1280,#604,.T.);
#1603=EDGE_CURVE('',#1280,#1282,#106,.T.);
#1604=EDGE_CURVE('',#1281,#1283,#107,.T.);
#1605=EDGE_CURVE('',#1283,#1282,#605,.T.);
#1606=EDGE_CURVE('',#1282,#1284,#108,.T.);
#1607=EDGE_CURVE('',#1283,#1285,#109,.T.);
#1608=EDGE_CURVE('',#1285,#1284,#606,.T.);
#1609=EDGE_CURVE('',#1284,#1286,#110,.T.);
#1610=EDGE_CURVE('',#1285,#1287,#111,.T.);
#1611=EDGE_CURVE('',#1287,#1286,#607,.T.);
#1612=EDGE_CURVE('',#1286,#1288,#112,.T.);
#1613=EDGE_CURVE('',#1287,#1289,#113,.T.);
#1614=EDGE_CURVE('',#1289,#1288,#608,.T.);
#1615=EDGE_CURVE('',#1288,#1290,#114,.T.);
#1616=EDGE_CURVE('',#1289,#1291,#115,.T.);
#1617=EDGE_CURVE('',#1291,#1290,#609,.T.);
#1618=EDGE_CURVE('',#1290,#1292,#116,.T.);
#1619=EDGE_CURVE('',#1291,#1293,#117,.T.);
#1620=EDGE_CURVE('',#1293,#1292,#610,.T.);
#1621=EDGE_CURVE('',#1292,#1294,#118,.T.);
#1622=EDGE_CURVE('',#1293,#1295,#119,.T.);
#1623=EDGE_CURVE('',#1295,#1294,#611,.T.);
#1624=EDGE_CURVE('',#1260,#1296,#120,.T.);
#1625=EDGE_CURVE('',#1261,#1297,#121,.T.);
#1626=EDGE_CURVE('',#1297,#1296,#612,.T.);
#1627=EDGE_CURVE('',#1296,#1298,#122,.T.);
#1628=EDGE_CURVE('',#1297,#1299,#123,.T.);
#1629=EDGE_CURVE('',#1299,#1298,#613,.T.);
#1630=EDGE_CURVE('',#1298,#1300,#614,.T.);
#1631=EDGE_CURVE('',#1299,#1301,#615,.T.);
#1632=EDGE_CURVE('',#1301,#1300,#616,.T.);
#1633=EDGE_CURVE('',#1300,#1302,#124,.T.);
#1634=EDGE_CURVE('',#1301,#1303,#125,.T.);
#1635=EDGE_CURVE('',#1303,#1302,#617,.T.);
#1636=EDGE_CURVE('',#1302,#1250,#126,.T.);
#1637=EDGE_CURVE('',#1303,#1252,#127,.T.);
#1638=EDGE_CURVE('',#1272,#1304,#128,.T.);
#1639=EDGE_CURVE('',#1273,#1305,#129,.T.);
#1640=EDGE_CURVE('',#1305,#1304,#618,.T.);
#1641=EDGE_CURVE('',#1304,#1306,#130,.T.);
#1642=EDGE_CURVE('',#1305,#1307,#131,.T.);
#1643=EDGE_CURVE('',#1307,#1306,#619,.T.);
#1644=EDGE_CURVE('',#1306,#1308,#620,.T.);
#1645=EDGE_CURVE('',#1307,#1309,#621,.T.);
#1646=EDGE_CURVE('',#1309,#1308,#622,.T.);
#1647=EDGE_CURVE('',#1308,#1310,#132,.T.);
#1648=EDGE_CURVE('',#1309,#1311,#133,.T.);
#1649=EDGE_CURVE('',#1311,#1310,#623,.T.);
#1650=EDGE_CURVE('',#1310,#1262,#134,.T.);
#1651=EDGE_CURVE('',#1311,#1264,#135,.T.);
#1652=EDGE_CURVE('',#1294,#1312,#136,.T.);
#1653=EDGE_CURVE('',#1295,#1313,#137,.T.);
#1654=EDGE_CURVE('',#1313,#1312,#624,.T.);
#1655=EDGE_CURVE('',#1312,#1314,#138,.T.);
#1656=EDGE_CURVE('',#1313,#1315,#139,.T.);
#1657=EDGE_CURVE('',#1315,#1314,#625,.T.);
#1658=EDGE_CURVE('',#1314,#1316,#140,.T.);
#1659=EDGE_CURVE('',#1315,#1317,#141,.T.);
#1660=EDGE_CURVE('',#1317,#1316,#626,.T.);
#1661=EDGE_CURVE('',#1316,#1318,#142,.T.);
#1662=EDGE_CURVE('',#1317,#1319,#143,.T.);
#1663=EDGE_CURVE('',#1319,#1318,#627,.T.);
#1664=EDGE_CURVE('',#1318,#1320,#144,.T.);
#1665=EDGE_CURVE('',#1319,#1321,#145,.T.);
#1666=EDGE_CURVE('',#1321,#1320,#628,.T.);
#1667=EDGE_CURVE('',#1320,#1322,#146,.T.);
#1668=EDGE_CURVE('',#1321,#1323,#147,.T.);
#1669=EDGE_CURVE('',#1323,#1322,#629,.T.);
#1670=EDGE_CURVE('',#1322,#1324,#148,.T.);
#1671=EDGE_CURVE('',#1323,#1325,#149,.T.);
#1672=EDGE_CURVE('',#1325,#1324,#630,.T.);
#1673=EDGE_CURVE('',#1324,#1326,#150,.T.);
#1674=EDGE_CURVE('',#1325,#1327,#151,.T.);
#1675=EDGE_CURVE('',#1327,#1326,#631,.T.);
#1676=EDGE_CURVE('',#1326,#1328,#152,.T.);
#1677=EDGE_CURVE('',#1327,#1329,#153,.T.);
#1678=EDGE_CURVE('',#1329,#1328,#632,.T.);
#1679=EDGE_CURVE('',#1328,#1274,#154,.T.);
#1680=EDGE_CURVE('',#1329,#1276,#155,.T.);
#1681=EDGE_CURVE('',#1330,#1331,#633,.T.);
#1682=EDGE_CURVE('',#1332,#1330,#634,.T.);
#1683=EDGE_CURVE('',#1332,#1333,#635,.T.);
#1684=EDGE_CURVE('',#1333,#1331,#636,.T.);
#1685=EDGE_CURVE('',#1331,#1334,#637,.T.);
#1686=EDGE_CURVE('',#1333,#1335,#638,.T.);
#1687=EDGE_CURVE('',#1335,#1334,#639,.T.);
#1688=EDGE_CURVE('',#1334,#1336,#640,.T.);
#1689=EDGE_CURVE('',#1335,#1337,#641,.T.);
#1690=EDGE_CURVE('',#1337,#1336,#642,.T.);
#1691=EDGE_CURVE('',#1336,#1338,#643,.T.);
#1692=EDGE_CURVE('',#1337,#1339,#644,.T.);
#1693=EDGE_CURVE('',#1339,#1338,#645,.T.);
#1694=EDGE_CURVE('',#1338,#1340,#646,.T.);
#1695=EDGE_CURVE('',#1339,#1341,#647,.T.);
#1696=EDGE_CURVE('',#1341,#1340,#648,.T.);
#1697=EDGE_CURVE('',#1340,#1342,#649,.T.);
#1698=EDGE_CURVE('',#1341,#1343,#650,.T.);
#1699=EDGE_CURVE('',#1343,#1342,#651,.T.);
#1700=EDGE_CURVE('',#1342,#1330,#652,.T.);
#1701=EDGE_CURVE('',#1343,#1332,#653,.T.);
#1702=EDGE_CURVE('',#1344,#1345,#654,.T.);
#1703=EDGE_CURVE('',#1346,#1344,#655,.T.);
#1704=EDGE_CURVE('',#1346,#1347,#656,.T.);
#1705=EDGE_CURVE('',#1347,#1345,#657,.T.);
#1706=EDGE_CURVE('',#1345,#1348,#658,.T.);
#1707=EDGE_CURVE('',#1347,#1349,#659,.T.);
#1708=EDGE_CURVE('',#1349,#1348,#660,.T.);
#1709=EDGE_CURVE('',#1348,#1350,#661,.T.);
#1710=EDGE_CURVE('',#1349,#1351,#662,.T.);
#1711=EDGE_CURVE('',#1351,#1350,#663,.T.);
#1712=EDGE_CURVE('',#1350,#1352,#664,.T.);
#1713=EDGE_CURVE('',#1351,#1353,#665,.T.);
#1714=EDGE_CURVE('',#1353,#1352,#666,.T.);
#1715=EDGE_CURVE('',#1352,#1354,#667,.T.);
#1716=EDGE_CURVE('',#1353,#1355,#668,.T.);
#1717=EDGE_CURVE('',#1355,#1354,#669,.T.);
#1718=EDGE_CURVE('',#1354,#1356,#670,.T.);
#1719=EDGE_CURVE('',#1355,#1357,#671,.T.);
#1720=EDGE_CURVE('',#1357,#1356,#672,.T.);
#1721=EDGE_CURVE('',#1356,#1358,#673,.T.);
#1722=EDGE_CURVE('',#1357,#1359,#674,.T.);
#1723=EDGE_CURVE('',#1359,#1358,#675,.T.);
#1724=EDGE_CURVE('',#1358,#1360,#676,.T.);
#1725=EDGE_CURVE('',#1359,#1361,#677,.T.);
#1726=EDGE_CURVE('',#1361,#1360,#678,.T.);
#1727=EDGE_CURVE('',#1360,#1362,#679,.T.);
#1728=EDGE_CURVE('',#1361,#1363,#680,.T.);
#1729=EDGE_CURVE('',#1363,#1362,#681,.T.);
#1730=EDGE_CURVE('',#1362,#1364,#682,.T.);
#1731=EDGE_CURVE('',#1363,#1365,#683,.T.);
#1732=EDGE_CURVE('',#1365,#1364,#684,.T.);
#1733=EDGE_CURVE('',#1364,#1366,#685,.T.);
#1734=EDGE_CURVE('',#1365,#1367,#686,.T.);
#1735=EDGE_CURVE('',#1367,#1366,#687,.T.);
#1736=EDGE_CURVE('',#1366,#1368,#688,.T.);
#1737=EDGE_CURVE('',#1367,#1369,#689,.T.);
#1738=EDGE_CURVE('',#1369,#1368,#690,.T.);
#1739=EDGE_CURVE('',#1368,#1370,#691,.T.);
#1740=EDGE_CURVE('',#1369,#1371,#692,.T.);
#1741=EDGE_CURVE('',#1371,#1370,#693,.T.);
#1742=EDGE_CURVE('',#1370,#1372,#694,.T.);
#1743=EDGE_CURVE('',#1371,#1373,#695,.T.);
#1744=EDGE_CURVE('',#1373,#1372,#696,.T.);
#1745=EDGE_CURVE('',#1372,#1374,#697,.T.);
#1746=EDGE_CURVE('',#1373,#1375,#698,.T.);
#1747=EDGE_CURVE('',#1375,#1374,#699,.T.);
#1748=EDGE_CURVE('',#1374,#1376,#700,.T.);
#1749=EDGE_CURVE('',#1375,#1377,#701,.T.);
#1750=EDGE_CURVE('',#1377,#1376,#702,.T.);
#1751=EDGE_CURVE('',#1376,#1378,#703,.T.);
#1752=EDGE_CURVE('',#1377,#1379,#704,.T.);
#1753=EDGE_CURVE('',#1379,#1378,#705,.T.);
#1754=EDGE_CURVE('',#1378,#1344,#706,.T.);
#1755=EDGE_CURVE('',#1379,#1346,#707,.T.);
#1756=EDGE_CURVE('',#1380,#1381,#708,.T.);
#1757=EDGE_CURVE('',#1380,#1382,#709,.T.);
#1758=EDGE_CURVE('',#1383,#1382,#710,.T.);
#1759=EDGE_CURVE('',#1381,#1383,#711,.T.);
#1760=EDGE_CURVE('',#1384,#1380,#712,.T.);
#1761=EDGE_CURVE('',#1384,#1385,#713,.T.);
#1762=EDGE_CURVE('',#1382,#1385,#714,.T.);
#1763=EDGE_CURVE('',#1381,#1386,#715,.T.);
#1764=EDGE_CURVE('',#1387,#1383,#716,.T.);
#1765=EDGE_CURVE('',#1386,#1387,#717,.T.);
#1766=EDGE_CURVE('',#1386,#1384,#718,.T.);
#1767=EDGE_CURVE('',#1385,#1387,#719,.T.);
#1768=EDGE_CURVE('',#1388,#1389,#720,.T.);
#1769=EDGE_CURVE('',#1390,#1388,#721,.T.);
#1770=EDGE_CURVE('',#1391,#1390,#722,.T.);
#1771=EDGE_CURVE('',#1389,#1391,#723,.T.);
#1772=EDGE_CURVE('',#1391,#1392,#724,.T.);
#1773=EDGE_CURVE('',#1393,#1392,#725,.T.);
#1774=EDGE_CURVE('',#1389,#1393,#726,.T.);
#1775=EDGE_CURVE('',#1390,#1394,#727,.T.);
#1776=EDGE_CURVE('',#1392,#1394,#728,.T.);
#1777=EDGE_CURVE('',#1395,#1396,#729,.T.);
#1778=EDGE_CURVE('',#1395,#1397,#730,.T.);
#1779=EDGE_CURVE('',#1398,#1397,#731,.T.);
#1780=EDGE_CURVE('',#1396,#1398,#732,.T.);
#1781=EDGE_CURVE('',#1399,#1395,#733,.T.);
#1782=EDGE_CURVE('',#1399,#1400,#734,.T.);
#1783=EDGE_CURVE('',#1397,#1400,#735,.T.);
#1784=EDGE_CURVE('',#1396,#1401,#736,.T.);
#1785=EDGE_CURVE('',#1402,#1398,#737,.T.);
#1786=EDGE_CURVE('',#1401,#1402,#738,.T.);
#1787=EDGE_CURVE('',#1401,#1399,#739,.T.);
#1788=EDGE_CURVE('',#1400,#1402,#740,.T.);
#1789=EDGE_CURVE('',#1403,#1404,#741,.T.);
#1790=EDGE_CURVE('',#1405,#1403,#742,.T.);
#1791=EDGE_CURVE('',#1406,#1405,#743,.T.);
#1792=EDGE_CURVE('',#1404,#1406,#744,.T.);
#1793=EDGE_CURVE('',#1406,#1407,#745,.T.);
#1794=EDGE_CURVE('',#1408,#1407,#746,.T.);
#1795=EDGE_CURVE('',#1404,#1408,#747,.T.);
#1796=EDGE_CURVE('',#1405,#1409,#748,.T.);
#1797=EDGE_CURVE('',#1407,#1409,#749,.T.);
#1798=EDGE_CURVE('',#1410,#1411,#15,.T.);
#1799=EDGE_CURVE('',#1411,#1412,#750,.T.);
#1800=EDGE_CURVE('',#1412,#1413,#16,.T.);
#1801=EDGE_CURVE('',#1413,#1410,#751,.T.);
#1802=EDGE_CURVE('',#1414,#1411,#752,.T.);
#1803=EDGE_CURVE('',#1415,#1414,#17,.T.);
#1804=EDGE_CURVE('',#1416,#1415,#753,.T.);
#1805=EDGE_CURVE('',#1417,#1416,#754,.T.);
#1806=EDGE_CURVE('',#1418,#1417,#755,.T.);
#1807=EDGE_CURVE('',#1419,#1418,#756,.T.);
#1808=EDGE_CURVE('',#1412,#1419,#757,.T.);
#1809=EDGE_CURVE('',#1410,#1420,#758,.T.);
#1810=EDGE_CURVE('',#1420,#1421,#759,.T.);
#1811=EDGE_CURVE('',#1421,#1422,#760,.T.);
#1812=EDGE_CURVE('',#1423,#1422,#761,.T.);
#1813=EDGE_CURVE('',#1414,#1423,#18,.T.);
#1814=EDGE_CURVE('',#1424,#1425,#762,.T.);
#1815=EDGE_CURVE('',#1425,#1426,#763,.T.);
#1816=EDGE_CURVE('',#1426,#1427,#764,.T.);
#1817=EDGE_CURVE('',#1427,#1424,#765,.T.);
#1818=EDGE_CURVE('',#1428,#1419,#19,.T.);
#1819=EDGE_CURVE('',#1418,#1429,#20,.T.);
#1820=EDGE_CURVE('',#1429,#1428,#766,.T.);
#1821=EDGE_CURVE('',#1430,#1429,#767,.T.);
#1822=EDGE_CURVE('',#1431,#1430,#768,.T.);
#1823=EDGE_CURVE('',#1428,#1431,#769,.T.);
#1824=EDGE_CURVE('',#1432,#1417,#21,.T.);
#1825=EDGE_CURVE('',#1433,#1432,#770,.T.);
#1826=EDGE_CURVE('',#1434,#1433,#22,.T.);
#1827=EDGE_CURVE('',#1435,#1434,#771,.T.);
#1828=EDGE_CURVE('',#1436,#1435,#23,.T.);
#1829=EDGE_CURVE('',#1436,#1437,#772,.T.);
#1830=EDGE_CURVE('',#1438,#1437,#24,.T.);
#1831=EDGE_CURVE('',#1438,#1439,#773,.T.);
#1832=EDGE_CURVE('',#1430,#1439,#25,.T.);
#1833=EDGE_CURVE('',#1440,#1441,#26,.T.);
#1834=EDGE_CURVE('',#1441,#1438,#774,.T.);
#1835=EDGE_CURVE('',#1437,#1440,#775,.T.);
#1836=EDGE_CURVE('',#1442,#1441,#776,.T.);
#1837=EDGE_CURVE('',#1439,#1442,#777,.T.);
#1838=EDGE_CURVE('',#1442,#1431,#27,.T.);
#1839=EDGE_CURVE('',#1443,#1436,#778,.T.);
#1840=EDGE_CURVE('',#1422,#1443,#779,.T.);
#1841=EDGE_CURVE('',#1444,#1422,#780,.T.);
#1842=EDGE_CURVE('',#1440,#1444,#781,.T.);
#1843=EDGE_CURVE('',#1445,#1446,#782,.T.);
#1844=EDGE_CURVE('',#1447,#1445,#783,.T.);
#1845=EDGE_CURVE('',#1421,#1447,#784,.T.);
#1846=EDGE_CURVE('',#1421,#1446,#785,.T.);
#1847=EDGE_CURVE('',#1444,#1447,#786,.T.);
#1848=EDGE_CURVE('',#1445,#1448,#787,.T.);
#1849=EDGE_CURVE('',#1448,#1413,#788,.T.);
#1850=EDGE_CURVE('',#1449,#1408,#789,.T.);
#1851=EDGE_CURVE('',#1409,#1449,#790,.T.);
#1852=EDGE_CURVE('',#1450,#1393,#791,.T.);
#1853=EDGE_CURVE('',#1394,#1450,#792,.T.);
#1854=EDGE_CURVE('',#1451,#1452,#28,.T.);
#1855=EDGE_CURVE('',#1452,#1453,#793,.T.);
#1856=EDGE_CURVE('',#1453,#1454,#29,.T.);
#1857=EDGE_CURVE('',#1454,#1455,#794,.T.);
#1858=EDGE_CURVE('',#1455,#1456,#30,.T.);
#1859=EDGE_CURVE('',#1456,#1457,#795,.T.);
#1860=EDGE_CURVE('',#1457,#1458,#31,.T.);
#1861=EDGE_CURVE('',#1458,#1451,#796,.T.);
#1862=EDGE_CURVE('',#1446,#1459,#797,.T.);
#1863=EDGE_CURVE('',#1448,#1459,#798,.T.);
#1864=EDGE_CURVE('',#1459,#1410,#799,.T.);
#1865=EDGE_CURVE('',#1446,#1460,#800,.T.);
#1866=EDGE_CURVE('',#1461,#1460,#801,.T.);
#1867=EDGE_CURVE('',#1459,#1461,#802,.T.);
#1868=EDGE_CURVE('',#1462,#1461,#803,.T.);
#1869=EDGE_CURVE('',#1410,#1462,#804,.T.);
#1870=EDGE_CURVE('',#1463,#1462,#805,.T.);
#1871=EDGE_CURVE('',#1420,#1463,#806,.T.);
#1872=EDGE_CURVE('',#1460,#1463,#807,.T.);
#1873=EDGE_CURVE('',#1424,#1464,#808,.T.);
#1874=EDGE_CURVE('',#1465,#1464,#809,.T.);
#1875=EDGE_CURVE('',#1425,#1465,#810,.T.);
#1876=EDGE_CURVE('',#1466,#1465,#811,.T.);
#1877=EDGE_CURVE('',#1426,#1466,#812,.T.);
#1878=EDGE_CURVE('',#1467,#1466,#813,.T.);
#1879=EDGE_CURVE('',#1427,#1467,#814,.T.);
#1880=EDGE_CURVE('',#1464,#1467,#815,.T.);
#1881=EDGE_CURVE('',#1449,#1403,#816,.T.);
#1882=EDGE_CURVE('',#1450,#1388,#817,.T.);
#1883=EDGE_CURVE('',#1468,#1415,#818,.T.);
#1884=EDGE_CURVE('',#1469,#1468,#819,.T.);
#1885=EDGE_CURVE('',#1469,#1416,#820,.T.);
#1886=EDGE_CURVE('',#1470,#1423,#821,.T.);
#1887=EDGE_CURVE('',#1468,#1470,#32,.T.);
#1888=EDGE_CURVE('',#1471,#1443,#822,.T.);
#1889=EDGE_CURVE('',#1470,#1471,#823,.T.);
#1890=EDGE_CURVE('',#1435,#1472,#824,.T.);
#1891=EDGE_CURVE('',#1471,#1472,#33,.T.);
#1892=EDGE_CURVE('',#1473,#1474,#825,.T.);
#1893=EDGE_CURVE('',#1473,#1475,#826,.T.);
#1894=EDGE_CURVE('',#1476,#1475,#827,.T.);
#1895=EDGE_CURVE('',#1474,#1476,#828,.T.);
#1896=EDGE_CURVE('',#1477,#1473,#34,.T.);
#1897=EDGE_CURVE('',#1477,#1478,#829,.T.);
#1898=EDGE_CURVE('',#1475,#1478,#35,.T.);
#1899=EDGE_CURVE('',#1479,#1477,#830,.T.);
#1900=EDGE_CURVE('',#1479,#1480,#831,.T.);
#1901=EDGE_CURVE('',#1478,#1480,#832,.T.);
#1902=EDGE_CURVE('',#1481,#1479,#36,.T.);
#1903=EDGE_CURVE('',#1481,#1482,#833,.T.);
#1904=EDGE_CURVE('',#1480,#1482,#37,.T.);
#1905=EDGE_CURVE('',#1483,#1481,#834,.T.);
#1906=EDGE_CURVE('',#1483,#1484,#835,.T.);
#1907=EDGE_CURVE('',#1482,#1484,#836,.T.);
#1908=EDGE_CURVE('',#1474,#1485,#38,.T.);
#1909=EDGE_CURVE('',#1486,#1476,#39,.T.);
#1910=EDGE_CURVE('',#1485,#1486,#837,.T.);
#1911=EDGE_CURVE('',#1485,#1487,#838,.T.);
#1912=EDGE_CURVE('',#1488,#1486,#839,.T.);
#1913=EDGE_CURVE('',#1487,#1488,#840,.T.);
#1914=EDGE_CURVE('',#1487,#1483,#40,.T.);
#1915=EDGE_CURVE('',#1484,#1488,#41,.T.);
#1916=EDGE_CURVE('',#1472,#1489,#841,.T.);
#1917=EDGE_CURVE('',#1489,#1490,#42,.T.);
#1918=EDGE_CURVE('',#1490,#1491,#842,.T.);
#1919=EDGE_CURVE('',#1491,#1469,#43,.T.);
#1920=EDGE_CURVE('',#1492,#1493,#843,.T.);
#1921=EDGE_CURVE('',#1493,#1451,#844,.T.);
#1922=EDGE_CURVE('',#1492,#1458,#845,.T.);
#1923=EDGE_CURVE('',#1492,#1494,#44,.T.);
#1924=EDGE_CURVE('',#1494,#1457,#846,.T.);
#1925=EDGE_CURVE('',#1495,#1494,#847,.T.);
#1926=EDGE_CURVE('',#1495,#1456,#848,.T.);
#1927=EDGE_CURVE('',#1495,#1496,#45,.T.);
#1928=EDGE_CURVE('',#1496,#1455,#849,.T.);
#1929=EDGE_CURVE('',#1497,#1496,#850,.T.);
#1930=EDGE_CURVE('',#1497,#1454,#851,.T.);
#1931=EDGE_CURVE('',#1497,#1498,#46,.T.);
#1932=EDGE_CURVE('',#1498,#1453,#852,.T.);
#1933=EDGE_CURVE('',#1499,#1498,#853,.T.);
#1934=EDGE_CURVE('',#1499,#1452,#854,.T.);
#1935=EDGE_CURVE('',#1499,#1493,#47,.T.);
#1936=EDGE_CURVE('',#1489,#1434,#855,.T.);
#1937=EDGE_CURVE('',#1490,#1433,#856,.T.);
#1938=EDGE_CURVE('',#1491,#1432,#857,.T.);
#1939=EDGE_CURVE('',#1500,#1501,#858,.T.);
#1940=EDGE_CURVE('',#1500,#1502,#859,.T.);
#1941=EDGE_CURVE('',#1503,#1502,#860,.T.);
#1942=EDGE_CURVE('',#1501,#1503,#861,.T.);
#1943=EDGE_CURVE('',#1504,#1500,#862,.T.);
#1944=EDGE_CURVE('',#1504,#1505,#863,.T.);
#1945=EDGE_CURVE('',#1502,#1505,#864,.T.);
#1946=EDGE_CURVE('',#1506,#1504,#865,.T.);
#1947=EDGE_CURVE('',#1506,#1507,#866,.T.);
#1948=EDGE_CURVE('',#1505,#1507,#867,.T.);
#1949=EDGE_CURVE('',#1508,#1506,#868,.T.);
#1950=EDGE_CURVE('',#1508,#1509,#869,.T.);
#1951=EDGE_CURVE('',#1507,#1509,#870,.T.);
#1952=EDGE_CURVE('',#1510,#1508,#871,.T.);
#1953=EDGE_CURVE('',#1510,#1511,#872,.T.);
#1954=EDGE_CURVE('',#1509,#1511,#873,.T.);
#1955=EDGE_CURVE('',#1512,#1510,#874,.T.);
#1956=EDGE_CURVE('',#1512,#1513,#875,.T.);
#1957=EDGE_CURVE('',#1511,#1513,#876,.T.);
#1958=EDGE_CURVE('',#1514,#1512,#877,.T.);
#1959=EDGE_CURVE('',#1514,#1515,#878,.T.);
#1960=EDGE_CURVE('',#1513,#1515,#879,.T.);
#1961=EDGE_CURVE('',#1501,#1514,#880,.T.);
#1962=EDGE_CURVE('',#1515,#1503,#881,.T.);
#1963=ORIENTED_EDGE('',*,*,#1516,.F.);
#1964=ORIENTED_EDGE('',*,*,#1517,.F.);
#1965=ORIENTED_EDGE('',*,*,#1518,.T.);
#1966=ORIENTED_EDGE('',*,*,#1519,.T.);
#1967=ORIENTED_EDGE('',*,*,#1520,.F.);
#1968=ORIENTED_EDGE('',*,*,#1519,.F.);
#1969=ORIENTED_EDGE('',*,*,#1521,.T.);
#1970=ORIENTED_EDGE('',*,*,#1522,.T.);
#1971=ORIENTED_EDGE('',*,*,#1523,.F.);
#1972=ORIENTED_EDGE('',*,*,#1522,.F.);
#1973=ORIENTED_EDGE('',*,*,#1524,.T.);
#1974=ORIENTED_EDGE('',*,*,#1525,.T.);
#1975=ORIENTED_EDGE('',*,*,#1526,.F.);
#1976=ORIENTED_EDGE('',*,*,#1525,.F.);
#1977=ORIENTED_EDGE('',*,*,#1527,.T.);
#1978=ORIENTED_EDGE('',*,*,#1528,.T.);
#1979=ORIENTED_EDGE('',*,*,#1529,.F.);
#1980=ORIENTED_EDGE('',*,*,#1528,.F.);
#1981=ORIENTED_EDGE('',*,*,#1530,.T.);
#1982=ORIENTED_EDGE('',*,*,#1531,.T.);
#1983=ORIENTED_EDGE('',*,*,#1532,.F.);
#1984=ORIENTED_EDGE('',*,*,#1531,.F.);
#1985=ORIENTED_EDGE('',*,*,#1533,.T.);
#1986=ORIENTED_EDGE('',*,*,#1534,.T.);
#1987=ORIENTED_EDGE('',*,*,#1535,.F.);
#1988=ORIENTED_EDGE('',*,*,#1534,.F.);
#1989=ORIENTED_EDGE('',*,*,#1536,.T.);
#1990=ORIENTED_EDGE('',*,*,#1537,.T.);
#1991=ORIENTED_EDGE('',*,*,#1538,.F.);
#1992=ORIENTED_EDGE('',*,*,#1537,.F.);
#1993=ORIENTED_EDGE('',*,*,#1539,.T.);
#1994=ORIENTED_EDGE('',*,*,#1540,.T.);
#1995=ORIENTED_EDGE('',*,*,#1541,.F.);
#1996=ORIENTED_EDGE('',*,*,#1540,.F.);
#1997=ORIENTED_EDGE('',*,*,#1542,.T.);
#1998=ORIENTED_EDGE('',*,*,#1543,.T.);
#1999=ORIENTED_EDGE('',*,*,#1544,.F.);
#2000=ORIENTED_EDGE('',*,*,#1543,.F.);
#2001=ORIENTED_EDGE('',*,*,#1545,.T.);
#2002=ORIENTED_EDGE('',*,*,#1546,.T.);
#2003=ORIENTED_EDGE('',*,*,#1547,.F.);
#2004=ORIENTED_EDGE('',*,*,#1546,.F.);
#2005=ORIENTED_EDGE('',*,*,#1548,.T.);
#2006=ORIENTED_EDGE('',*,*,#1517,.T.);
#2007=ORIENTED_EDGE('',*,*,#1530,.F.);
#2008=ORIENTED_EDGE('',*,*,#1527,.F.);
#2009=ORIENTED_EDGE('',*,*,#1524,.F.);
#2010=ORIENTED_EDGE('',*,*,#1521,.F.);
#2011=ORIENTED_EDGE('',*,*,#1518,.F.);
#2012=ORIENTED_EDGE('',*,*,#1548,.F.);
#2013=ORIENTED_EDGE('',*,*,#1545,.F.);
#2014=ORIENTED_EDGE('',*,*,#1542,.F.);
#2015=ORIENTED_EDGE('',*,*,#1539,.F.);
#2016=ORIENTED_EDGE('',*,*,#1536,.F.);
#2017=ORIENTED_EDGE('',*,*,#1533,.F.);
#2018=ORIENTED_EDGE('',*,*,#1549,.F.);
#2019=ORIENTED_EDGE('',*,*,#1550,.F.);
#2020=ORIENTED_EDGE('',*,*,#1551,.T.);
#2021=ORIENTED_EDGE('',*,*,#1552,.T.);
#2022=ORIENTED_EDGE('',*,*,#1553,.F.);
#2023=ORIENTED_EDGE('',*,*,#1552,.F.);
#2024=ORIENTED_EDGE('',*,*,#1554,.T.);
#2025=ORIENTED_EDGE('',*,*,#1555,.T.);
#2026=ORIENTED_EDGE('',*,*,#1556,.F.);
#2027=ORIENTED_EDGE('',*,*,#1555,.F.);
#2028=ORIENTED_EDGE('',*,*,#1557,.T.);
#2029=ORIENTED_EDGE('',*,*,#1558,.T.);
#2030=ORIENTED_EDGE('',*,*,#1559,.F.);
#2031=ORIENTED_EDGE('',*,*,#1558,.F.);
#2032=ORIENTED_EDGE('',*,*,#1560,.T.);
#2033=ORIENTED_EDGE('',*,*,#1550,.T.);
#2034=ORIENTED_EDGE('',*,*,#1554,.F.);
#2035=ORIENTED_EDGE('',*,*,#1551,.F.);
#2036=ORIENTED_EDGE('',*,*,#1560,.F.);
#2037=ORIENTED_EDGE('',*,*,#1557,.F.);
#2038=ORIENTED_EDGE('',*,*,#1561,.F.);
#2039=ORIENTED_EDGE('',*,*,#1562,.F.);
#2040=ORIENTED_EDGE('',*,*,#1563,.T.);
#2041=ORIENTED_EDGE('',*,*,#1564,.T.);
#2042=ORIENTED_EDGE('',*,*,#1565,.F.);
#2043=ORIENTED_EDGE('',*,*,#1564,.F.);
#2044=ORIENTED_EDGE('',*,*,#1566,.T.);
#2045=ORIENTED_EDGE('',*,*,#1567,.T.);
#2046=ORIENTED_EDGE('',*,*,#1568,.F.);
#2047=ORIENTED_EDGE('',*,*,#1567,.F.);
#2048=ORIENTED_EDGE('',*,*,#1569,.T.);
#2049=ORIENTED_EDGE('',*,*,#1570,.T.);
#2050=ORIENTED_EDGE('',*,*,#1571,.F.);
#2051=ORIENTED_EDGE('',*,*,#1570,.F.);
#2052=ORIENTED_EDGE('',*,*,#1572,.T.);
#2053=ORIENTED_EDGE('',*,*,#1573,.T.);
#2054=ORIENTED_EDGE('',*,*,#1574,.F.);
#2055=ORIENTED_EDGE('',*,*,#1573,.F.);
#2056=ORIENTED_EDGE('',*,*,#1575,.T.);
#2057=ORIENTED_EDGE('',*,*,#1576,.T.);
#2058=ORIENTED_EDGE('',*,*,#1577,.F.);
#2059=ORIENTED_EDGE('',*,*,#1578,.F.);
#2060=ORIENTED_EDGE('',*,*,#1579,.T.);
#2061=ORIENTED_EDGE('',*,*,#1580,.T.);
#2062=ORIENTED_EDGE('',*,*,#1581,.F.);
#2063=ORIENTED_EDGE('',*,*,#1580,.F.);
#2064=ORIENTED_EDGE('',*,*,#1582,.T.);
#2065=ORIENTED_EDGE('',*,*,#1583,.T.);
#2066=ORIENTED_EDGE('',*,*,#1584,.F.);
#2067=ORIENTED_EDGE('',*,*,#1583,.F.);
#2068=ORIENTED_EDGE('',*,*,#1585,.T.);
#2069=ORIENTED_EDGE('',*,*,#1586,.T.);
#2070=ORIENTED_EDGE('',*,*,#1587,.F.);
#2071=ORIENTED_EDGE('',*,*,#1586,.F.);
#2072=ORIENTED_EDGE('',*,*,#1588,.T.);
#2073=ORIENTED_EDGE('',*,*,#1589,.T.);
#2074=ORIENTED_EDGE('',*,*,#1590,.F.);
#2075=ORIENTED_EDGE('',*,*,#1589,.F.);
#2076=ORIENTED_EDGE('',*,*,#1591,.T.);
#2077=ORIENTED_EDGE('',*,*,#1592,.T.);
#2078=ORIENTED_EDGE('',*,*,#1593,.F.);
#2079=ORIENTED_EDGE('',*,*,#1594,.F.);
#2080=ORIENTED_EDGE('',*,*,#1595,.T.);
#2081=ORIENTED_EDGE('',*,*,#1596,.T.);
#2082=ORIENTED_EDGE('',*,*,#1597,.F.);
#2083=ORIENTED_EDGE('',*,*,#1596,.F.);
#2084=ORIENTED_EDGE('',*,*,#1598,.T.);
#2085=ORIENTED_EDGE('',*,*,#1599,.T.);
#2086=ORIENTED_EDGE('',*,*,#1600,.F.);
#2087=ORIENTED_EDGE('',*,*,#1599,.F.);
#2088=ORIENTED_EDGE('',*,*,#1601,.T.);
#2089=ORIENTED_EDGE('',*,*,#1602,.T.);
#2090=ORIENTED_EDGE('',*,*,#1603,.F.);
#2091=ORIENTED_EDGE('',*,*,#1602,.F.);
#2092=ORIENTED_EDGE('',*,*,#1604,.T.);
#2093=ORIENTED_EDGE('',*,*,#1605,.T.);
#2094=ORIENTED_EDGE('',*,*,#1606,.F.);
#2095=ORIENTED_EDGE('',*,*,#1605,.F.);
#2096=ORIENTED_EDGE('',*,*,#1607,.T.);
#2097=ORIENTED_EDGE('',*,*,#1608,.T.);
#2098=ORIENTED_EDGE('',*,*,#1609,.F.);
#2099=ORIENTED_EDGE('',*,*,#1608,.F.);
#2100=ORIENTED_EDGE('',*,*,#1610,.T.);
#2101=ORIENTED_EDGE('',*,*,#1611,.T.);
#2102=ORIENTED_EDGE('',*,*,#1612,.F.);
#2103=ORIENTED_EDGE('',*,*,#1611,.F.);
#2104=ORIENTED_EDGE('',*,*,#1613,.T.);
#2105=ORIENTED_EDGE('',*,*,#1614,.T.);
#2106=ORIENTED_EDGE('',*,*,#1615,.F.);
#2107=ORIENTED_EDGE('',*,*,#1614,.F.);
#2108=ORIENTED_EDGE('',*,*,#1616,.T.);
#2109=ORIENTED_EDGE('',*,*,#1617,.T.);
#2110=ORIENTED_EDGE('',*,*,#1618,.F.);
#2111=ORIENTED_EDGE('',*,*,#1617,.F.);
#2112=ORIENTED_EDGE('',*,*,#1619,.T.);
#2113=ORIENTED_EDGE('',*,*,#1620,.T.);
#2114=ORIENTED_EDGE('',*,*,#1621,.F.);
#2115=ORIENTED_EDGE('',*,*,#1620,.F.);
#2116=ORIENTED_EDGE('',*,*,#1622,.T.);
#2117=ORIENTED_EDGE('',*,*,#1623,.T.);
#2118=ORIENTED_EDGE('',*,*,#1624,.F.);
#2119=ORIENTED_EDGE('',*,*,#1576,.F.);
#2120=ORIENTED_EDGE('',*,*,#1625,.T.);
#2121=ORIENTED_EDGE('',*,*,#1626,.T.);
#2122=ORIENTED_EDGE('',*,*,#1627,.F.);
#2123=ORIENTED_EDGE('',*,*,#1626,.F.);
#2124=ORIENTED_EDGE('',*,*,#1628,.T.);
#2125=ORIENTED_EDGE('',*,*,#1629,.T.);
#2126=ORIENTED_EDGE('',*,*,#1630,.F.);
#2127=ORIENTED_EDGE('',*,*,#1629,.F.);
#2128=ORIENTED_EDGE('',*,*,#1631,.T.);
#2129=ORIENTED_EDGE('',*,*,#1632,.T.);
#2130=ORIENTED_EDGE('',*,*,#1633,.F.);
#2131=ORIENTED_EDGE('',*,*,#1632,.F.);
#2132=ORIENTED_EDGE('',*,*,#1634,.T.);
#2133=ORIENTED_EDGE('',*,*,#1635,.T.);
#2134=ORIENTED_EDGE('',*,*,#1636,.F.);
#2135=ORIENTED_EDGE('',*,*,#1635,.F.);
#2136=ORIENTED_EDGE('',*,*,#1637,.T.);
#2137=ORIENTED_EDGE('',*,*,#1562,.T.);
#2138=ORIENTED_EDGE('',*,*,#1638,.F.);
#2139=ORIENTED_EDGE('',*,*,#1592,.F.);
#2140=ORIENTED_EDGE('',*,*,#1639,.T.);
#2141=ORIENTED_EDGE('',*,*,#1640,.T.);
#2142=ORIENTED_EDGE('',*,*,#1641,.F.);
#2143=ORIENTED_EDGE('',*,*,#1640,.F.);
#2144=ORIENTED_EDGE('',*,*,#1642,.T.);
#2145=ORIENTED_EDGE('',*,*,#1643,.T.);
#2146=ORIENTED_EDGE('',*,*,#1644,.F.);
#2147=ORIENTED_EDGE('',*,*,#1643,.F.);
#2148=ORIENTED_EDGE('',*,*,#1645,.T.);
#2149=ORIENTED_EDGE('',*,*,#1646,.T.);
#2150=ORIENTED_EDGE('',*,*,#1647,.F.);
#2151=ORIENTED_EDGE('',*,*,#1646,.F.);
#2152=ORIENTED_EDGE('',*,*,#1648,.T.);
#2153=ORIENTED_EDGE('',*,*,#1649,.T.);
#2154=ORIENTED_EDGE('',*,*,#1650,.F.);
#2155=ORIENTED_EDGE('',*,*,#1649,.F.);
#2156=ORIENTED_EDGE('',*,*,#1651,.T.);
#2157=ORIENTED_EDGE('',*,*,#1578,.T.);
#2158=ORIENTED_EDGE('',*,*,#1652,.F.);
#2159=ORIENTED_EDGE('',*,*,#1623,.F.);
#2160=ORIENTED_EDGE('',*,*,#1653,.T.);
#2161=ORIENTED_EDGE('',*,*,#1654,.T.);
#2162=ORIENTED_EDGE('',*,*,#1655,.F.);
#2163=ORIENTED_EDGE('',*,*,#1654,.F.);
#2164=ORIENTED_EDGE('',*,*,#1656,.T.);
#2165=ORIENTED_EDGE('',*,*,#1657,.T.);
#2166=ORIENTED_EDGE('',*,*,#1658,.F.);
#2167=ORIENTED_EDGE('',*,*,#1657,.F.);
#2168=ORIENTED_EDGE('',*,*,#1659,.T.);
#2169=ORIENTED_EDGE('',*,*,#1660,.T.);
#2170=ORIENTED_EDGE('',*,*,#1661,.F.);
#2171=ORIENTED_EDGE('',*,*,#1660,.F.);
#2172=ORIENTED_EDGE('',*,*,#1662,.T.);
#2173=ORIENTED_EDGE('',*,*,#1663,.T.);
#2174=ORIENTED_EDGE('',*,*,#1664,.F.);
#2175=ORIENTED_EDGE('',*,*,#1663,.F.);
#2176=ORIENTED_EDGE('',*,*,#1665,.T.);
#2177=ORIENTED_EDGE('',*,*,#1666,.T.);
#2178=ORIENTED_EDGE('',*,*,#1667,.F.);
#2179=ORIENTED_EDGE('',*,*,#1666,.F.);
#2180=ORIENTED_EDGE('',*,*,#1668,.T.);
#2181=ORIENTED_EDGE('',*,*,#1669,.T.);
#2182=ORIENTED_EDGE('',*,*,#1670,.F.);
#2183=ORIENTED_EDGE('',*,*,#1669,.F.);
#2184=ORIENTED_EDGE('',*,*,#1671,.T.);
#2185=ORIENTED_EDGE('',*,*,#1672,.T.);
#2186=ORIENTED_EDGE('',*,*,#1673,.F.);
#2187=ORIENTED_EDGE('',*,*,#1672,.F.);
#2188=ORIENTED_EDGE('',*,*,#1674,.T.);
#2189=ORIENTED_EDGE('',*,*,#1675,.T.);
#2190=ORIENTED_EDGE('',*,*,#1676,.F.);
#2191=ORIENTED_EDGE('',*,*,#1675,.F.);
#2192=ORIENTED_EDGE('',*,*,#1677,.T.);
#2193=ORIENTED_EDGE('',*,*,#1678,.T.);
#2194=ORIENTED_EDGE('',*,*,#1679,.F.);
#2195=ORIENTED_EDGE('',*,*,#1678,.F.);
#2196=ORIENTED_EDGE('',*,*,#1680,.T.);
#2197=ORIENTED_EDGE('',*,*,#1594,.T.);
#2198=ORIENTED_EDGE('',*,*,#1622,.F.);
#2199=ORIENTED_EDGE('',*,*,#1619,.F.);
#2200=ORIENTED_EDGE('',*,*,#1616,.F.);
#2201=ORIENTED_EDGE('',*,*,#1613,.F.);
#2202=ORIENTED_EDGE('',*,*,#1610,.F.);
#2203=ORIENTED_EDGE('',*,*,#1607,.F.);
#2204=ORIENTED_EDGE('',*,*,#1604,.F.);
#2205=ORIENTED_EDGE('',*,*,#1601,.F.);
#2206=ORIENTED_EDGE('',*,*,#1598,.F.);
#2207=ORIENTED_EDGE('',*,*,#1595,.F.);
#2208=ORIENTED_EDGE('',*,*,#1680,.F.);
#2209=ORIENTED_EDGE('',*,*,#1677,.F.);
#2210=ORIENTED_EDGE('',*,*,#1674,.F.);
#2211=ORIENTED_EDGE('',*,*,#1671,.F.);
#2212=ORIENTED_EDGE('',*,*,#1668,.F.);
#2213=ORIENTED_EDGE('',*,*,#1665,.F.);
#2214=ORIENTED_EDGE('',*,*,#1662,.F.);
#2215=ORIENTED_EDGE('',*,*,#1659,.F.);
#2216=ORIENTED_EDGE('',*,*,#1656,.F.);
#2217=ORIENTED_EDGE('',*,*,#1653,.F.);
#2218=ORIENTED_EDGE('',*,*,#1591,.F.);
#2219=ORIENTED_EDGE('',*,*,#1588,.F.);
#2220=ORIENTED_EDGE('',*,*,#1585,.F.);
#2221=ORIENTED_EDGE('',*,*,#1582,.F.);
#2222=ORIENTED_EDGE('',*,*,#1579,.F.);
#2223=ORIENTED_EDGE('',*,*,#1651,.F.);
#2224=ORIENTED_EDGE('',*,*,#1648,.F.);
#2225=ORIENTED_EDGE('',*,*,#1645,.F.);
#2226=ORIENTED_EDGE('',*,*,#1642,.F.);
#2227=ORIENTED_EDGE('',*,*,#1639,.F.);
#2228=ORIENTED_EDGE('',*,*,#1575,.F.);
#2229=ORIENTED_EDGE('',*,*,#1572,.F.);
#2230=ORIENTED_EDGE('',*,*,#1569,.F.);
#2231=ORIENTED_EDGE('',*,*,#1566,.F.);
#2232=ORIENTED_EDGE('',*,*,#1563,.F.);
#2233=ORIENTED_EDGE('',*,*,#1637,.F.);
#2234=ORIENTED_EDGE('',*,*,#1634,.F.);
#2235=ORIENTED_EDGE('',*,*,#1631,.F.);
#2236=ORIENTED_EDGE('',*,*,#1628,.F.);
#2237=ORIENTED_EDGE('',*,*,#1625,.F.);
#2238=ORIENTED_EDGE('',*,*,#1681,.F.);
#2239=ORIENTED_EDGE('',*,*,#1682,.F.);
#2240=ORIENTED_EDGE('',*,*,#1683,.T.);
#2241=ORIENTED_EDGE('',*,*,#1684,.T.);
#2242=ORIENTED_EDGE('',*,*,#1685,.F.);
#2243=ORIENTED_EDGE('',*,*,#1684,.F.);
#2244=ORIENTED_EDGE('',*,*,#1686,.T.);
#2245=ORIENTED_EDGE('',*,*,#1687,.T.);
#2246=ORIENTED_EDGE('',*,*,#1688,.F.);
#2247=ORIENTED_EDGE('',*,*,#1687,.F.);
#2248=ORIENTED_EDGE('',*,*,#1689,.T.);
#2249=ORIENTED_EDGE('',*,*,#1690,.T.);
#2250=ORIENTED_EDGE('',*,*,#1691,.F.);
#2251=ORIENTED_EDGE('',*,*,#1690,.F.);
#2252=ORIENTED_EDGE('',*,*,#1692,.T.);
#2253=ORIENTED_EDGE('',*,*,#1693,.T.);
#2254=ORIENTED_EDGE('',*,*,#1694,.F.);
#2255=ORIENTED_EDGE('',*,*,#1693,.F.);
#2256=ORIENTED_EDGE('',*,*,#1695,.T.);
#2257=ORIENTED_EDGE('',*,*,#1696,.T.);
#2258=ORIENTED_EDGE('',*,*,#1697,.F.);
#2259=ORIENTED_EDGE('',*,*,#1696,.F.);
#2260=ORIENTED_EDGE('',*,*,#1698,.T.);
#2261=ORIENTED_EDGE('',*,*,#1699,.T.);
#2262=ORIENTED_EDGE('',*,*,#1700,.F.);
#2263=ORIENTED_EDGE('',*,*,#1699,.F.);
#2264=ORIENTED_EDGE('',*,*,#1701,.T.);
#2265=ORIENTED_EDGE('',*,*,#1682,.T.);
#2266=ORIENTED_EDGE('',*,*,#1689,.F.);
#2267=ORIENTED_EDGE('',*,*,#1686,.F.);
#2268=ORIENTED_EDGE('',*,*,#1683,.F.);
#2269=ORIENTED_EDGE('',*,*,#1701,.F.);
#2270=ORIENTED_EDGE('',*,*,#1698,.F.);
#2271=ORIENTED_EDGE('',*,*,#1695,.F.);
#2272=ORIENTED_EDGE('',*,*,#1692,.F.);
#2273=ORIENTED_EDGE('',*,*,#1702,.F.);
#2274=ORIENTED_EDGE('',*,*,#1703,.F.);
#2275=ORIENTED_EDGE('',*,*,#1704,.T.);
#2276=ORIENTED_EDGE('',*,*,#1705,.T.);
#2277=ORIENTED_EDGE('',*,*,#1706,.F.);
#2278=ORIENTED_EDGE('',*,*,#1705,.F.);
#2279=ORIENTED_EDGE('',*,*,#1707,.T.);
#2280=ORIENTED_EDGE('',*,*,#1708,.T.);
#2281=ORIENTED_EDGE('',*,*,#1709,.F.);
#2282=ORIENTED_EDGE('',*,*,#1708,.F.);
#2283=ORIENTED_EDGE('',*,*,#1710,.T.);
#2284=ORIENTED_EDGE('',*,*,#1711,.T.);
#2285=ORIENTED_EDGE('',*,*,#1712,.F.);
#2286=ORIENTED_EDGE('',*,*,#1711,.F.);
#2287=ORIENTED_EDGE('',*,*,#1713,.T.);
#2288=ORIENTED_EDGE('',*,*,#1714,.T.);
#2289=ORIENTED_EDGE('',*,*,#1715,.F.);
#2290=ORIENTED_EDGE('',*,*,#1714,.F.);
#2291=ORIENTED_EDGE('',*,*,#1716,.T.);
#2292=ORIENTED_EDGE('',*,*,#1717,.T.);
#2293=ORIENTED_EDGE('',*,*,#1718,.F.);
#2294=ORIENTED_EDGE('',*,*,#1717,.F.);
#2295=ORIENTED_EDGE('',*,*,#1719,.T.);
#2296=ORIENTED_EDGE('',*,*,#1720,.T.);
#2297=ORIENTED_EDGE('',*,*,#1721,.F.);
#2298=ORIENTED_EDGE('',*,*,#1720,.F.);
#2299=ORIENTED_EDGE('',*,*,#1722,.T.);
#2300=ORIENTED_EDGE('',*,*,#1723,.T.);
#2301=ORIENTED_EDGE('',*,*,#1724,.F.);
#2302=ORIENTED_EDGE('',*,*,#1723,.F.);
#2303=ORIENTED_EDGE('',*,*,#1725,.T.);
#2304=ORIENTED_EDGE('',*,*,#1726,.T.);
#2305=ORIENTED_EDGE('',*,*,#1727,.F.);
#2306=ORIENTED_EDGE('',*,*,#1726,.F.);
#2307=ORIENTED_EDGE('',*,*,#1728,.T.);
#2308=ORIENTED_EDGE('',*,*,#1729,.T.);
#2309=ORIENTED_EDGE('',*,*,#1730,.F.);
#2310=ORIENTED_EDGE('',*,*,#1729,.F.);
#2311=ORIENTED_EDGE('',*,*,#1731,.T.);
#2312=ORIENTED_EDGE('',*,*,#1732,.T.);
#2313=ORIENTED_EDGE('',*,*,#1733,.F.);
#2314=ORIENTED_EDGE('',*,*,#1732,.F.);
#2315=ORIENTED_EDGE('',*,*,#1734,.T.);
#2316=ORIENTED_EDGE('',*,*,#1735,.T.);
#2317=ORIENTED_EDGE('',*,*,#1736,.F.);
#2318=ORIENTED_EDGE('',*,*,#1735,.F.);
#2319=ORIENTED_EDGE('',*,*,#1737,.T.);
#2320=ORIENTED_EDGE('',*,*,#1738,.T.);
#2321=ORIENTED_EDGE('',*,*,#1739,.F.);
#2322=ORIENTED_EDGE('',*,*,#1738,.F.);
#2323=ORIENTED_EDGE('',*,*,#1740,.T.);
#2324=ORIENTED_EDGE('',*,*,#1741,.T.);
#2325=ORIENTED_EDGE('',*,*,#1742,.F.);
#2326=ORIENTED_EDGE('',*,*,#1741,.F.);
#2327=ORIENTED_EDGE('',*,*,#1743,.T.);
#2328=ORIENTED_EDGE('',*,*,#1744,.T.);
#2329=ORIENTED_EDGE('',*,*,#1745,.F.);
#2330=ORIENTED_EDGE('',*,*,#1744,.F.);
#2331=ORIENTED_EDGE('',*,*,#1746,.T.);
#2332=ORIENTED_EDGE('',*,*,#1747,.T.);
#2333=ORIENTED_EDGE('',*,*,#1748,.F.);
#2334=ORIENTED_EDGE('',*,*,#1747,.F.);
#2335=ORIENTED_EDGE('',*,*,#1749,.T.);
#2336=ORIENTED_EDGE('',*,*,#1750,.T.);
#2337=ORIENTED_EDGE('',*,*,#1751,.F.);
#2338=ORIENTED_EDGE('',*,*,#1750,.F.);
#2339=ORIENTED_EDGE('',*,*,#1752,.T.);
#2340=ORIENTED_EDGE('',*,*,#1753,.T.);
#2341=ORIENTED_EDGE('',*,*,#1754,.F.);
#2342=ORIENTED_EDGE('',*,*,#1753,.F.);
#2343=ORIENTED_EDGE('',*,*,#1755,.T.);
#2344=ORIENTED_EDGE('',*,*,#1703,.T.);
#2345=ORIENTED_EDGE('',*,*,#1728,.F.);
#2346=ORIENTED_EDGE('',*,*,#1725,.F.);
#2347=ORIENTED_EDGE('',*,*,#1722,.F.);
#2348=ORIENTED_EDGE('',*,*,#1719,.F.);
#2349=ORIENTED_EDGE('',*,*,#1716,.F.);
#2350=ORIENTED_EDGE('',*,*,#1713,.F.);
#2351=ORIENTED_EDGE('',*,*,#1710,.F.);
#2352=ORIENTED_EDGE('',*,*,#1707,.F.);
#2353=ORIENTED_EDGE('',*,*,#1704,.F.);
#2354=ORIENTED_EDGE('',*,*,#1755,.F.);
#2355=ORIENTED_EDGE('',*,*,#1752,.F.);
#2356=ORIENTED_EDGE('',*,*,#1749,.F.);
#2357=ORIENTED_EDGE('',*,*,#1746,.F.);
#2358=ORIENTED_EDGE('',*,*,#1743,.F.);
#2359=ORIENTED_EDGE('',*,*,#1740,.F.);
#2360=ORIENTED_EDGE('',*,*,#1737,.F.);
#2361=ORIENTED_EDGE('',*,*,#1734,.F.);
#2362=ORIENTED_EDGE('',*,*,#1731,.F.);
#2363=ORIENTED_EDGE('',*,*,#1638,.T.);
#2364=ORIENTED_EDGE('',*,*,#1641,.T.);
#2365=ORIENTED_EDGE('',*,*,#1644,.T.);
#2366=ORIENTED_EDGE('',*,*,#1647,.T.);
#2367=ORIENTED_EDGE('',*,*,#1650,.T.);
#2368=ORIENTED_EDGE('',*,*,#1577,.T.);
#2369=ORIENTED_EDGE('',*,*,#1581,.T.);
#2370=ORIENTED_EDGE('',*,*,#1584,.T.);
#2371=ORIENTED_EDGE('',*,*,#1587,.T.);
#2372=ORIENTED_EDGE('',*,*,#1590,.T.);
#2373=ORIENTED_EDGE('',*,*,#1624,.T.);
#2374=ORIENTED_EDGE('',*,*,#1627,.T.);
#2375=ORIENTED_EDGE('',*,*,#1630,.T.);
#2376=ORIENTED_EDGE('',*,*,#1633,.T.);
#2377=ORIENTED_EDGE('',*,*,#1636,.T.);
#2378=ORIENTED_EDGE('',*,*,#1561,.T.);
#2379=ORIENTED_EDGE('',*,*,#1565,.T.);
#2380=ORIENTED_EDGE('',*,*,#1568,.T.);
#2381=ORIENTED_EDGE('',*,*,#1571,.T.);
#2382=ORIENTED_EDGE('',*,*,#1574,.T.);
#2383=ORIENTED_EDGE('',*,*,#1756,.F.);
#2384=ORIENTED_EDGE('',*,*,#1757,.T.);
#2385=ORIENTED_EDGE('',*,*,#1758,.F.);
#2386=ORIENTED_EDGE('',*,*,#1759,.F.);
#2387=ORIENTED_EDGE('',*,*,#1760,.F.);
#2388=ORIENTED_EDGE('',*,*,#1761,.T.);
#2389=ORIENTED_EDGE('',*,*,#1762,.F.);
#2390=ORIENTED_EDGE('',*,*,#1757,.F.);
#2391=ORIENTED_EDGE('',*,*,#1763,.F.);
#2392=ORIENTED_EDGE('',*,*,#1759,.T.);
#2393=ORIENTED_EDGE('',*,*,#1764,.F.);
#2394=ORIENTED_EDGE('',*,*,#1765,.F.);
#2395=ORIENTED_EDGE('',*,*,#1766,.F.);
#2396=ORIENTED_EDGE('',*,*,#1765,.T.);
#2397=ORIENTED_EDGE('',*,*,#1767,.F.);
#2398=ORIENTED_EDGE('',*,*,#1761,.F.);
#2399=ORIENTED_EDGE('',*,*,#1768,.F.);
#2400=ORIENTED_EDGE('',*,*,#1769,.F.);
#2401=ORIENTED_EDGE('',*,*,#1770,.F.);
#2402=ORIENTED_EDGE('',*,*,#1771,.F.);
#2403=ORIENTED_EDGE('',*,*,#1767,.T.);
#2404=ORIENTED_EDGE('',*,*,#1764,.T.);
#2405=ORIENTED_EDGE('',*,*,#1758,.T.);
#2406=ORIENTED_EDGE('',*,*,#1762,.T.);
#2407=ORIENTED_EDGE('',*,*,#1771,.T.);
#2408=ORIENTED_EDGE('',*,*,#1772,.T.);
#2409=ORIENTED_EDGE('',*,*,#1773,.F.);
#2410=ORIENTED_EDGE('',*,*,#1774,.F.);
#2411=ORIENTED_EDGE('',*,*,#1770,.T.);
#2412=ORIENTED_EDGE('',*,*,#1775,.T.);
#2413=ORIENTED_EDGE('',*,*,#1776,.F.);
#2414=ORIENTED_EDGE('',*,*,#1772,.F.);
#2415=ORIENTED_EDGE('',*,*,#1777,.F.);
#2416=ORIENTED_EDGE('',*,*,#1778,.T.);
#2417=ORIENTED_EDGE('',*,*,#1779,.F.);
#2418=ORIENTED_EDGE('',*,*,#1780,.F.);
#2419=ORIENTED_EDGE('',*,*,#1781,.F.);
#2420=ORIENTED_EDGE('',*,*,#1782,.T.);
#2421=ORIENTED_EDGE('',*,*,#1783,.F.);
#2422=ORIENTED_EDGE('',*,*,#1778,.F.);
#2423=ORIENTED_EDGE('',*,*,#1784,.F.);
#2424=ORIENTED_EDGE('',*,*,#1780,.T.);
#2425=ORIENTED_EDGE('',*,*,#1785,.F.);
#2426=ORIENTED_EDGE('',*,*,#1786,.F.);
#2427=ORIENTED_EDGE('',*,*,#1787,.F.);
#2428=ORIENTED_EDGE('',*,*,#1786,.T.);
#2429=ORIENTED_EDGE('',*,*,#1788,.F.);
#2430=ORIENTED_EDGE('',*,*,#1782,.F.);
#2431=ORIENTED_EDGE('',*,*,#1789,.F.);
#2432=ORIENTED_EDGE('',*,*,#1790,.F.);
#2433=ORIENTED_EDGE('',*,*,#1791,.F.);
#2434=ORIENTED_EDGE('',*,*,#1792,.F.);
#2435=ORIENTED_EDGE('',*,*,#1788,.T.);
#2436=ORIENTED_EDGE('',*,*,#1785,.T.);
#2437=ORIENTED_EDGE('',*,*,#1779,.T.);
#2438=ORIENTED_EDGE('',*,*,#1783,.T.);
#2439=ORIENTED_EDGE('',*,*,#1792,.T.);
#2440=ORIENTED_EDGE('',*,*,#1793,.T.);
#2441=ORIENTED_EDGE('',*,*,#1794,.F.);
#2442=ORIENTED_EDGE('',*,*,#1795,.F.);
#2443=ORIENTED_EDGE('',*,*,#1791,.T.);
#2444=ORIENTED_EDGE('',*,*,#1796,.T.);
#2445=ORIENTED_EDGE('',*,*,#1797,.F.);
#2446=ORIENTED_EDGE('',*,*,#1793,.F.);
#2447=ORIENTED_EDGE('',*,*,#1798,.T.);
#2448=ORIENTED_EDGE('',*,*,#1799,.T.);
#2449=ORIENTED_EDGE('',*,*,#1800,.T.);
#2450=ORIENTED_EDGE('',*,*,#1801,.T.);
#2451=ORIENTED_EDGE('',*,*,#1799,.F.);
#2452=ORIENTED_EDGE('',*,*,#1802,.F.);
#2453=ORIENTED_EDGE('',*,*,#1803,.F.);
#2454=ORIENTED_EDGE('',*,*,#1804,.F.);
#2455=ORIENTED_EDGE('',*,*,#1805,.F.);
#2456=ORIENTED_EDGE('',*,*,#1806,.F.);
#2457=ORIENTED_EDGE('',*,*,#1807,.F.);
#2458=ORIENTED_EDGE('',*,*,#1808,.F.);
#2459=ORIENTED_EDGE('',*,*,#1798,.F.);
#2460=ORIENTED_EDGE('',*,*,#1809,.T.);
#2461=ORIENTED_EDGE('',*,*,#1810,.T.);
#2462=ORIENTED_EDGE('',*,*,#1811,.T.);
#2463=ORIENTED_EDGE('',*,*,#1812,.F.);
#2464=ORIENTED_EDGE('',*,*,#1813,.F.);
#2465=ORIENTED_EDGE('',*,*,#1802,.T.);
#2466=ORIENTED_EDGE('',*,*,#1814,.T.);
#2467=ORIENTED_EDGE('',*,*,#1815,.T.);
#2468=ORIENTED_EDGE('',*,*,#1816,.T.);
#2469=ORIENTED_EDGE('',*,*,#1817,.T.);
#2470=ORIENTED_EDGE('',*,*,#1818,.T.);
#2471=ORIENTED_EDGE('',*,*,#1807,.T.);
#2472=ORIENTED_EDGE('',*,*,#1819,.T.);
#2473=ORIENTED_EDGE('',*,*,#1820,.T.);
#2474=ORIENTED_EDGE('',*,*,#1820,.F.);
#2475=ORIENTED_EDGE('',*,*,#1821,.F.);
#2476=ORIENTED_EDGE('',*,*,#1822,.F.);
#2477=ORIENTED_EDGE('',*,*,#1823,.F.);
#2478=ORIENTED_EDGE('',*,*,#1819,.F.);
#2479=ORIENTED_EDGE('',*,*,#1806,.T.);
#2480=ORIENTED_EDGE('',*,*,#1824,.F.);
#2481=ORIENTED_EDGE('',*,*,#1825,.F.);
#2482=ORIENTED_EDGE('',*,*,#1826,.F.);
#2483=ORIENTED_EDGE('',*,*,#1827,.F.);
#2484=ORIENTED_EDGE('',*,*,#1828,.F.);
#2485=ORIENTED_EDGE('',*,*,#1829,.T.);
#2486=ORIENTED_EDGE('',*,*,#1830,.F.);
#2487=ORIENTED_EDGE('',*,*,#1831,.T.);
#2488=ORIENTED_EDGE('',*,*,#1832,.F.);
#2489=ORIENTED_EDGE('',*,*,#1821,.T.);
#2490=ORIENTED_EDGE('',*,*,#1833,.T.);
#2491=ORIENTED_EDGE('',*,*,#1834,.T.);
#2492=ORIENTED_EDGE('',*,*,#1830,.T.);
#2493=ORIENTED_EDGE('',*,*,#1835,.T.);
#2494=ORIENTED_EDGE('',*,*,#1834,.F.);
#2495=ORIENTED_EDGE('',*,*,#1836,.F.);
#2496=ORIENTED_EDGE('',*,*,#1837,.F.);
#2497=ORIENTED_EDGE('',*,*,#1831,.F.);
#2498=ORIENTED_EDGE('',*,*,#1838,.T.);
#2499=ORIENTED_EDGE('',*,*,#1822,.T.);
#2500=ORIENTED_EDGE('',*,*,#1832,.T.);
#2501=ORIENTED_EDGE('',*,*,#1837,.T.);
#2502=ORIENTED_EDGE('',*,*,#1835,.F.);
#2503=ORIENTED_EDGE('',*,*,#1829,.F.);
#2504=ORIENTED_EDGE('',*,*,#1839,.F.);
#2505=ORIENTED_EDGE('',*,*,#1840,.F.);
#2506=ORIENTED_EDGE('',*,*,#1841,.F.);
#2507=ORIENTED_EDGE('',*,*,#1842,.F.);
#2508=ORIENTED_EDGE('',*,*,#1843,.F.);
#2509=ORIENTED_EDGE('',*,*,#1844,.F.);
#2510=ORIENTED_EDGE('',*,*,#1845,.F.);
#2511=ORIENTED_EDGE('',*,*,#1846,.T.);
#2512=ORIENTED_EDGE('',*,*,#1800,.F.);
#2513=ORIENTED_EDGE('',*,*,#1808,.T.);
#2514=ORIENTED_EDGE('',*,*,#1818,.F.);
#2515=ORIENTED_EDGE('',*,*,#1823,.T.);
#2516=ORIENTED_EDGE('',*,*,#1838,.F.);
#2517=ORIENTED_EDGE('',*,*,#1836,.T.);
#2518=ORIENTED_EDGE('',*,*,#1833,.F.);
#2519=ORIENTED_EDGE('',*,*,#1842,.T.);
#2520=ORIENTED_EDGE('',*,*,#1847,.T.);
#2521=ORIENTED_EDGE('',*,*,#1844,.T.);
#2522=ORIENTED_EDGE('',*,*,#1848,.T.);
#2523=ORIENTED_EDGE('',*,*,#1849,.T.);
#2524=ORIENTED_EDGE('',*,*,#1850,.T.);
#2525=ORIENTED_EDGE('',*,*,#1794,.T.);
#2526=ORIENTED_EDGE('',*,*,#1797,.T.);
#2527=ORIENTED_EDGE('',*,*,#1851,.T.);
#2528=ORIENTED_EDGE('',*,*,#1852,.T.);
#2529=ORIENTED_EDGE('',*,*,#1773,.T.);
#2530=ORIENTED_EDGE('',*,*,#1776,.T.);
#2531=ORIENTED_EDGE('',*,*,#1853,.T.);
#2532=ORIENTED_EDGE('',*,*,#1854,.T.);
#2533=ORIENTED_EDGE('',*,*,#1855,.T.);
#2534=ORIENTED_EDGE('',*,*,#1856,.T.);
#2535=ORIENTED_EDGE('',*,*,#1857,.T.);
#2536=ORIENTED_EDGE('',*,*,#1858,.T.);
#2537=ORIENTED_EDGE('',*,*,#1859,.T.);
#2538=ORIENTED_EDGE('',*,*,#1860,.T.);
#2539=ORIENTED_EDGE('',*,*,#1861,.T.);
#2540=ORIENTED_EDGE('',*,*,#1730,.T.);
#2541=ORIENTED_EDGE('',*,*,#1733,.T.);
#2542=ORIENTED_EDGE('',*,*,#1736,.T.);
#2543=ORIENTED_EDGE('',*,*,#1739,.T.);
#2544=ORIENTED_EDGE('',*,*,#1742,.T.);
#2545=ORIENTED_EDGE('',*,*,#1745,.T.);
#2546=ORIENTED_EDGE('',*,*,#1748,.T.);
#2547=ORIENTED_EDGE('',*,*,#1751,.T.);
#2548=ORIENTED_EDGE('',*,*,#1754,.T.);
#2549=ORIENTED_EDGE('',*,*,#1702,.T.);
#2550=ORIENTED_EDGE('',*,*,#1706,.T.);
#2551=ORIENTED_EDGE('',*,*,#1709,.T.);
#2552=ORIENTED_EDGE('',*,*,#1712,.T.);
#2553=ORIENTED_EDGE('',*,*,#1715,.T.);
#2554=ORIENTED_EDGE('',*,*,#1718,.T.);
#2555=ORIENTED_EDGE('',*,*,#1721,.T.);
#2556=ORIENTED_EDGE('',*,*,#1724,.T.);
#2557=ORIENTED_EDGE('',*,*,#1727,.T.);
#2558=ORIENTED_EDGE('',*,*,#1691,.T.);
#2559=ORIENTED_EDGE('',*,*,#1694,.T.);
#2560=ORIENTED_EDGE('',*,*,#1697,.T.);
#2561=ORIENTED_EDGE('',*,*,#1700,.T.);
#2562=ORIENTED_EDGE('',*,*,#1681,.T.);
#2563=ORIENTED_EDGE('',*,*,#1685,.T.);
#2564=ORIENTED_EDGE('',*,*,#1688,.T.);
#2565=ORIENTED_EDGE('',*,*,#1652,.T.);
#2566=ORIENTED_EDGE('',*,*,#1655,.T.);
#2567=ORIENTED_EDGE('',*,*,#1658,.T.);
#2568=ORIENTED_EDGE('',*,*,#1661,.T.);
#2569=ORIENTED_EDGE('',*,*,#1664,.T.);
#2570=ORIENTED_EDGE('',*,*,#1667,.T.);
#2571=ORIENTED_EDGE('',*,*,#1670,.T.);
#2572=ORIENTED_EDGE('',*,*,#1673,.T.);
#2573=ORIENTED_EDGE('',*,*,#1676,.T.);
#2574=ORIENTED_EDGE('',*,*,#1679,.T.);
#2575=ORIENTED_EDGE('',*,*,#1593,.T.);
#2576=ORIENTED_EDGE('',*,*,#1597,.T.);
#2577=ORIENTED_EDGE('',*,*,#1600,.T.);
#2578=ORIENTED_EDGE('',*,*,#1603,.T.);
#2579=ORIENTED_EDGE('',*,*,#1606,.T.);
#2580=ORIENTED_EDGE('',*,*,#1609,.T.);
#2581=ORIENTED_EDGE('',*,*,#1612,.T.);
#2582=ORIENTED_EDGE('',*,*,#1615,.T.);
#2583=ORIENTED_EDGE('',*,*,#1618,.T.);
#2584=ORIENTED_EDGE('',*,*,#1621,.T.);
#2585=ORIENTED_EDGE('',*,*,#1556,.T.);
#2586=ORIENTED_EDGE('',*,*,#1559,.T.);
#2587=ORIENTED_EDGE('',*,*,#1549,.T.);
#2588=ORIENTED_EDGE('',*,*,#1553,.T.);
#2589=ORIENTED_EDGE('',*,*,#1532,.T.);
#2590=ORIENTED_EDGE('',*,*,#1535,.T.);
#2591=ORIENTED_EDGE('',*,*,#1538,.T.);
#2592=ORIENTED_EDGE('',*,*,#1541,.T.);
#2593=ORIENTED_EDGE('',*,*,#1544,.T.);
#2594=ORIENTED_EDGE('',*,*,#1547,.T.);
#2595=ORIENTED_EDGE('',*,*,#1516,.T.);
#2596=ORIENTED_EDGE('',*,*,#1520,.T.);
#2597=ORIENTED_EDGE('',*,*,#1523,.T.);
#2598=ORIENTED_EDGE('',*,*,#1526,.T.);
#2599=ORIENTED_EDGE('',*,*,#1529,.T.);
#2600=ORIENTED_EDGE('',*,*,#1843,.T.);
#2601=ORIENTED_EDGE('',*,*,#1862,.T.);
#2602=ORIENTED_EDGE('',*,*,#1863,.F.);
#2603=ORIENTED_EDGE('',*,*,#1848,.F.);
#2604=ORIENTED_EDGE('',*,*,#1801,.F.);
#2605=ORIENTED_EDGE('',*,*,#1849,.F.);
#2606=ORIENTED_EDGE('',*,*,#1863,.T.);
#2607=ORIENTED_EDGE('',*,*,#1864,.T.);
#2608=ORIENTED_EDGE('',*,*,#1865,.T.);
#2609=ORIENTED_EDGE('',*,*,#1866,.F.);
#2610=ORIENTED_EDGE('',*,*,#1867,.F.);
#2611=ORIENTED_EDGE('',*,*,#1862,.F.);
#2612=ORIENTED_EDGE('',*,*,#1864,.F.);
#2613=ORIENTED_EDGE('',*,*,#1867,.T.);
#2614=ORIENTED_EDGE('',*,*,#1868,.F.);
#2615=ORIENTED_EDGE('',*,*,#1869,.F.);
#2616=ORIENTED_EDGE('',*,*,#1869,.T.);
#2617=ORIENTED_EDGE('',*,*,#1870,.F.);
#2618=ORIENTED_EDGE('',*,*,#1871,.F.);
#2619=ORIENTED_EDGE('',*,*,#1809,.F.);
#2620=ORIENTED_EDGE('',*,*,#1810,.F.);
#2621=ORIENTED_EDGE('',*,*,#1871,.T.);
#2622=ORIENTED_EDGE('',*,*,#1872,.F.);
#2623=ORIENTED_EDGE('',*,*,#1865,.F.);
#2624=ORIENTED_EDGE('',*,*,#1846,.F.);
#2625=ORIENTED_EDGE('',*,*,#1872,.T.);
#2626=ORIENTED_EDGE('',*,*,#1870,.T.);
#2627=ORIENTED_EDGE('',*,*,#1868,.T.);
#2628=ORIENTED_EDGE('',*,*,#1866,.T.);
#2629=ORIENTED_EDGE('',*,*,#1766,.T.);
#2630=ORIENTED_EDGE('',*,*,#1760,.T.);
#2631=ORIENTED_EDGE('',*,*,#1756,.T.);
#2632=ORIENTED_EDGE('',*,*,#1763,.T.);
#2633=ORIENTED_EDGE('',*,*,#1814,.F.);
#2634=ORIENTED_EDGE('',*,*,#1873,.T.);
#2635=ORIENTED_EDGE('',*,*,#1874,.F.);
#2636=ORIENTED_EDGE('',*,*,#1875,.F.);
#2637=ORIENTED_EDGE('',*,*,#1815,.F.);
#2638=ORIENTED_EDGE('',*,*,#1875,.T.);
#2639=ORIENTED_EDGE('',*,*,#1876,.F.);
#2640=ORIENTED_EDGE('',*,*,#1877,.F.);
#2641=ORIENTED_EDGE('',*,*,#1816,.F.);
#2642=ORIENTED_EDGE('',*,*,#1877,.T.);
#2643=ORIENTED_EDGE('',*,*,#1878,.F.);
#2644=ORIENTED_EDGE('',*,*,#1879,.F.);
#2645=ORIENTED_EDGE('',*,*,#1817,.F.);
#2646=ORIENTED_EDGE('',*,*,#1879,.T.);
#2647=ORIENTED_EDGE('',*,*,#1880,.F.);
#2648=ORIENTED_EDGE('',*,*,#1873,.F.);
#2649=ORIENTED_EDGE('',*,*,#1880,.T.);
#2650=ORIENTED_EDGE('',*,*,#1878,.T.);
#2651=ORIENTED_EDGE('',*,*,#1876,.T.);
#2652=ORIENTED_EDGE('',*,*,#1874,.T.);
#2653=ORIENTED_EDGE('',*,*,#1787,.T.);
#2654=ORIENTED_EDGE('',*,*,#1781,.T.);
#2655=ORIENTED_EDGE('',*,*,#1777,.T.);
#2656=ORIENTED_EDGE('',*,*,#1784,.T.);
#2657=ORIENTED_EDGE('',*,*,#1790,.T.);
#2658=ORIENTED_EDGE('',*,*,#1881,.F.);
#2659=ORIENTED_EDGE('',*,*,#1851,.F.);
#2660=ORIENTED_EDGE('',*,*,#1796,.F.);
#2661=ORIENTED_EDGE('',*,*,#1789,.T.);
#2662=ORIENTED_EDGE('',*,*,#1795,.T.);
#2663=ORIENTED_EDGE('',*,*,#1850,.F.);
#2664=ORIENTED_EDGE('',*,*,#1881,.T.);
#2665=ORIENTED_EDGE('',*,*,#1769,.T.);
#2666=ORIENTED_EDGE('',*,*,#1882,.F.);
#2667=ORIENTED_EDGE('',*,*,#1853,.F.);
#2668=ORIENTED_EDGE('',*,*,#1775,.F.);
#2669=ORIENTED_EDGE('',*,*,#1768,.T.);
#2670=ORIENTED_EDGE('',*,*,#1774,.T.);
#2671=ORIENTED_EDGE('',*,*,#1852,.F.);
#2672=ORIENTED_EDGE('',*,*,#1882,.T.);
#2673=ORIENTED_EDGE('',*,*,#1845,.T.);
#2674=ORIENTED_EDGE('',*,*,#1847,.F.);
#2675=ORIENTED_EDGE('',*,*,#1841,.T.);
#2676=ORIENTED_EDGE('',*,*,#1811,.F.);
#2677=ORIENTED_EDGE('',*,*,#1804,.T.);
#2678=ORIENTED_EDGE('',*,*,#1883,.F.);
#2679=ORIENTED_EDGE('',*,*,#1884,.F.);
#2680=ORIENTED_EDGE('',*,*,#1885,.T.);
#2681=ORIENTED_EDGE('',*,*,#1803,.T.);
#2682=ORIENTED_EDGE('',*,*,#1813,.T.);
#2683=ORIENTED_EDGE('',*,*,#1886,.F.);
#2684=ORIENTED_EDGE('',*,*,#1887,.F.);
#2685=ORIENTED_EDGE('',*,*,#1883,.T.);
#2686=ORIENTED_EDGE('',*,*,#1812,.T.);
#2687=ORIENTED_EDGE('',*,*,#1840,.T.);
#2688=ORIENTED_EDGE('',*,*,#1888,.F.);
#2689=ORIENTED_EDGE('',*,*,#1889,.F.);
#2690=ORIENTED_EDGE('',*,*,#1886,.T.);
#2691=ORIENTED_EDGE('',*,*,#1839,.T.);
#2692=ORIENTED_EDGE('',*,*,#1828,.T.);
#2693=ORIENTED_EDGE('',*,*,#1890,.T.);
#2694=ORIENTED_EDGE('',*,*,#1891,.F.);
#2695=ORIENTED_EDGE('',*,*,#1888,.T.);
#2696=ORIENTED_EDGE('',*,*,#1892,.F.);
#2697=ORIENTED_EDGE('',*,*,#1893,.T.);
#2698=ORIENTED_EDGE('',*,*,#1894,.F.);
#2699=ORIENTED_EDGE('',*,*,#1895,.F.);
#2700=ORIENTED_EDGE('',*,*,#1896,.F.);
#2701=ORIENTED_EDGE('',*,*,#1897,.T.);
#2702=ORIENTED_EDGE('',*,*,#1898,.F.);
#2703=ORIENTED_EDGE('',*,*,#1893,.F.);
#2704=ORIENTED_EDGE('',*,*,#1899,.F.);
#2705=ORIENTED_EDGE('',*,*,#1900,.T.);
#2706=ORIENTED_EDGE('',*,*,#1901,.F.);
#2707=ORIENTED_EDGE('',*,*,#1897,.F.);
#2708=ORIENTED_EDGE('',*,*,#1902,.F.);
#2709=ORIENTED_EDGE('',*,*,#1903,.T.);
#2710=ORIENTED_EDGE('',*,*,#1904,.F.);
#2711=ORIENTED_EDGE('',*,*,#1900,.F.);
#2712=ORIENTED_EDGE('',*,*,#1905,.F.);
#2713=ORIENTED_EDGE('',*,*,#1906,.T.);
#2714=ORIENTED_EDGE('',*,*,#1907,.F.);
#2715=ORIENTED_EDGE('',*,*,#1903,.F.);
#2716=ORIENTED_EDGE('',*,*,#1908,.F.);
#2717=ORIENTED_EDGE('',*,*,#1895,.T.);
#2718=ORIENTED_EDGE('',*,*,#1909,.F.);
#2719=ORIENTED_EDGE('',*,*,#1910,.F.);
#2720=ORIENTED_EDGE('',*,*,#1911,.F.);
#2721=ORIENTED_EDGE('',*,*,#1910,.T.);
#2722=ORIENTED_EDGE('',*,*,#1912,.F.);
#2723=ORIENTED_EDGE('',*,*,#1913,.F.);
#2724=ORIENTED_EDGE('',*,*,#1914,.F.);
#2725=ORIENTED_EDGE('',*,*,#1913,.T.);
#2726=ORIENTED_EDGE('',*,*,#1915,.F.);
#2727=ORIENTED_EDGE('',*,*,#1906,.F.);
#2728=ORIENTED_EDGE('',*,*,#1891,.T.);
#2729=ORIENTED_EDGE('',*,*,#1916,.T.);
#2730=ORIENTED_EDGE('',*,*,#1917,.T.);
#2731=ORIENTED_EDGE('',*,*,#1918,.T.);
#2732=ORIENTED_EDGE('',*,*,#1919,.T.);
#2733=ORIENTED_EDGE('',*,*,#1884,.T.);
#2734=ORIENTED_EDGE('',*,*,#1887,.T.);
#2735=ORIENTED_EDGE('',*,*,#1889,.T.);
#2736=ORIENTED_EDGE('',*,*,#1915,.T.);
#2737=ORIENTED_EDGE('',*,*,#1912,.T.);
#2738=ORIENTED_EDGE('',*,*,#1909,.T.);
#2739=ORIENTED_EDGE('',*,*,#1894,.T.);
#2740=ORIENTED_EDGE('',*,*,#1898,.T.);
#2741=ORIENTED_EDGE('',*,*,#1901,.T.);
#2742=ORIENTED_EDGE('',*,*,#1904,.T.);
#2743=ORIENTED_EDGE('',*,*,#1907,.T.);
#2744=ORIENTED_EDGE('',*,*,#1920,.T.);
#2745=ORIENTED_EDGE('',*,*,#1921,.T.);
#2746=ORIENTED_EDGE('',*,*,#1861,.F.);
#2747=ORIENTED_EDGE('',*,*,#1922,.F.);
#2748=ORIENTED_EDGE('',*,*,#1923,.F.);
#2749=ORIENTED_EDGE('',*,*,#1922,.T.);
#2750=ORIENTED_EDGE('',*,*,#1860,.F.);
#2751=ORIENTED_EDGE('',*,*,#1924,.F.);
#2752=ORIENTED_EDGE('',*,*,#1925,.T.);
#2753=ORIENTED_EDGE('',*,*,#1924,.T.);
#2754=ORIENTED_EDGE('',*,*,#1859,.F.);
#2755=ORIENTED_EDGE('',*,*,#1926,.F.);
#2756=ORIENTED_EDGE('',*,*,#1927,.F.);
#2757=ORIENTED_EDGE('',*,*,#1926,.T.);
#2758=ORIENTED_EDGE('',*,*,#1858,.F.);
#2759=ORIENTED_EDGE('',*,*,#1928,.F.);
#2760=ORIENTED_EDGE('',*,*,#1929,.T.);
#2761=ORIENTED_EDGE('',*,*,#1928,.T.);
#2762=ORIENTED_EDGE('',*,*,#1857,.F.);
#2763=ORIENTED_EDGE('',*,*,#1930,.F.);
#2764=ORIENTED_EDGE('',*,*,#1931,.F.);
#2765=ORIENTED_EDGE('',*,*,#1930,.T.);
#2766=ORIENTED_EDGE('',*,*,#1856,.F.);
#2767=ORIENTED_EDGE('',*,*,#1932,.F.);
#2768=ORIENTED_EDGE('',*,*,#1933,.T.);
#2769=ORIENTED_EDGE('',*,*,#1932,.T.);
#2770=ORIENTED_EDGE('',*,*,#1855,.F.);
#2771=ORIENTED_EDGE('',*,*,#1934,.F.);
#2772=ORIENTED_EDGE('',*,*,#1935,.F.);
#2773=ORIENTED_EDGE('',*,*,#1934,.T.);
#2774=ORIENTED_EDGE('',*,*,#1854,.F.);
#2775=ORIENTED_EDGE('',*,*,#1921,.F.);
#2776=ORIENTED_EDGE('',*,*,#1827,.T.);
#2777=ORIENTED_EDGE('',*,*,#1936,.F.);
#2778=ORIENTED_EDGE('',*,*,#1916,.F.);
#2779=ORIENTED_EDGE('',*,*,#1890,.F.);
#2780=ORIENTED_EDGE('',*,*,#1826,.T.);
#2781=ORIENTED_EDGE('',*,*,#1937,.F.);
#2782=ORIENTED_EDGE('',*,*,#1917,.F.);
#2783=ORIENTED_EDGE('',*,*,#1936,.T.);
#2784=ORIENTED_EDGE('',*,*,#1825,.T.);
#2785=ORIENTED_EDGE('',*,*,#1938,.F.);
#2786=ORIENTED_EDGE('',*,*,#1918,.F.);
#2787=ORIENTED_EDGE('',*,*,#1937,.T.);
#2788=ORIENTED_EDGE('',*,*,#1824,.T.);
#2789=ORIENTED_EDGE('',*,*,#1805,.T.);
#2790=ORIENTED_EDGE('',*,*,#1885,.F.);
#2791=ORIENTED_EDGE('',*,*,#1919,.F.);
#2792=ORIENTED_EDGE('',*,*,#1938,.T.);
#2793=ORIENTED_EDGE('',*,*,#1939,.F.);
#2794=ORIENTED_EDGE('',*,*,#1940,.T.);
#2795=ORIENTED_EDGE('',*,*,#1941,.F.);
#2796=ORIENTED_EDGE('',*,*,#1942,.F.);
#2797=ORIENTED_EDGE('',*,*,#1943,.F.);
#2798=ORIENTED_EDGE('',*,*,#1944,.T.);
#2799=ORIENTED_EDGE('',*,*,#1945,.F.);
#2800=ORIENTED_EDGE('',*,*,#1940,.F.);
#2801=ORIENTED_EDGE('',*,*,#1946,.F.);
#2802=ORIENTED_EDGE('',*,*,#1947,.T.);
#2803=ORIENTED_EDGE('',*,*,#1948,.F.);
#2804=ORIENTED_EDGE('',*,*,#1944,.F.);
#2805=ORIENTED_EDGE('',*,*,#1949,.F.);
#2806=ORIENTED_EDGE('',*,*,#1950,.T.);
#2807=ORIENTED_EDGE('',*,*,#1951,.F.);
#2808=ORIENTED_EDGE('',*,*,#1947,.F.);
#2809=ORIENTED_EDGE('',*,*,#1952,.F.);
#2810=ORIENTED_EDGE('',*,*,#1953,.T.);
#2811=ORIENTED_EDGE('',*,*,#1954,.F.);
#2812=ORIENTED_EDGE('',*,*,#1950,.F.);
#2813=ORIENTED_EDGE('',*,*,#1955,.F.);
#2814=ORIENTED_EDGE('',*,*,#1956,.T.);
#2815=ORIENTED_EDGE('',*,*,#1957,.F.);
#2816=ORIENTED_EDGE('',*,*,#1953,.F.);
#2817=ORIENTED_EDGE('',*,*,#1958,.F.);
#2818=ORIENTED_EDGE('',*,*,#1959,.T.);
#2819=ORIENTED_EDGE('',*,*,#1960,.F.);
#2820=ORIENTED_EDGE('',*,*,#1956,.F.);
#2821=ORIENTED_EDGE('',*,*,#1961,.F.);
#2822=ORIENTED_EDGE('',*,*,#1942,.T.);
#2823=ORIENTED_EDGE('',*,*,#1962,.F.);
#2824=ORIENTED_EDGE('',*,*,#1959,.F.);
#2825=ORIENTED_EDGE('',*,*,#1935,.T.);
#2826=ORIENTED_EDGE('',*,*,#1920,.F.);
#2827=ORIENTED_EDGE('',*,*,#1923,.T.);
#2828=ORIENTED_EDGE('',*,*,#1925,.F.);
#2829=ORIENTED_EDGE('',*,*,#1927,.T.);
#2830=ORIENTED_EDGE('',*,*,#1929,.F.);
#2831=ORIENTED_EDGE('',*,*,#1931,.T.);
#2832=ORIENTED_EDGE('',*,*,#1933,.F.);
#2833=ORIENTED_EDGE('',*,*,#1939,.T.);
#2834=ORIENTED_EDGE('',*,*,#1961,.T.);
#2835=ORIENTED_EDGE('',*,*,#1958,.T.);
#2836=ORIENTED_EDGE('',*,*,#1955,.T.);
#2837=ORIENTED_EDGE('',*,*,#1952,.T.);
#2838=ORIENTED_EDGE('',*,*,#1949,.T.);
#2839=ORIENTED_EDGE('',*,*,#1946,.T.);
#2840=ORIENTED_EDGE('',*,*,#1943,.T.);
#2841=ORIENTED_EDGE('',*,*,#1914,.T.);
#2842=ORIENTED_EDGE('',*,*,#1905,.T.);
#2843=ORIENTED_EDGE('',*,*,#1902,.T.);
#2844=ORIENTED_EDGE('',*,*,#1899,.T.);
#2845=ORIENTED_EDGE('',*,*,#1896,.T.);
#2846=ORIENTED_EDGE('',*,*,#1892,.T.);
#2847=ORIENTED_EDGE('',*,*,#1908,.T.);
#2848=ORIENTED_EDGE('',*,*,#1911,.T.);
#2849=ORIENTED_EDGE('',*,*,#1941,.T.);
#2850=ORIENTED_EDGE('',*,*,#1945,.T.);
#2851=ORIENTED_EDGE('',*,*,#1948,.T.);
#2852=ORIENTED_EDGE('',*,*,#1951,.T.);
#2853=ORIENTED_EDGE('',*,*,#1954,.T.);
#2854=ORIENTED_EDGE('',*,*,#1957,.T.);
#2855=ORIENTED_EDGE('',*,*,#1960,.T.);
#2856=ORIENTED_EDGE('',*,*,#1962,.T.);
#2857=PLANE('',#3139);
#2858=PLANE('',#3140);
#2859=PLANE('',#3141);
#2860=PLANE('',#3142);
#2861=PLANE('',#3143);
#2862=PLANE('',#3144);
#2863=PLANE('',#3145);
#2864=PLANE('',#3146);
#2865=PLANE('',#3147);
#2866=PLANE('',#3148);
#2867=PLANE('',#3149);
#2868=PLANE('',#3150);
#2869=PLANE('',#3151);
#2870=PLANE('',#3152);
#2871=PLANE('',#3153);
#2872=PLANE('',#3154);
#2873=PLANE('',#3155);
#2874=PLANE('',#3156);
#2875=PLANE('',#3157);
#2876=PLANE('',#3158);
#2877=PLANE('',#3159);
#2878=PLANE('',#3160);
#2879=PLANE('',#3161);
#2880=PLANE('',#3162);
#2881=PLANE('',#3163);
#2882=PLANE('',#3164);
#2883=PLANE('',#3165);
#2884=PLANE('',#3166);
#2885=PLANE('',#3167);
#2886=PLANE('',#3168);
#2887=PLANE('',#3169);
#2888=PLANE('',#3170);
#2889=PLANE('',#3171);
#2890=PLANE('',#3172);
#2891=PLANE('',#3173);
#2892=PLANE('',#3174);
#2893=PLANE('',#3175);
#2894=PLANE('',#3176);
#2895=PLANE('',#3177);
#2896=PLANE('',#3178);
#2897=PLANE('',#3179);
#2898=PLANE('',#3180);
#2899=PLANE('',#3181);
#2900=PLANE('',#3182);
#2901=PLANE('',#3183);
#2902=PLANE('',#3184);
#2903=PLANE('',#3185);
#2904=PLANE('',#3186);
#2905=PLANE('',#3187);
#2906=PLANE('',#3188);
#2907=PLANE('',#3189);
#2908=PLANE('',#3190);
#2909=PLANE('',#3191);
#2910=PLANE('',#3192);
#2911=PLANE('',#3193);
#2912=PLANE('',#3194);
#2913=PLANE('',#3195);
#2914=PLANE('',#3196);
#2915=PLANE('',#3197);
#2916=PLANE('',#3198);
#2917=PLANE('',#3199);
#2918=PLANE('',#3200);
#2919=PLANE('',#3201);
#2920=PLANE('',#3202);
#2921=PLANE('',#3203);
#2922=PLANE('',#3207);
#2923=PLANE('',#3209);
#2924=PLANE('',#3214);
#2925=PLANE('',#3215);
#2926=PLANE('',#3223);
#2927=PLANE('',#3226);
#2928=PLANE('',#3227);
#2929=PLANE('',#3228);
#2930=PLANE('',#3233);
#2931=PLANE('',#3234);
#2932=PLANE('',#3235);
#2933=PLANE('',#3236);
#2934=PLANE('',#3237);
#2935=PLANE('',#3238);
#2936=PLANE('',#3239);
#2937=PLANE('',#3240);
#2938=PLANE('',#3241);
#2939=PLANE('',#3242);
#2940=PLANE('',#3243);
#2941=PLANE('',#3244);
#2942=PLANE('',#3245);
#2943=PLANE('',#3246);
#2944=PLANE('',#3247);
#2945=PLANE('',#3248);
#2946=PLANE('',#3249);
#2947=PLANE('',#3250);
#2948=PLANE('',#3253);
#2949=PLANE('',#3256);
#2950=PLANE('',#3260);
#2951=PLANE('',#3264);
#2952=PLANE('',#3268);
#2953=PLANE('',#3272);
#2954=PLANE('',#3275);
#2955=PLANE('',#3278);
#2956=PLANE('',#3281);
#2957=PLANE('',#3284);
#2958=PLANE('',#3287);
#2959=PLANE('',#3289);
#2960=PLANE('',#3291);
#2961=PLANE('',#3292);
#2962=PLANE('',#3293);
#2963=PLANE('',#3294);
#2964=PLANE('',#3295);
#2965=PLANE('',#3296);
#2966=PLANE('',#3297);
#2967=PLANE('',#3298);
#2968=PLANE('',#3299);
#2969=PLANE('',#3300);
#2970=ADVANCED_FACE('',(#194),#2857,.F.);
#2971=ADVANCED_FACE('',(#195),#2858,.F.);
#2972=ADVANCED_FACE('',(#196),#2859,.F.);
#2973=ADVANCED_FACE('',(#197),#2860,.F.);
#2974=ADVANCED_FACE('',(#198),#2861,.F.);
#2975=ADVANCED_FACE('',(#199),#2862,.F.);
#2976=ADVANCED_FACE('',(#200),#2863,.F.);
#2977=ADVANCED_FACE('',(#201),#2864,.F.);
#2978=ADVANCED_FACE('',(#202),#2865,.F.);
#2979=ADVANCED_FACE('',(#203),#2866,.F.);
#2980=ADVANCED_FACE('',(#204),#2867,.F.);
#2981=ADVANCED_FACE('',(#205),#2868,.T.);
#2982=ADVANCED_FACE('',(#206),#2869,.F.);
#2983=ADVANCED_FACE('',(#207),#2870,.F.);
#2984=ADVANCED_FACE('',(#208),#2871,.F.);
#2985=ADVANCED_FACE('',(#209),#2872,.F.);
#2986=ADVANCED_FACE('',(#210),#2873,.T.);
#2987=ADVANCED_FACE('',(#211),#156,.F.);
#2988=ADVANCED_FACE('',(#212),#157,.F.);
#2989=ADVANCED_FACE('',(#213),#158,.F.);
#2990=ADVANCED_FACE('',(#214),#159,.F.);
#2991=ADVANCED_FACE('',(#215),#160,.F.);
#2992=ADVANCED_FACE('',(#216),#161,.F.);
#2993=ADVANCED_FACE('',(#217),#162,.F.);
#2994=ADVANCED_FACE('',(#218),#163,.F.);
#2995=ADVANCED_FACE('',(#219),#164,.F.);
#2996=ADVANCED_FACE('',(#220),#165,.F.);
#2997=ADVANCED_FACE('',(#221),#166,.F.);
#2998=ADVANCED_FACE('',(#222),#167,.F.);
#2999=ADVANCED_FACE('',(#223),#168,.F.);
#3000=ADVANCED_FACE('',(#224),#169,.F.);
#3001=ADVANCED_FACE('',(#225),#170,.F.);
#3002=ADVANCED_FACE('',(#226),#171,.F.);
#3003=ADVANCED_FACE('',(#227),#172,.F.);
#3004=ADVANCED_FACE('',(#228),#173,.F.);
#3005=ADVANCED_FACE('',(#229),#174,.F.);
#3006=ADVANCED_FACE('',(#230),#175,.F.);
#3007=ADVANCED_FACE('',(#231),#176,.F.);
#3008=ADVANCED_FACE('',(#232),#177,.F.);
#3009=ADVANCED_FACE('',(#233),#2874,.F.);
#3010=ADVANCED_FACE('',(#234),#178,.F.);
#3011=ADVANCED_FACE('',(#235),#179,.F.);
#3012=ADVANCED_FACE('',(#236),#180,.F.);
#3013=ADVANCED_FACE('',(#237),#181,.F.);
#3014=ADVANCED_FACE('',(#238),#2875,.F.);
#3015=ADVANCED_FACE('',(#239),#182,.F.);
#3016=ADVANCED_FACE('',(#240),#183,.F.);
#3017=ADVANCED_FACE('',(#241),#184,.F.);
#3018=ADVANCED_FACE('',(#242),#185,.F.);
#3019=ADVANCED_FACE('',(#243),#186,.F.);
#3020=ADVANCED_FACE('',(#244),#187,.F.);
#3021=ADVANCED_FACE('',(#245),#188,.F.);
#3022=ADVANCED_FACE('',(#246),#189,.F.);
#3023=ADVANCED_FACE('',(#247),#190,.F.);
#3024=ADVANCED_FACE('',(#248),#191,.F.);
#3025=ADVANCED_FACE('',(#249),#192,.F.);
#3026=ADVANCED_FACE('',(#250),#193,.F.);
#3027=ADVANCED_FACE('',(#251,#64,#65),#2876,.T.);
#3028=ADVANCED_FACE('',(#252),#2877,.F.);
#3029=ADVANCED_FACE('',(#253),#2878,.F.);
#3030=ADVANCED_FACE('',(#254),#2879,.F.);
#3031=ADVANCED_FACE('',(#255),#2880,.F.);
#3032=ADVANCED_FACE('',(#256),#2881,.F.);
#3033=ADVANCED_FACE('',(#257),#2882,.F.);
#3034=ADVANCED_FACE('',(#258),#2883,.F.);
#3035=ADVANCED_FACE('',(#259),#2884,.T.);
#3036=ADVANCED_FACE('',(#260),#2885,.F.);
#3037=ADVANCED_FACE('',(#261),#2886,.F.);
#3038=ADVANCED_FACE('',(#262),#2887,.F.);
#3039=ADVANCED_FACE('',(#263),#2888,.F.);
#3040=ADVANCED_FACE('',(#264),#2889,.F.);
#3041=ADVANCED_FACE('',(#265),#2890,.F.);
#3042=ADVANCED_FACE('',(#266),#2891,.F.);
#3043=ADVANCED_FACE('',(#267),#2892,.F.);
#3044=ADVANCED_FACE('',(#268),#2893,.F.);
#3045=ADVANCED_FACE('',(#269),#2894,.F.);
#3046=ADVANCED_FACE('',(#270),#2895,.F.);
#3047=ADVANCED_FACE('',(#271),#2896,.F.);
#3048=ADVANCED_FACE('',(#272),#2897,.F.);
#3049=ADVANCED_FACE('',(#273),#2898,.F.);
#3050=ADVANCED_FACE('',(#274),#2899,.F.);
#3051=ADVANCED_FACE('',(#275),#2900,.F.);
#3052=ADVANCED_FACE('',(#276),#2901,.F.);
#3053=ADVANCED_FACE('',(#277),#2902,.F.);
#3054=ADVANCED_FACE('',(#278),#2903,.T.);
#3055=ADVANCED_FACE('',(#279),#2904,.T.);
#3056=ADVANCED_FACE('',(#280),#2905,.T.);
#3057=ADVANCED_FACE('',(#281),#2906,.T.);
#3058=ADVANCED_FACE('',(#282),#2907,.T.);
#3059=ADVANCED_FACE('',(#283),#2908,.T.);
#3060=ADVANCED_FACE('',(#284),#2909,.T.);
#3061=ADVANCED_FACE('',(#285),#2910,.T.);
#3062=ADVANCED_FACE('',(#286),#2911,.T.);
#3063=ADVANCED_FACE('',(#287),#2912,.T.);
#3064=ADVANCED_FACE('',(#288),#2913,.T.);
#3065=ADVANCED_FACE('',(#289),#2914,.T.);
#3066=ADVANCED_FACE('',(#290),#2915,.T.);
#3067=ADVANCED_FACE('',(#291),#2916,.T.);
#3068=ADVANCED_FACE('',(#292),#2917,.T.);
#3069=ADVANCED_FACE('',(#293),#2918,.T.);
#3070=ADVANCED_FACE('',(#294),#2919,.T.);
#3071=ADVANCED_FACE('',(#295),#2920,.T.);
#3072=ADVANCED_FACE('',(#296),#2921,.T.);
#3073=ADVANCED_FACE('',(#297),#48,.T.);
#3074=ADVANCED_FACE('',(#298),#2922,.F.);
#3075=ADVANCED_FACE('',(#299,#66),#2923,.F.);
#3076=ADVANCED_FACE('',(#300),#49,.T.);
#3077=ADVANCED_FACE('',(#301),#2924,.F.);
#3078=ADVANCED_FACE('',(#302),#2925,.F.);
#3079=ADVANCED_FACE('',(#303),#50,.T.);
#3080=ADVANCED_FACE('',(#304),#2926,.F.);
#3081=ADVANCED_FACE('',(#305),#51,.T.);
#3082=ADVANCED_FACE('',(#306),#2927,.F.);
#3083=ADVANCED_FACE('',(#307),#2928,.F.);
#3084=ADVANCED_FACE('',(#308,#67,#68,#69,#70,#71,#72,#73,#74),#2929,.T.);
#3085=ADVANCED_FACE('',(#309),#2930,.F.);
#3086=ADVANCED_FACE('',(#310),#2931,.F.);
#3087=ADVANCED_FACE('',(#311),#2932,.T.);
#3088=ADVANCED_FACE('',(#312),#2933,.T.);
#3089=ADVANCED_FACE('',(#313),#2934,.T.);
#3090=ADVANCED_FACE('',(#314),#2935,.T.);
#3091=ADVANCED_FACE('',(#315,#75),#2936,.T.);
#3092=ADVANCED_FACE('',(#316),#2937,.T.);
#3093=ADVANCED_FACE('',(#317),#2938,.T.);
#3094=ADVANCED_FACE('',(#318),#2939,.T.);
#3095=ADVANCED_FACE('',(#319),#2940,.T.);
#3096=ADVANCED_FACE('',(#320,#76),#2941,.T.);
#3097=ADVANCED_FACE('',(#321),#2942,.T.);
#3098=ADVANCED_FACE('',(#322),#2943,.T.);
#3099=ADVANCED_FACE('',(#323),#2944,.T.);
#3100=ADVANCED_FACE('',(#324),#2945,.T.);
#3101=ADVANCED_FACE('',(#325),#2946,.T.);
#3102=ADVANCED_FACE('',(#326),#2947,.T.);
#3103=ADVANCED_FACE('',(#327),#52,.T.);
#3104=ADVANCED_FACE('',(#328),#2948,.T.);
#3105=ADVANCED_FACE('',(#329),#53,.T.);
#3106=ADVANCED_FACE('',(#330),#2949,.T.);
#3107=ADVANCED_FACE('',(#331),#54,.F.);
#3108=ADVANCED_FACE('',(#332),#2950,.T.);
#3109=ADVANCED_FACE('',(#333),#55,.F.);
#3110=ADVANCED_FACE('',(#334),#2951,.T.);
#3111=ADVANCED_FACE('',(#335),#56,.F.);
#3112=ADVANCED_FACE('',(#336),#2952,.T.);
#3113=ADVANCED_FACE('',(#337),#57,.F.);
#3114=ADVANCED_FACE('',(#338,#77),#2953,.F.);
#3115=ADVANCED_FACE('',(#339),#2954,.T.);
#3116=ADVANCED_FACE('',(#340),#58,.F.);
#3117=ADVANCED_FACE('',(#341),#2955,.T.);
#3118=ADVANCED_FACE('',(#342),#59,.F.);
#3119=ADVANCED_FACE('',(#343),#2956,.T.);
#3120=ADVANCED_FACE('',(#344),#60,.F.);
#3121=ADVANCED_FACE('',(#345),#2957,.T.);
#3122=ADVANCED_FACE('',(#346),#61,.F.);
#3123=ADVANCED_FACE('',(#347),#2958,.T.);
#3124=ADVANCED_FACE('',(#348),#62,.T.);
#3125=ADVANCED_FACE('',(#349),#2959,.T.);
#3126=ADVANCED_FACE('',(#350),#63,.T.);
#3127=ADVANCED_FACE('',(#351),#2960,.F.);
#3128=ADVANCED_FACE('',(#352),#2961,.F.);
#3129=ADVANCED_FACE('',(#353),#2962,.F.);
#3130=ADVANCED_FACE('',(#354),#2963,.F.);
#3131=ADVANCED_FACE('',(#355),#2964,.F.);
#3132=ADVANCED_FACE('',(#356),#2965,.F.);
#3133=ADVANCED_FACE('',(#357),#2966,.F.);
#3134=ADVANCED_FACE('',(#358),#2967,.F.);
#3135=ADVANCED_FACE('',(#359,#78),#2968,.T.);
#3136=ADVANCED_FACE('',(#360,#79),#2969,.F.);
#3137=CLOSED_SHELL('',(#2970,#2971,#2972,#2973,#2974,#2975,#2976,#2977,
#2978,#2979,#2980,#2981,#2982,#2983,#2984,#2985,#2986,#2987,#2988,#2989,
#2990,#2991,#2992,#2993,#2994,#2995,#2996,#2997,#2998,#2999,#3000,#3001,
#3002,#3003,#3004,#3005,#3006,#3007,#3008,#3009,#3010,#3011,#3012,#3013,
#3014,#3015,#3016,#3017,#3018,#3019,#3020,#3021,#3022,#3023,#3024,#3025,
#3026,#3027,#3028,#3029,#3030,#3031,#3032,#3033,#3034,#3035,#3036,#3037,
#3038,#3039,#3040,#3041,#3042,#3043,#3044,#3045,#3046,#3047,#3048,#3049,
#3050,#3051,#3052,#3053,#3054,#3055,#3056,#3057,#3058,#3059,#3060,#3061,
#3062,#3063,#3064,#3065,#3066,#3067,#3068,#3069,#3070,#3071,#3072,#3073,
#3074,#3075,#3076,#3077,#3078,#3079,#3080,#3081,#3082,#3083,#3084,#3085,
#3086,#3087,#3088,#3089,#3090,#3091,#3092,#3093,#3094,#3095,#3096,#3097,
#3098,#3099,#3100,#3101,#3102,#3103,#3104,#3105,#3106,#3107,#3108,#3109,
#3110,#3111,#3112,#3113,#3114,#3115,#3116,#3117,#3118,#3119,#3120,#3121,
#3122,#3123,#3124,#3125,#3126,#3127,#3128,#3129,#3130,#3131,#3132,#3133,
#3134,#3135,#3136));
#3138=AXIS2_PLACEMENT_3D('',#3965,#3301,#3302);
#3139=AXIS2_PLACEMENT_3D('',#3966,#3303,#3304);
#3140=AXIS2_PLACEMENT_3D('',#3975,#3309,#3310);
#3141=AXIS2_PLACEMENT_3D('',#3981,#3314,#3315);
#3142=AXIS2_PLACEMENT_3D('',#3987,#3319,#3320);
#3143=AXIS2_PLACEMENT_3D('',#3993,#3324,#3325);
#3144=AXIS2_PLACEMENT_3D('',#3999,#3329,#3330);
#3145=AXIS2_PLACEMENT_3D('',#4005,#3334,#3335);
#3146=AXIS2_PLACEMENT_3D('',#4011,#3339,#3340);
#3147=AXIS2_PLACEMENT_3D('',#4017,#3344,#3345);
#3148=AXIS2_PLACEMENT_3D('',#4023,#3349,#3350);
#3149=AXIS2_PLACEMENT_3D('',#4029,#3354,#3355);
#3150=AXIS2_PLACEMENT_3D('',#4032,#3358,#3359);
#3151=AXIS2_PLACEMENT_3D('',#4033,#3360,#3361);
#3152=AXIS2_PLACEMENT_3D('',#4042,#3366,#3367);
#3153=AXIS2_PLACEMENT_3D('',#4048,#3371,#3372);
#3154=AXIS2_PLACEMENT_3D('',#4054,#3376,#3377);
#3155=AXIS2_PLACEMENT_3D('',#4057,#3380,#3381);
#3156=AXIS2_PLACEMENT_3D('',#4614,#3407,#3408);
#3157=AXIS2_PLACEMENT_3D('',#4716,#3415,#3416);
#3158=AXIS2_PLACEMENT_3D('',#5014,#3430,#3431);
#3159=AXIS2_PLACEMENT_3D('',#5015,#3432,#3433);
#3160=AXIS2_PLACEMENT_3D('',#5024,#3438,#3439);
#3161=AXIS2_PLACEMENT_3D('',#5030,#3443,#3444);
#3162=AXIS2_PLACEMENT_3D('',#5036,#3448,#3449);
#3163=AXIS2_PLACEMENT_3D('',#5042,#3453,#3454);
#3164=AXIS2_PLACEMENT_3D('',#5048,#3458,#3459);
#3165=AXIS2_PLACEMENT_3D('',#5054,#3463,#3464);
#3166=AXIS2_PLACEMENT_3D('',#5057,#3467,#3468);
#3167=AXIS2_PLACEMENT_3D('',#5058,#3469,#3470);
#3168=AXIS2_PLACEMENT_3D('',#5067,#3475,#3476);
#3169=AXIS2_PLACEMENT_3D('',#5073,#3480,#3481);
#3170=AXIS2_PLACEMENT_3D('',#5079,#3485,#3486);
#3171=AXIS2_PLACEMENT_3D('',#5085,#3490,#3491);
#3172=AXIS2_PLACEMENT_3D('',#5091,#3495,#3496);
#3173=AXIS2_PLACEMENT_3D('',#5097,#3500,#3501);
#3174=AXIS2_PLACEMENT_3D('',#5103,#3505,#3506);
#3175=AXIS2_PLACEMENT_3D('',#5109,#3510,#3511);
#3176=AXIS2_PLACEMENT_3D('',#5115,#3515,#3516);
#3177=AXIS2_PLACEMENT_3D('',#5121,#3520,#3521);
#3178=AXIS2_PLACEMENT_3D('',#5127,#3525,#3526);
#3179=AXIS2_PLACEMENT_3D('',#5133,#3530,#3531);
#3180=AXIS2_PLACEMENT_3D('',#5139,#3535,#3536);
#3181=AXIS2_PLACEMENT_3D('',#5145,#3540,#3541);
#3182=AXIS2_PLACEMENT_3D('',#5151,#3545,#3546);
#3183=AXIS2_PLACEMENT_3D('',#5157,#3550,#3551);
#3184=AXIS2_PLACEMENT_3D('',#5163,#3555,#3556);
#3185=AXIS2_PLACEMENT_3D('',#5166,#3559,#3560);
#3186=AXIS2_PLACEMENT_3D('',#5167,#3561,#3562);
#3187=AXIS2_PLACEMENT_3D('',#5168,#3563,#3564);
#3188=AXIS2_PLACEMENT_3D('',#5169,#3565,#3566);
#3189=AXIS2_PLACEMENT_3D('',#5178,#3571,#3572);
#3190=AXIS2_PLACEMENT_3D('',#5184,#3576,#3577);
#3191=AXIS2_PLACEMENT_3D('',#5190,#3581,#3582);
#3192=AXIS2_PLACEMENT_3D('',#5193,#3585,#3586);
#3193=AXIS2_PLACEMENT_3D('',#5202,#3591,#3592);
#3194=AXIS2_PLACEMENT_3D('',#5203,#3593,#3594);
#3195=AXIS2_PLACEMENT_3D('',#5209,#3598,#3599);
#3196=AXIS2_PLACEMENT_3D('',#5213,#3602,#3603);
#3197=AXIS2_PLACEMENT_3D('',#5222,#3608,#3609);
#3198=AXIS2_PLACEMENT_3D('',#5228,#3613,#3614);
#3199=AXIS2_PLACEMENT_3D('',#5234,#3618,#3619);
#3200=AXIS2_PLACEMENT_3D('',#5237,#3622,#3623);
#3201=AXIS2_PLACEMENT_3D('',#5246,#3628,#3629);
#3202=AXIS2_PLACEMENT_3D('',#5247,#3630,#3631);
#3203=AXIS2_PLACEMENT_3D('',#5253,#3635,#3636);
#3204=AXIS2_PLACEMENT_3D('',#5257,#3639,#3640);
#3205=AXIS2_PLACEMENT_3D('',#5260,#3641,#3642);
#3206=AXIS2_PLACEMENT_3D('',#5264,#3644,#3645);
#3207=AXIS2_PLACEMENT_3D('',#5266,#3647,#3648);
#3208=AXIS2_PLACEMENT_3D('',#5270,#3650,#3651);
#3209=AXIS2_PLACEMENT_3D('',#5280,#3657,#3658);
#3210=AXIS2_PLACEMENT_3D('',#5289,#3663,#3664);
#3211=AXIS2_PLACEMENT_3D('',#5298,#3669,#3670);
#3212=AXIS2_PLACEMENT_3D('',#5300,#3671,#3672);
#3213=AXIS2_PLACEMENT_3D('',#5302,#3673,#3674);
#3214=AXIS2_PLACEMENT_3D('',#5304,#3676,#3677);
#3215=AXIS2_PLACEMENT_3D('',#5310,#3681,#3682);
#3216=AXIS2_PLACEMENT_3D('',#5312,#3683,#3684);
#3217=AXIS2_PLACEMENT_3D('',#5316,#3686,#3687);
#3218=AXIS2_PLACEMENT_3D('',#5320,#3689,#3690);
#3219=AXIS2_PLACEMENT_3D('',#5324,#3692,#3693);
#3220=AXIS2_PLACEMENT_3D('',#5327,#3695,#3696);
#3221=AXIS2_PLACEMENT_3D('',#5328,#3697,#3698);
#3222=AXIS2_PLACEMENT_3D('',#5331,#3699,#3700);
#3223=AXIS2_PLACEMENT_3D('',#5334,#3703,#3704);
#3224=AXIS2_PLACEMENT_3D('',#5338,#3707,#3708);
#3225=AXIS2_PLACEMENT_3D('',#5339,#3709,#3710);
#3226=AXIS2_PLACEMENT_3D('',#5340,#3711,#3712);
#3227=AXIS2_PLACEMENT_3D('',#5347,#3717,#3718);
#3228=AXIS2_PLACEMENT_3D('',#5355,#3723,#3724);
#3229=AXIS2_PLACEMENT_3D('',#5368,#3732,#3733);
#3230=AXIS2_PLACEMENT_3D('',#5372,#3735,#3736);
#3231=AXIS2_PLACEMENT_3D('',#5376,#3738,#3739);
#3232=AXIS2_PLACEMENT_3D('',#5380,#3741,#3742);
#3233=AXIS2_PLACEMENT_3D('',#5382,#3744,#3745);
#3234=AXIS2_PLACEMENT_3D('',#5386,#3748,#3749);
#3235=AXIS2_PLACEMENT_3D('',#5388,#3751,#3752);
#3236=AXIS2_PLACEMENT_3D('',#5394,#3756,#3757);
#3237=AXIS2_PLACEMENT_3D('',#5398,#3760,#3761);
#3238=AXIS2_PLACEMENT_3D('',#5402,#3764,#3765);
#3239=AXIS2_PLACEMENT_3D('',#5404,#3767,#3768);
#3240=AXIS2_PLACEMENT_3D('',#5405,#3769,#3770);
#3241=AXIS2_PLACEMENT_3D('',#5411,#3774,#3775);
#3242=AXIS2_PLACEMENT_3D('',#5415,#3778,#3779);
#3243=AXIS2_PLACEMENT_3D('',#5419,#3782,#3783);
#3244=AXIS2_PLACEMENT_3D('',#5421,#3785,#3786);
#3245=AXIS2_PLACEMENT_3D('',#5422,#3787,#3788);
#3246=AXIS2_PLACEMENT_3D('',#5424,#3790,#3791);
#3247=AXIS2_PLACEMENT_3D('',#5425,#3792,#3793);
#3248=AXIS2_PLACEMENT_3D('',#5427,#3795,#3796);
#3249=AXIS2_PLACEMENT_3D('',#5428,#3797,#3798);
#3250=AXIS2_PLACEMENT_3D('',#5429,#3799,#3800);
#3251=AXIS2_PLACEMENT_3D('',#5435,#3804,#3805);
#3252=AXIS2_PLACEMENT_3D('',#5438,#3807,#3808);
#3253=AXIS2_PLACEMENT_3D('',#5439,#3809,#3810);
#3254=AXIS2_PLACEMENT_3D('',#5443,#3813,#3814);
#3255=AXIS2_PLACEMENT_3D('',#5446,#3816,#3817);
#3256=AXIS2_PLACEMENT_3D('',#5447,#3818,#3819);
#3257=AXIS2_PLACEMENT_3D('',#5456,#3824,#3825);
#3258=AXIS2_PLACEMENT_3D('',#5458,#3826,#3827);
#3259=AXIS2_PLACEMENT_3D('',#5461,#3829,#3830);
#3260=AXIS2_PLACEMENT_3D('',#5462,#3831,#3832);
#3261=AXIS2_PLACEMENT_3D('',#5468,#3836,#3837);
#3262=AXIS2_PLACEMENT_3D('',#5470,#3838,#3839);
#3263=AXIS2_PLACEMENT_3D('',#5473,#3841,#3842);
#3264=AXIS2_PLACEMENT_3D('',#5474,#3843,#3844);
#3265=AXIS2_PLACEMENT_3D('',#5480,#3848,#3849);
#3266=AXIS2_PLACEMENT_3D('',#5482,#3850,#3851);
#3267=AXIS2_PLACEMENT_3D('',#5484,#3852,#3853);
#3268=AXIS2_PLACEMENT_3D('',#5486,#3855,#3856);
#3269=AXIS2_PLACEMENT_3D('',#5492,#3860,#3861);
#3270=AXIS2_PLACEMENT_3D('',#5493,#3862,#3863);
#3271=AXIS2_PLACEMENT_3D('',#5494,#3864,#3865);
#3272=AXIS2_PLACEMENT_3D('',#5495,#3866,#3867);
#3273=AXIS2_PLACEMENT_3D('',#5499,#3869,#3870);
#3274=AXIS2_PLACEMENT_3D('',#5502,#3872,#3873);
#3275=AXIS2_PLACEMENT_3D('',#5503,#3874,#3875);
#3276=AXIS2_PLACEMENT_3D('',#5509,#3879,#3880);
#3277=AXIS2_PLACEMENT_3D('',#5511,#3881,#3882);
#3278=AXIS2_PLACEMENT_3D('',#5513,#3884,#3885);
#3279=AXIS2_PLACEMENT_3D('',#5517,#3888,#3889);
#3280=AXIS2_PLACEMENT_3D('',#5519,#3890,#3891);
#3281=AXIS2_PLACEMENT_3D('',#5521,#3893,#3894);
#3282=AXIS2_PLACEMENT_3D('',#5525,#3897,#3898);
#3283=AXIS2_PLACEMENT_3D('',#5527,#3899,#3900);
#3284=AXIS2_PLACEMENT_3D('',#5529,#3902,#3903);
#3285=AXIS2_PLACEMENT_3D('',#5533,#3906,#3907);
#3286=AXIS2_PLACEMENT_3D('',#5534,#3908,#3909);
#3287=AXIS2_PLACEMENT_3D('',#5535,#3910,#3911);
#3288=AXIS2_PLACEMENT_3D('',#5537,#3913,#3914);
#3289=AXIS2_PLACEMENT_3D('',#5539,#3916,#3917);
#3290=AXIS2_PLACEMENT_3D('',#5541,#3919,#3920);
#3291=AXIS2_PLACEMENT_3D('',#5542,#3921,#3922);
#3292=AXIS2_PLACEMENT_3D('',#5551,#3927,#3928);
#3293=AXIS2_PLACEMENT_3D('',#5557,#3932,#3933);
#3294=AXIS2_PLACEMENT_3D('',#5563,#3937,#3938);
#3295=AXIS2_PLACEMENT_3D('',#5569,#3942,#3943);
#3296=AXIS2_PLACEMENT_3D('',#5575,#3947,#3948);
#3297=AXIS2_PLACEMENT_3D('',#5581,#3952,#3953);
#3298=AXIS2_PLACEMENT_3D('',#5587,#3957,#3958);
#3299=AXIS2_PLACEMENT_3D('',#5590,#3961,#3962);
#3300=AXIS2_PLACEMENT_3D('',#5591,#3963,#3964);
#3301=DIRECTION('axis',(0.,0.,1.));
#3302=DIRECTION('refdir',(1.,0.,0.));
#3303=DIRECTION('center_axis',(-0.639747278458523,0.768585336644483,0.));
#3304=DIRECTION('ref_axis',(-0.768585336644483,-0.639747278458523,0.));
#3305=DIRECTION('',(0.768585336644483,0.639747278458523,0.));
#3306=DIRECTION('',(0.,0.,1.));
#3307=DIRECTION('',(0.768585336644483,0.639747278458523,0.));
#3308=DIRECTION('',(0.,0.,1.));
#3309=DIRECTION('center_axis',(1.,0.,0.));
#3310=DIRECTION('ref_axis',(0.,1.,0.));
#3311=DIRECTION('',(0.,-1.,0.));
#3312=DIRECTION('',(0.,-1.,0.));
#3313=DIRECTION('',(0.,0.,1.));
#3314=DIRECTION('center_axis',(0.638135392403023,-0.769924165721949,0.));
#3315=DIRECTION('ref_axis',(0.769924165721949,0.638135392403023,0.));
#3316=DIRECTION('',(-0.769924165721949,-0.638135392403023,0.));
#3317=DIRECTION('',(-0.769924165721949,-0.638135392403023,0.));
#3318=DIRECTION('',(0.,0.,1.));
#3319=DIRECTION('center_axis',(0.,1.,0.));
#3320=DIRECTION('ref_axis',(-1.,0.,0.));
#3321=DIRECTION('',(1.,0.,0.));
#3322=DIRECTION('',(1.,0.,0.));
#3323=DIRECTION('',(0.,0.,1.));
#3324=DIRECTION('center_axis',(1.,0.,0.));
#3325=DIRECTION('ref_axis',(0.,1.,0.));
#3326=DIRECTION('',(0.,-1.,0.));
#3327=DIRECTION('',(0.,-1.,0.));
#3328=DIRECTION('',(0.,0.,1.));
#3329=DIRECTION('center_axis',(0.,-1.,0.));
#3330=DIRECTION('ref_axis',(1.,0.,0.));
#3331=DIRECTION('',(-1.,0.,0.));
#3332=DIRECTION('',(-1.,0.,0.));
#3333=DIRECTION('',(0.,0.,1.));
#3334=DIRECTION('center_axis',(-1.,0.,0.));
#3335=DIRECTION('ref_axis',(0.,-1.,0.));
#3336=DIRECTION('',(0.,1.,0.));
#3337=DIRECTION('',(0.,1.,0.));
#3338=DIRECTION('',(0.,0.,1.));
#3339=DIRECTION('center_axis',(0.,1.,0.));
#3340=DIRECTION('ref_axis',(-1.,0.,0.));
#3341=DIRECTION('',(1.,0.,0.));
#3342=DIRECTION('',(1.,0.,0.));
#3343=DIRECTION('',(0.,0.,1.));
#3344=DIRECTION('center_axis',(-0.597232394190763,-0.802068243561088,0.));
#3345=DIRECTION('ref_axis',(0.802068243561088,-0.597232394190763,0.));
#3346=DIRECTION('',(-0.802068243561088,0.597232394190763,0.));
#3347=DIRECTION('',(-0.802068243561088,0.597232394190763,0.));
#3348=DIRECTION('',(0.,0.,1.));
#3349=DIRECTION('center_axis',(-1.,0.,0.));
#3350=DIRECTION('ref_axis',(0.,-1.,0.));
#3351=DIRECTION('',(0.,1.,0.));
#3352=DIRECTION('',(0.,1.,0.));
#3353=DIRECTION('',(0.,0.,1.));
#3354=DIRECTION('center_axis',(0.594594020819139,0.804026088137773,0.));
#3355=DIRECTION('ref_axis',(-0.804026088137773,0.594594020819139,0.));
#3356=DIRECTION('',(0.804026088137773,-0.594594020819139,0.));
#3357=DIRECTION('',(0.804026088137773,-0.594594020819139,0.));
#3358=DIRECTION('center_axis',(0.,0.,1.));
#3359=DIRECTION('ref_axis',(1.,0.,0.));
#3360=DIRECTION('center_axis',(0.,1.,0.));
#3361=DIRECTION('ref_axis',(-1.,0.,0.));
#3362=DIRECTION('',(1.,0.,0.));
#3363=DIRECTION('',(0.,0.,1.));
#3364=DIRECTION('',(1.,0.,0.));
#3365=DIRECTION('',(0.,0.,1.));
#3366=DIRECTION('center_axis',(1.,0.,0.));
#3367=DIRECTION('ref_axis',(0.,1.,0.));
#3368=DIRECTION('',(0.,-1.,0.));
#3369=DIRECTION('',(0.,-1.,0.));
#3370=DIRECTION('',(0.,0.,1.));
#3371=DIRECTION('center_axis',(0.,-1.,0.));
#3372=DIRECTION('ref_axis',(1.,0.,0.));
#3373=DIRECTION('',(-1.,0.,0.));
#3374=DIRECTION('',(-1.,0.,0.));
#3375=DIRECTION('',(0.,0.,1.));
#3376=DIRECTION('center_axis',(-1.,0.,0.));
#3377=DIRECTION('ref_axis',(0.,-1.,0.));
#3378=DIRECTION('',(0.,1.,0.));
#3379=DIRECTION('',(0.,1.,0.));
#3380=DIRECTION('center_axis',(0.,0.,1.));
#3381=DIRECTION('ref_axis',(1.,0.,0.));
#3382=DIRECTION('',(0.,0.,1.));
#3383=DIRECTION('',(0.,0.,1.));
#3384=DIRECTION('',(0.,0.,1.));
#3385=DIRECTION('',(0.,0.,1.));
#3386=DIRECTION('',(0.,0.,1.));
#3387=DIRECTION('',(0.,0.,1.));
#3388=DIRECTION('',(0.,0.,1.));
#3389=DIRECTION('',(0.,0.,1.));
#3390=DIRECTION('',(0.,0.,1.));
#3391=DIRECTION('',(0.,0.,1.));
#3392=DIRECTION('',(0.,0.,1.));
#3393=DIRECTION('',(0.,0.,1.));
#3394=DIRECTION('',(0.,0.,1.));
#3395=DIRECTION('',(0.,0.,1.));
#3396=DIRECTION('',(0.,0.,1.));
#3397=DIRECTION('',(0.,0.,1.));
#3398=DIRECTION('',(0.,0.,1.));
#3399=DIRECTION('',(0.,0.,1.));
#3400=DIRECTION('',(0.,0.,1.));
#3401=DIRECTION('',(0.,0.,1.));
#3402=DIRECTION('',(0.,0.,1.));
#3403=DIRECTION('',(0.,0.,1.));
#3404=DIRECTION('',(0.,0.,1.));
#3405=DIRECTION('',(0.,0.,1.));
#3406=DIRECTION('',(0.,0.,1.));
#3407=DIRECTION('center_axis',(-0.541529933672167,-0.840681468177465,0.));
#3408=DIRECTION('ref_axis',(0.840681468177465,-0.541529933672167,0.));
#3409=DIRECTION('',(-0.840681468177465,0.541529933672167,0.));
#3410=DIRECTION('',(-0.840681468177465,0.541529933672167,0.));
#3411=DIRECTION('',(0.,0.,1.));
#3412=DIRECTION('',(0.,0.,1.));
#3413=DIRECTION('',(0.,0.,1.));
#3414=DIRECTION('',(0.,0.,1.));
#3415=DIRECTION('center_axis',(0.541529933672167,0.840681468177465,0.));
#3416=DIRECTION('ref_axis',(-0.840681468177465,0.541529933672167,0.));
#3417=DIRECTION('',(0.840681468177465,-0.541529933672167,0.));
#3418=DIRECTION('',(0.840681468177465,-0.541529933672167,0.));
#3419=DIRECTION('',(0.,0.,1.));
#3420=DIRECTION('',(0.,0.,1.));
#3421=DIRECTION('',(0.,0.,1.));
#3422=DIRECTION('',(0.,0.,1.));
#3423=DIRECTION('',(0.,0.,1.));
#3424=DIRECTION('',(0.,0.,1.));
#3425=DIRECTION('',(0.,0.,1.));
#3426=DIRECTION('',(0.,0.,1.));
#3427=DIRECTION('',(0.,0.,1.));
#3428=DIRECTION('',(0.,0.,1.));
#3429=DIRECTION('',(0.,0.,1.));
#3430=DIRECTION('center_axis',(0.,0.,1.));
#3431=DIRECTION('ref_axis',(1.,0.,0.));
#3432=DIRECTION('center_axis',(-1.,0.,0.));
#3433=DIRECTION('ref_axis',(0.,-1.,0.));
#3434=DIRECTION('',(0.,1.,0.));
#3435=DIRECTION('',(0.,0.,1.));
#3436=DIRECTION('',(0.,1.,0.));
#3437=DIRECTION('',(0.,0.,1.));
#3438=DIRECTION('center_axis',(0.,1.,0.));
#3439=DIRECTION('ref_axis',(-1.,0.,0.));
#3440=DIRECTION('',(1.,0.,0.));
#3441=DIRECTION('',(1.,0.,0.));
#3442=DIRECTION('',(0.,0.,1.));
#3443=DIRECTION('center_axis',(1.,0.,0.));
#3444=DIRECTION('ref_axis',(0.,1.,0.));
#3445=DIRECTION('',(0.,-1.,0.));
#3446=DIRECTION('',(0.,-1.,0.));
#3447=DIRECTION('',(0.,0.,1.));
#3448=DIRECTION('center_axis',(0.,-1.,0.));
#3449=DIRECTION('ref_axis',(1.,0.,0.));
#3450=DIRECTION('',(-1.,0.,0.));
#3451=DIRECTION('',(-1.,0.,0.));
#3452=DIRECTION('',(0.,0.,1.));
#3453=DIRECTION('center_axis',(0.813733402743343,0.581238289567833,0.));
#3454=DIRECTION('ref_axis',(-0.581238289567833,0.813733402743343,0.));
#3455=DIRECTION('',(0.581238289567833,-0.813733402743343,0.));
#3456=DIRECTION('',(0.581238289567833,-0.813733402743343,0.));
#3457=DIRECTION('',(0.,0.,1.));
#3458=DIRECTION('center_axis',(0.,-1.,0.));
#3459=DIRECTION('ref_axis',(1.,0.,0.));
#3460=DIRECTION('',(-1.,0.,0.));
#3461=DIRECTION('',(-1.,0.,0.));
#3462=DIRECTION('',(0.,0.,1.));
#3463=DIRECTION('center_axis',(-0.811837721879651,-0.583883133283758,0.));
#3464=DIRECTION('ref_axis',(0.583883133283758,-0.811837721879651,0.));
#3465=DIRECTION('',(-0.583883133283758,0.811837721879651,0.));
#3466=DIRECTION('',(-0.583883133283758,0.811837721879651,0.));
#3467=DIRECTION('center_axis',(0.,0.,1.));
#3468=DIRECTION('ref_axis',(1.,0.,0.));
#3469=DIRECTION('center_axis',(-1.,0.,0.));
#3470=DIRECTION('ref_axis',(0.,-1.,0.));
#3471=DIRECTION('',(0.,1.,0.));
#3472=DIRECTION('',(0.,0.,1.));
#3473=DIRECTION('',(0.,1.,0.));
#3474=DIRECTION('',(0.,0.,1.));
#3475=DIRECTION('center_axis',(-0.102072747699705,-0.994776936894414,0.));
#3476=DIRECTION('ref_axis',(0.994776936894414,-0.102072747699705,0.));
#3477=DIRECTION('',(-0.994776936894414,0.102072747699705,0.));
#3478=DIRECTION('',(-0.994776936894414,0.102072747699705,0.));
#3479=DIRECTION('',(0.,0.,1.));
#3480=DIRECTION('center_axis',(-1.,0.,0.));
#3481=DIRECTION('ref_axis',(0.,-1.,0.));
#3482=DIRECTION('',(0.,1.,0.));
#3483=DIRECTION('',(0.,1.,0.));
#3484=DIRECTION('',(0.,0.,1.));
#3485=DIRECTION('center_axis',(0.131208682021365,0.991354770887908,0.));
#3486=DIRECTION('ref_axis',(-0.991354770887908,0.131208682021365,0.));
#3487=DIRECTION('',(0.991354770887908,-0.131208682021365,0.));
#3488=DIRECTION('',(0.991354770887908,-0.131208682021365,0.));
#3489=DIRECTION('',(0.,0.,1.));
#3490=DIRECTION('center_axis',(1.,0.,0.));
#3491=DIRECTION('ref_axis',(0.,1.,0.));
#3492=DIRECTION('',(0.,-1.,0.));
#3493=DIRECTION('',(0.,-1.,0.));
#3494=DIRECTION('',(0.,0.,1.));
#3495=DIRECTION('center_axis',(0.151814446377147,-0.988409011427557,0.));
#3496=DIRECTION('ref_axis',(0.988409011427557,0.151814446377147,0.));
#3497=DIRECTION('',(-0.988409011427557,-0.151814446377147,0.));
#3498=DIRECTION('',(-0.988409011427557,-0.151814446377147,0.));
#3499=DIRECTION('',(0.,0.,1.));
#3500=DIRECTION('center_axis',(1.,0.,0.));
#3501=DIRECTION('ref_axis',(0.,1.,0.));
#3502=DIRECTION('',(0.,-1.,0.));
#3503=DIRECTION('',(0.,-1.,0.));
#3504=DIRECTION('',(0.,0.,1.));
#3505=DIRECTION('center_axis',(0.151814446377147,0.988409011427557,0.));
#3506=DIRECTION('ref_axis',(-0.988409011427557,0.151814446377147,0.));
#3507=DIRECTION('',(0.988409011427557,-0.151814446377147,0.));
#3508=DIRECTION('',(0.988409011427557,-0.151814446377147,0.));
#3509=DIRECTION('',(0.,0.,1.));
#3510=DIRECTION('center_axis',(1.,0.,0.));
#3511=DIRECTION('ref_axis',(0.,1.,0.));
#3512=DIRECTION('',(0.,-1.,0.));
#3513=DIRECTION('',(0.,-1.,0.));
#3514=DIRECTION('',(0.,0.,1.));
#3515=DIRECTION('center_axis',(0.132641074102317,-0.991164136488495,0.));
#3516=DIRECTION('ref_axis',(0.991164136488495,0.132641074102317,0.));
#3517=DIRECTION('',(-0.991164136488495,-0.132641074102317,0.));
#3518=DIRECTION('',(-0.991164136488495,-0.132641074102317,0.));
#3519=DIRECTION('',(0.,0.,1.));
#3520=DIRECTION('center_axis',(-1.,0.,0.));
#3521=DIRECTION('ref_axis',(0.,-1.,0.));
#3522=DIRECTION('',(0.,1.,0.));
#3523=DIRECTION('',(0.,1.,0.));
#3524=DIRECTION('',(0.,0.,1.));
#3525=DIRECTION('center_axis',(-0.103784322081143,0.994599826307122,0.));
#3526=DIRECTION('ref_axis',(-0.994599826307122,-0.103784322081143,0.));
#3527=DIRECTION('',(0.994599826307122,0.103784322081143,0.));
#3528=DIRECTION('',(0.994599826307122,0.103784322081143,0.));
#3529=DIRECTION('',(0.,0.,1.));
#3530=DIRECTION('center_axis',(-1.,0.,0.));
#3531=DIRECTION('ref_axis',(0.,-1.,0.));
#3532=DIRECTION('',(0.,1.,0.));
#3533=DIRECTION('',(0.,1.,0.));
#3534=DIRECTION('',(0.,0.,1.));
#3535=DIRECTION('center_axis',(-0.0637001162323598,-0.99796908528871,0.));
#3536=DIRECTION('ref_axis',(0.99796908528871,-0.0637001162323598,0.));
#3537=DIRECTION('',(-0.99796908528871,0.0637001162323598,0.));
#3538=DIRECTION('',(-0.99796908528871,0.0637001162323598,0.));
#3539=DIRECTION('',(0.,0.,1.));
#3540=DIRECTION('center_axis',(-0.16805361274548,-0.985777856945059,0.));
#3541=DIRECTION('ref_axis',(0.985777856945059,-0.16805361274548,0.));
#3542=DIRECTION('',(-0.985777856945059,0.16805361274548,0.));
#3543=DIRECTION('',(-0.985777856945059,0.16805361274548,0.));
#3544=DIRECTION('',(0.,0.,1.));
#3545=DIRECTION('center_axis',(-1.,0.,0.));
#3546=DIRECTION('ref_axis',(0.,-1.,0.));
#3547=DIRECTION('',(0.,1.,0.));
#3548=DIRECTION('',(0.,1.,0.));
#3549=DIRECTION('',(0.,0.,1.));
#3550=DIRECTION('center_axis',(-0.16805361274548,0.985777856945059,0.));
#3551=DIRECTION('ref_axis',(-0.985777856945059,-0.16805361274548,0.));
#3552=DIRECTION('',(0.985777856945059,0.16805361274548,0.));
#3553=DIRECTION('',(0.985777856945059,0.16805361274548,0.));
#3554=DIRECTION('',(0.,0.,1.));
#3555=DIRECTION('center_axis',(-0.0742624738784573,0.99723873018122,0.));
#3556=DIRECTION('ref_axis',(-0.99723873018122,-0.0742624738784573,0.));
#3557=DIRECTION('',(0.99723873018122,0.0742624738784573,0.));
#3558=DIRECTION('',(0.99723873018122,0.0742624738784573,0.));
#3559=DIRECTION('center_axis',(0.,0.,1.));
#3560=DIRECTION('ref_axis',(1.,0.,0.));
#3561=DIRECTION('center_axis',(0.,0.,1.));
#3562=DIRECTION('ref_axis',(1.,0.,0.));
#3563=DIRECTION('center_axis',(0.,0.,1.));
#3564=DIRECTION('ref_axis',(1.,0.,0.));
#3565=DIRECTION('center_axis',(0.,1.,0.));
#3566=DIRECTION('ref_axis',(1.,0.,0.));
#3567=DIRECTION('',(-1.,0.,0.));
#3568=DIRECTION('',(0.,0.,-1.));
#3569=DIRECTION('',(1.,0.,0.));
#3570=DIRECTION('',(0.,0.,-1.));
#3571=DIRECTION('center_axis',(1.,0.,0.));
#3572=DIRECTION('ref_axis',(0.,-1.,0.));
#3573=DIRECTION('',(0.,1.,0.));
#3574=DIRECTION('',(0.,0.,-1.));
#3575=DIRECTION('',(0.,-1.,0.));
#3576=DIRECTION('center_axis',(-1.,0.,0.));
#3577=DIRECTION('ref_axis',(0.,1.,0.));
#3578=DIRECTION('',(0.,-1.,0.));
#3579=DIRECTION('',(0.,1.,0.));
#3580=DIRECTION('',(0.,0.,-1.));
#3581=DIRECTION('center_axis',(0.,-1.,0.));
#3582=DIRECTION('ref_axis',(-1.,0.,0.));
#3583=DIRECTION('',(1.,0.,0.));
#3584=DIRECTION('',(-1.,0.,0.));
#3585=DIRECTION('center_axis',(0.,0.,1.));
#3586=DIRECTION('ref_axis',(1.,0.,0.));
#3587=DIRECTION('',(-1.,0.,0.));
#3588=DIRECTION('',(0.,-1.,0.));
#3589=DIRECTION('',(1.,0.,0.));
#3590=DIRECTION('',(0.,1.,0.));
#3591=DIRECTION('center_axis',(0.,0.,-1.));
#3592=DIRECTION('ref_axis',(-1.,0.,0.));
#3593=DIRECTION('center_axis',(1.,0.,0.));
#3594=DIRECTION('ref_axis',(0.,1.,0.));
#3595=DIRECTION('',(0.,0.,1.));
#3596=DIRECTION('',(0.,1.,0.));
#3597=DIRECTION('',(0.,0.,1.));
#3598=DIRECTION('center_axis',(0.,-1.,0.));
#3599=DIRECTION('ref_axis',(1.,0.,0.));
#3600=DIRECTION('',(0.,0.,1.));
#3601=DIRECTION('',(1.,0.,0.));
#3602=DIRECTION('center_axis',(0.,1.,0.));
#3603=DIRECTION('ref_axis',(1.,0.,0.));
#3604=DIRECTION('',(-1.,0.,0.));
#3605=DIRECTION('',(0.,0.,-1.));
#3606=DIRECTION('',(1.,0.,0.));
#3607=DIRECTION('',(0.,0.,-1.));
#3608=DIRECTION('center_axis',(1.,0.,0.));
#3609=DIRECTION('ref_axis',(0.,-1.,0.));
#3610=DIRECTION('',(0.,1.,0.));
#3611=DIRECTION('',(0.,0.,-1.));
#3612=DIRECTION('',(0.,-1.,0.));
#3613=DIRECTION('center_axis',(-1.,0.,0.));
#3614=DIRECTION('ref_axis',(0.,1.,0.));
#3615=DIRECTION('',(0.,-1.,0.));
#3616=DIRECTION('',(0.,1.,0.));
#3617=DIRECTION('',(0.,0.,-1.));
#3618=DIRECTION('center_axis',(0.,-1.,0.));
#3619=DIRECTION('ref_axis',(-1.,0.,0.));
#3620=DIRECTION('',(1.,0.,0.));
#3621=DIRECTION('',(-1.,0.,0.));
#3622=DIRECTION('center_axis',(0.,0.,1.));
#3623=DIRECTION('ref_axis',(1.,0.,0.));
#3624=DIRECTION('',(-1.,0.,0.));
#3625=DIRECTION('',(0.,-1.,0.));
#3626=DIRECTION('',(1.,0.,0.));
#3627=DIRECTION('',(0.,1.,0.));
#3628=DIRECTION('center_axis',(0.,0.,-1.));
#3629=DIRECTION('ref_axis',(-1.,0.,0.));
#3630=DIRECTION('center_axis',(1.,0.,0.));
#3631=DIRECTION('ref_axis',(0.,1.,0.));
#3632=DIRECTION('',(0.,0.,1.));
#3633=DIRECTION('',(0.,1.,0.));
#3634=DIRECTION('',(0.,0.,1.));
#3635=DIRECTION('center_axis',(0.,-1.,0.));
#3636=DIRECTION('ref_axis',(1.,0.,0.));
#3637=DIRECTION('',(0.,0.,1.));
#3638=DIRECTION('',(1.,0.,0.));
#3639=DIRECTION('center_axis',(0.,0.,-1.));
#3640=DIRECTION('ref_axis',(-0.707106781186551,-0.707106781186544,0.));
#3641=DIRECTION('center_axis',(0.,0.,1.));
#3642=DIRECTION('ref_axis',(-0.707106781186551,-0.707106781186544,0.));
#3643=DIRECTION('',(0.,0.,1.));
#3644=DIRECTION('center_axis',(0.,0.,-1.));
#3645=DIRECTION('ref_axis',(-0.707106781186551,-0.707106781186544,0.));
#3646=DIRECTION('',(0.,0.,-1.));
#3647=DIRECTION('center_axis',(0.,1.,0.));
#3648=DIRECTION('ref_axis',(0.,0.,1.));
#3649=DIRECTION('',(-1.,0.,0.));
#3650=DIRECTION('center_axis',(0.,0.,-1.));
#3651=DIRECTION('ref_axis',(-1.,0.,0.));
#3652=DIRECTION('',(-1.,0.,0.));
#3653=DIRECTION('',(-1.,0.,0.));
#3654=DIRECTION('',(-1.,0.,0.));
#3655=DIRECTION('',(0.,0.,-1.));
#3656=DIRECTION('',(1.,0.,0.));
#3657=DIRECTION('center_axis',(0.,0.,1.));
#3658=DIRECTION('ref_axis',(1.,0.,0.));
#3659=DIRECTION('',(1.,0.,0.));
#3660=DIRECTION('',(0.,1.,0.));
#3661=DIRECTION('',(1.,0.,0.));
#3662=DIRECTION('',(-8.34197132046914E-17,1.,0.));
#3663=DIRECTION('center_axis',(0.,0.,-1.));
#3664=DIRECTION('ref_axis',(-1.,0.,0.));
#3665=DIRECTION('',(0.,-1.,0.));
#3666=DIRECTION('',(1.,0.,0.));
#3667=DIRECTION('',(0.,1.,0.));
#3668=DIRECTION('',(-1.,0.,0.));
#3669=DIRECTION('center_axis',(0.,0.,1.));
#3670=DIRECTION('ref_axis',(0.707106781186547,-0.707106781186547,0.));
#3671=DIRECTION('center_axis',(0.,0.,-1.));
#3672=DIRECTION('ref_axis',(0.707106781186547,-0.707106781186547,0.));
#3673=DIRECTION('center_axis',(0.,0.,1.));
#3674=DIRECTION('ref_axis',(0.707106781186547,-0.707106781186547,0.));
#3675=DIRECTION('',(0.,0.,1.));
#3676=DIRECTION('center_axis',(-1.,0.,0.));
#3677=DIRECTION('ref_axis',(0.,0.,1.));
#3678=DIRECTION('',(0.,-1.,0.));
#3679=DIRECTION('',(0.,0.,-1.));
#3680=DIRECTION('',(0.,1.,0.));
#3681=DIRECTION('center_axis',(0.,0.,1.));
#3682=DIRECTION('ref_axis',(1.,0.,0.));
#3683=DIRECTION('center_axis',(0.,0.,-1.));
#3684=DIRECTION('ref_axis',(-1.32379533937817E-15,-1.,0.));
#3685=DIRECTION('',(0.,-1.,0.));
#3686=DIRECTION('center_axis',(0.,0.,-1.));
#3687=DIRECTION('ref_axis',(1.,0.,0.));
#3688=DIRECTION('',(1.,2.6994607910331E-15,0.));
#3689=DIRECTION('center_axis',(0.,0.,-1.));
#3690=DIRECTION('ref_axis',(1.32228356879001E-15,1.,0.));
#3691=DIRECTION('',(0.,1.,0.));
#3692=DIRECTION('center_axis',(0.,0.,1.));
#3693=DIRECTION('ref_axis',(-0.707106781186547,0.707106781186547,0.));
#3694=DIRECTION('',(1.,0.,0.));
#3695=DIRECTION('center_axis',(0.,0.,1.));
#3696=DIRECTION('ref_axis',(0.707106781186547,0.707106781186547,0.));
#3697=DIRECTION('center_axis',(0.,0.,1.));
#3698=DIRECTION('ref_axis',(-0.707106781186547,0.707106781186547,0.));
#3699=DIRECTION('center_axis',(0.,0.,-1.));
#3700=DIRECTION('ref_axis',(-0.707106781186547,0.707106781186547,0.));
#3701=DIRECTION('',(0.,0.,-1.));
#3702=DIRECTION('',(0.,0.,1.));
#3703=DIRECTION('center_axis',(0.,-1.,0.));
#3704=DIRECTION('ref_axis',(0.,0.,-1.));
#3705=DIRECTION('',(-1.,0.,0.));
#3706=DIRECTION('',(0.,0.,1.));
#3707=DIRECTION('center_axis',(0.,0.,1.));
#3708=DIRECTION('ref_axis',(0.707106781186547,0.707106781186547,0.));
#3709=DIRECTION('center_axis',(0.,0.,-1.));
#3710=DIRECTION('ref_axis',(0.707106781186547,0.707106781186547,0.));
#3711=DIRECTION('center_axis',(1.,0.,0.));
#3712=DIRECTION('ref_axis',(0.,0.,-1.));
#3713=DIRECTION('',(0.,1.,0.));
#3714=DIRECTION('',(0.,1.,0.));
#3715=DIRECTION('',(0.,0.,-1.));
#3716=DIRECTION('',(0.,-1.,0.));
#3717=DIRECTION('center_axis',(-1.,0.,0.));
#3718=DIRECTION('ref_axis',(0.,0.,1.));
#3719=DIRECTION('',(0.,0.,-1.));
#3720=DIRECTION('',(0.,1.,0.));
#3721=DIRECTION('',(0.,0.,1.));
#3722=DIRECTION('',(0.,1.,0.));
#3723=DIRECTION('center_axis',(0.,0.,1.));
#3724=DIRECTION('ref_axis',(1.,0.,0.));
#3725=DIRECTION('',(-1.,0.,0.));
#3726=DIRECTION('',(-1.,0.,0.));
#3727=DIRECTION('',(0.,-1.,0.));
#3728=DIRECTION('',(-1.,0.,0.));
#3729=DIRECTION('',(0.,-1.,0.));
#3730=DIRECTION('',(-1.,0.,0.));
#3731=DIRECTION('',(0.,-1.,0.));
#3732=DIRECTION('center_axis',(0.,0.,-1.));
#3733=DIRECTION('ref_axis',(-1.46467417496723E-15,-1.,0.));
#3734=DIRECTION('',(-1.,0.,0.));
#3735=DIRECTION('center_axis',(0.,0.,-1.));
#3736=DIRECTION('ref_axis',(-1.,0.,0.));
#3737=DIRECTION('',(-8.34197132046914E-17,1.,0.));
#3738=DIRECTION('center_axis',(0.,0.,-1.));
#3739=DIRECTION('ref_axis',(1.46190027705038E-15,1.,0.));
#3740=DIRECTION('',(1.,2.69946079103309E-15,0.));
#3741=DIRECTION('center_axis',(0.,0.,-1.));
#3742=DIRECTION('ref_axis',(1.,0.,0.));
#3743=DIRECTION('',(0.,-1.,0.));
#3744=DIRECTION('center_axis',(0.,-1.,0.));
#3745=DIRECTION('ref_axis',(0.,0.,-1.));
#3746=DIRECTION('',(-1.,0.,0.));
#3747=DIRECTION('',(0.,0.,-1.));
#3748=DIRECTION('center_axis',(1.,0.,0.));
#3749=DIRECTION('ref_axis',(0.,0.,-1.));
#3750=DIRECTION('',(0.,-1.,0.));
#3751=DIRECTION('center_axis',(0.,1.,0.));
#3752=DIRECTION('ref_axis',(1.,0.,0.));
#3753=DIRECTION('',(0.,0.,-1.));
#3754=DIRECTION('',(1.,0.,0.));
#3755=DIRECTION('',(0.,0.,-1.));
#3756=DIRECTION('center_axis',(-1.,0.,0.));
#3757=DIRECTION('ref_axis',(0.,1.,0.));
#3758=DIRECTION('',(0.,1.,0.));
#3759=DIRECTION('',(0.,0.,-1.));
#3760=DIRECTION('center_axis',(0.,-1.,0.));
#3761=DIRECTION('ref_axis',(-1.,0.,0.));
#3762=DIRECTION('',(-1.,0.,0.));
#3763=DIRECTION('',(0.,0.,-1.));
#3764=DIRECTION('center_axis',(1.,0.,0.));
#3765=DIRECTION('ref_axis',(0.,-1.,0.));
#3766=DIRECTION('',(0.,-1.,0.));
#3767=DIRECTION('center_axis',(0.,0.,-1.));
#3768=DIRECTION('ref_axis',(-1.,0.,0.));
#3769=DIRECTION('center_axis',(-1.,0.,0.));
#3770=DIRECTION('ref_axis',(0.,1.,0.));
#3771=DIRECTION('',(0.,0.,-1.));
#3772=DIRECTION('',(0.,1.,0.));
#3773=DIRECTION('',(0.,0.,-1.));
#3774=DIRECTION('center_axis',(0.,-1.,0.));
#3775=DIRECTION('ref_axis',(-1.,0.,0.));
#3776=DIRECTION('',(-1.,0.,0.));
#3777=DIRECTION('',(0.,0.,-1.));
#3778=DIRECTION('center_axis',(1.,0.,0.));
#3779=DIRECTION('ref_axis',(0.,-1.,0.));
#3780=DIRECTION('',(0.,-1.,0.));
#3781=DIRECTION('',(0.,0.,-1.));
#3782=DIRECTION('center_axis',(0.,1.,0.));
#3783=DIRECTION('ref_axis',(1.,0.,0.));
#3784=DIRECTION('',(1.,0.,0.));
#3785=DIRECTION('center_axis',(0.,0.,-1.));
#3786=DIRECTION('ref_axis',(-1.,0.,0.));
#3787=DIRECTION('center_axis',(-1.,0.,0.));
#3788=DIRECTION('ref_axis',(0.,-1.,0.));
#3789=DIRECTION('',(0.,0.,-1.));
#3790=DIRECTION('center_axis',(0.,1.,0.));
#3791=DIRECTION('ref_axis',(-1.,0.,0.));
#3792=DIRECTION('center_axis',(-1.,0.,0.));
#3793=DIRECTION('ref_axis',(0.,-1.,0.));
#3794=DIRECTION('',(0.,0.,-1.));
#3795=DIRECTION('center_axis',(0.,1.,0.));
#3796=DIRECTION('ref_axis',(-1.,0.,0.));
#3797=DIRECTION('center_axis',(-9.41929712177097E-17,1.,0.));
#3798=DIRECTION('ref_axis',(-1.,-9.41929712177097E-17,0.));
#3799=DIRECTION('center_axis',(0.,-1.,0.));
#3800=DIRECTION('ref_axis',(1.,0.,0.));
#3801=DIRECTION('',(0.,0.,1.));
#3802=DIRECTION('',(-1.,0.,0.));
#3803=DIRECTION('',(0.,0.,1.));
#3804=DIRECTION('center_axis',(0.,0.,1.));
#3805=DIRECTION('ref_axis',(-1.,0.,0.));
#3806=DIRECTION('',(0.,0.,1.));
#3807=DIRECTION('center_axis',(0.,0.,-1.));
#3808=DIRECTION('ref_axis',(-1.,0.,0.));
#3809=DIRECTION('center_axis',(-1.,-8.34197132046914E-17,0.));
#3810=DIRECTION('ref_axis',(8.34197132046914E-17,-1.,0.));
#3811=DIRECTION('',(0.,0.,1.));
#3812=DIRECTION('',(-8.34197132046914E-17,1.,0.));
#3813=DIRECTION('center_axis',(0.,0.,1.));
#3814=DIRECTION('ref_axis',(1.32228356879001E-15,1.,0.));
#3815=DIRECTION('',(0.,0.,-1.));
#3816=DIRECTION('center_axis',(0.,0.,-1.));
#3817=DIRECTION('ref_axis',(1.32228356879001E-15,1.,0.));
#3818=DIRECTION('center_axis',(2.69946079103309E-15,-1.,0.));
#3819=DIRECTION('ref_axis',(-1.,-2.69946079103309E-15,0.));
#3820=DIRECTION('',(1.,2.69946079103309E-15,0.));
#3821=DIRECTION('',(0.,0.,-1.));
#3822=DIRECTION('',(-1.,-2.69946079103309E-15,0.));
#3823=DIRECTION('',(0.,0.,-1.));
#3824=DIRECTION('center_axis',(0.,0.,-1.));
#3825=DIRECTION('ref_axis',(1.46190027705038E-15,1.,0.));
#3826=DIRECTION('center_axis',(0.,0.,-1.));
#3827=DIRECTION('ref_axis',(1.46190027705038E-15,1.,0.));
#3828=DIRECTION('',(0.,0.,-1.));
#3829=DIRECTION('center_axis',(0.,0.,1.));
#3830=DIRECTION('ref_axis',(1.46190027705038E-15,1.,0.));
#3831=DIRECTION('center_axis',(1.,8.34197132046914E-17,0.));
#3832=DIRECTION('ref_axis',(8.34197132046914E-17,-1.,0.));
#3833=DIRECTION('',(-8.34197132046914E-17,1.,0.));
#3834=DIRECTION('',(0.,0.,-1.));
#3835=DIRECTION('',(8.34197132046914E-17,-1.,0.));
#3836=DIRECTION('center_axis',(0.,0.,-1.));
#3837=DIRECTION('ref_axis',(-1.,0.,0.));
#3838=DIRECTION('center_axis',(0.,0.,-1.));
#3839=DIRECTION('ref_axis',(-1.,0.,0.));
#3840=DIRECTION('',(0.,0.,-1.));
#3841=DIRECTION('center_axis',(0.,0.,1.));
#3842=DIRECTION('ref_axis',(-1.,0.,0.));
#3843=DIRECTION('center_axis',(0.,1.,0.));
#3844=DIRECTION('ref_axis',(1.,0.,0.));
#3845=DIRECTION('',(-1.,0.,0.));
#3846=DIRECTION('',(0.,0.,-1.));
#3847=DIRECTION('',(1.,0.,0.));
#3848=DIRECTION('center_axis',(0.,0.,-1.));
#3849=DIRECTION('ref_axis',(1.,0.,0.));
#3850=DIRECTION('center_axis',(0.,0.,-1.));
#3851=DIRECTION('ref_axis',(1.,0.,0.));
#3852=DIRECTION('center_axis',(0.,0.,1.));
#3853=DIRECTION('ref_axis',(1.,0.,0.));
#3854=DIRECTION('',(0.,0.,-1.));
#3855=DIRECTION('center_axis',(-1.,0.,0.));
#3856=DIRECTION('ref_axis',(0.,1.,0.));
#3857=DIRECTION('',(0.,-1.,0.));
#3858=DIRECTION('',(0.,1.,0.));
#3859=DIRECTION('',(0.,0.,-1.));
#3860=DIRECTION('center_axis',(0.,0.,-1.));
#3861=DIRECTION('ref_axis',(-1.46467417496723E-15,-1.,0.));
#3862=DIRECTION('center_axis',(0.,0.,-1.));
#3863=DIRECTION('ref_axis',(-1.46467417496723E-15,-1.,0.));
#3864=DIRECTION('center_axis',(0.,0.,1.));
#3865=DIRECTION('ref_axis',(-1.46467417496723E-15,-1.,0.));
#3866=DIRECTION('center_axis',(0.,0.,1.));
#3867=DIRECTION('ref_axis',(1.,0.,0.));
#3868=DIRECTION('',(1.,2.6994607910331E-15,0.));
#3869=DIRECTION('center_axis',(0.,0.,-1.));
#3870=DIRECTION('ref_axis',(1.,0.,0.));
#3871=DIRECTION('',(0.,-1.,0.));
#3872=DIRECTION('center_axis',(0.,0.,-1.));
#3873=DIRECTION('ref_axis',(-1.32379533937817E-15,-1.,0.));
#3874=DIRECTION('center_axis',(-1.,0.,0.));
#3875=DIRECTION('ref_axis',(0.,-1.,0.));
#3876=DIRECTION('',(0.,-1.,0.));
#3877=DIRECTION('',(0.,0.,1.));
#3878=DIRECTION('',(0.,0.,1.));
#3879=DIRECTION('center_axis',(0.,0.,1.));
#3880=DIRECTION('ref_axis',(1.,0.,0.));
#3881=DIRECTION('center_axis',(0.,0.,1.));
#3882=DIRECTION('ref_axis',(1.,0.,0.));
#3883=DIRECTION('',(0.,0.,1.));
#3884=DIRECTION('center_axis',(2.69946079103309E-15,-1.,0.));
#3885=DIRECTION('ref_axis',(1.,2.69946079103309E-15,0.));
#3886=DIRECTION('',(1.,2.69946079103309E-15,0.));
#3887=DIRECTION('',(0.,0.,1.));
#3888=DIRECTION('center_axis',(0.,0.,1.));
#3889=DIRECTION('ref_axis',(1.46190027705038E-15,1.,0.));
#3890=DIRECTION('center_axis',(0.,0.,1.));
#3891=DIRECTION('ref_axis',(1.46190027705038E-15,1.,0.));
#3892=DIRECTION('',(0.,0.,1.));
#3893=DIRECTION('center_axis',(1.,8.34197132046914E-17,0.));
#3894=DIRECTION('ref_axis',(-8.34197132046914E-17,1.,0.));
#3895=DIRECTION('',(-8.34197132046914E-17,1.,0.));
#3896=DIRECTION('',(0.,0.,1.));
#3897=DIRECTION('center_axis',(0.,0.,1.));
#3898=DIRECTION('ref_axis',(-1.,0.,0.));
#3899=DIRECTION('center_axis',(0.,0.,1.));
#3900=DIRECTION('ref_axis',(-1.,0.,0.));
#3901=DIRECTION('',(0.,0.,1.));
#3902=DIRECTION('center_axis',(0.,1.,0.));
#3903=DIRECTION('ref_axis',(-1.,0.,0.));
#3904=DIRECTION('',(-1.,0.,0.));
#3905=DIRECTION('',(0.,0.,1.));
#3906=DIRECTION('center_axis',(0.,0.,1.));
#3907=DIRECTION('ref_axis',(-1.46467417496723E-15,-1.,0.));
#3908=DIRECTION('center_axis',(0.,0.,1.));
#3909=DIRECTION('ref_axis',(-1.46467417496723E-15,-1.,0.));
#3910=DIRECTION('center_axis',(-2.6994607910331E-15,1.,0.));
#3911=DIRECTION('ref_axis',(-1.,-2.6994607910331E-15,0.));
#3912=DIRECTION('',(0.,0.,1.));
#3913=DIRECTION('center_axis',(0.,0.,1.));
#3914=DIRECTION('ref_axis',(1.,0.,0.));
#3915=DIRECTION('',(0.,0.,1.));
#3916=DIRECTION('center_axis',(1.,0.,0.));
#3917=DIRECTION('ref_axis',(0.,1.,0.));
#3918=DIRECTION('',(0.,0.,1.));
#3919=DIRECTION('center_axis',(0.,0.,1.));
#3920=DIRECTION('ref_axis',(-1.32379533937817E-15,-1.,0.));
#3921=DIRECTION('center_axis',(-3.55271351111242E-16,-1.,0.));
#3922=DIRECTION('ref_axis',(-1.,3.55271351111242E-16,0.));
#3923=DIRECTION('',(-1.,3.55271351111242E-16,0.));
#3924=DIRECTION('',(0.,0.,-1.));
#3925=DIRECTION('',(1.,-3.55271351111242E-16,0.));
#3926=DIRECTION('',(0.,0.,-1.));
#3927=DIRECTION('center_axis',(1.,0.,0.));
#3928=DIRECTION('ref_axis',(0.,-1.,0.));
#3929=DIRECTION('',(0.,-1.,0.));
#3930=DIRECTION('',(0.,0.,-1.));
#3931=DIRECTION('',(0.,1.,0.));
#3932=DIRECTION('center_axis',(3.55271351111242E-16,1.,0.));
#3933=DIRECTION('ref_axis',(1.,-3.55271351111242E-16,0.));
#3934=DIRECTION('',(1.,-3.55271351111242E-16,0.));
#3935=DIRECTION('',(0.,0.,-1.));
#3936=DIRECTION('',(-1.,3.55271351111242E-16,0.));
#3937=DIRECTION('center_axis',(-1.,0.,0.));
#3938=DIRECTION('ref_axis',(0.,1.,0.));
#3939=DIRECTION('',(0.,1.,0.));
#3940=DIRECTION('',(0.,0.,-1.));
#3941=DIRECTION('',(0.,-1.,0.));
#3942=DIRECTION('center_axis',(0.,1.,0.));
#3943=DIRECTION('ref_axis',(1.,0.,0.));
#3944=DIRECTION('',(1.,0.,0.));
#3945=DIRECTION('',(0.,0.,-1.));
#3946=DIRECTION('',(-1.,0.,0.));
#3947=DIRECTION('center_axis',(-1.,0.,0.));
#3948=DIRECTION('ref_axis',(0.,1.,0.));
#3949=DIRECTION('',(0.,1.,0.));
#3950=DIRECTION('',(0.,0.,-1.));
#3951=DIRECTION('',(0.,-1.,0.));
#3952=DIRECTION('center_axis',(0.,-1.,0.));
#3953=DIRECTION('ref_axis',(-1.,0.,0.));
#3954=DIRECTION('',(-1.,0.,0.));
#3955=DIRECTION('',(0.,0.,-1.));
#3956=DIRECTION('',(1.,0.,0.));
#3957=DIRECTION('center_axis',(-1.,0.,0.));
#3958=DIRECTION('ref_axis',(0.,1.,0.));
#3959=DIRECTION('',(0.,1.,0.));
#3960=DIRECTION('',(0.,-1.,0.));
#3961=DIRECTION('center_axis',(0.,0.,1.));
#3962=DIRECTION('ref_axis',(1.,0.,0.));
#3963=DIRECTION('center_axis',(0.,0.,1.));
#3964=DIRECTION('ref_axis',(1.,0.,0.));
#3965=CARTESIAN_POINT('',(0.,0.,0.));
#3966=CARTESIAN_POINT('Origin',(-39.6598413449747,-46.5507148240481,-3.));
#3967=CARTESIAN_POINT('',(-42.7127823096735,-49.0918909047519,-2.5));
#3968=CARTESIAN_POINT('',(-39.6598413449747,-46.5507148240481,-2.5));
#3969=CARTESIAN_POINT('',(-17.0305835730183,-27.7148024238068,-2.5));
#3970=CARTESIAN_POINT('',(-42.7127823096735,-49.0918909047519,-3.));
#3971=CARTESIAN_POINT('',(-42.7127823096735,-49.0918909047519,-3.));
#3972=CARTESIAN_POINT('',(-39.6598413449747,-46.5507148240481,-3.));
#3973=CARTESIAN_POINT('',(-42.7127823096735,-49.0918909047519,-3.));
#3974=CARTESIAN_POINT('',(-39.6598413449747,-46.5507148240481,-3.));
#3975=CARTESIAN_POINT('Origin',(-39.6598413449747,-47.4595378373538,-3.));
#3976=CARTESIAN_POINT('',(-39.6598413449747,-47.4595378373538,-2.5));
#3977=CARTESIAN_POINT('',(-39.6598413449747,-24.7417339186769,-2.5));
#3978=CARTESIAN_POINT('',(-39.6598413449747,-47.4595378373538,-3.));
#3979=CARTESIAN_POINT('',(-39.6598413449747,-46.5507148240481,-3.));
#3980=CARTESIAN_POINT('',(-39.6598413449747,-47.4595378373538,-3.));
#3981=CARTESIAN_POINT('Origin',(-42.598076747082,-49.8948322270785,-3.));
#3982=CARTESIAN_POINT('',(-42.598076747082,-49.8948322270785,-2.5));
#3983=CARTESIAN_POINT('',(-18.2442670614652,-29.7096911545588,-2.5));
#3984=CARTESIAN_POINT('',(-42.598076747082,-49.8948322270785,-3.));
#3985=CARTESIAN_POINT('',(-39.6598413449747,-47.4595378373538,-3.));
#3986=CARTESIAN_POINT('',(-42.598076747082,-49.8948322270785,-3.));
#3987=CARTESIAN_POINT('Origin',(-39.6598413449747,-49.8948322270785,-3.));
#3988=CARTESIAN_POINT('',(-39.6598413449747,-49.8948322270785,-2.5));
#3989=CARTESIAN_POINT('',(-19.8835146724874,-49.8948322270785,-2.5));
#3990=CARTESIAN_POINT('',(-39.6598413449747,-49.8948322270785,-3.));
#3991=CARTESIAN_POINT('',(-42.598076747082,-49.8948322270785,-3.));
#3992=CARTESIAN_POINT('',(-39.6598413449747,-49.8948322270785,-3.));
#3993=CARTESIAN_POINT('Origin',(-39.6598413449747,-50.6183616851245,-3.));
#3994=CARTESIAN_POINT('',(-39.6598413449747,-50.6183616851245,-2.5));
#3995=CARTESIAN_POINT('',(-39.6598413449747,-26.3211458425622,-2.5));
#3996=CARTESIAN_POINT('',(-39.6598413449747,-50.6183616851245,-3.));
#3997=CARTESIAN_POINT('',(-39.6598413449747,-49.8948322270785,-3.));
#3998=CARTESIAN_POINT('',(-39.6598413449747,-50.6183616851245,-3.));
#3999=CARTESIAN_POINT('Origin',(-45.6598415833933,-50.6183616851245,-3.));
#4000=CARTESIAN_POINT('',(-45.6598415833933,-50.6183616851245,-2.5));
#4001=CARTESIAN_POINT('',(-22.8835147916967,-50.6183616851245,-2.5));
#4002=CARTESIAN_POINT('',(-45.6598415833933,-50.6183616851245,-3.));
#4003=CARTESIAN_POINT('',(-39.6598413449747,-50.6183616851245,-3.));
#4004=CARTESIAN_POINT('',(-45.6598415833933,-50.6183616851245,-3.));
#4005=CARTESIAN_POINT('Origin',(-45.6598415833933,-49.8948322270785,-3.));
#4006=CARTESIAN_POINT('',(-45.6598415833933,-49.8948322270785,-2.5));
#4007=CARTESIAN_POINT('',(-45.6598415833933,-25.9593811135393,-2.5));
#4008=CARTESIAN_POINT('',(-45.6598415833933,-49.8948322270785,-3.));
#4009=CARTESIAN_POINT('',(-45.6598415833933,-50.6183616851245,-3.));
#4010=CARTESIAN_POINT('',(-45.6598415833933,-49.8948322270785,-3.));
#4011=CARTESIAN_POINT('Origin',(-42.7921947700007,-49.8948322270785,-3.));
#4012=CARTESIAN_POINT('',(-42.7921947700007,-49.8948322270785,-2.5));
#4013=CARTESIAN_POINT('',(-21.4496913850003,-49.8948322270785,-2.5));
#4014=CARTESIAN_POINT('',(-42.7921947700007,-49.8948322270785,-3.));
#4015=CARTESIAN_POINT('',(-45.6598415833933,-49.8948322270785,-3.));
#4016=CARTESIAN_POINT('',(-42.7921947700007,-49.8948322270785,-3.));
#4017=CARTESIAN_POINT('Origin',(-45.6598415833933,-47.7595381472979,-3.));
#4018=CARTESIAN_POINT('',(-45.6598415833933,-47.7595381472979,-2.5));
#4019=CARTESIAN_POINT('',(-41.96168533935,-50.5132423681699,-2.5));
#4020=CARTESIAN_POINT('',(-45.6598415833933,-47.7595381472979,-3.));
#4021=CARTESIAN_POINT('',(-42.7921947700007,-49.8948322270785,-3.));
#4022=CARTESIAN_POINT('',(-45.6598415833933,-47.7595381472979,-3.));
#4023=CARTESIAN_POINT('Origin',(-45.6598415833933,-46.9124792550479,-3.));
#4024=CARTESIAN_POINT('',(-45.6598415833933,-46.9124792550479,-2.5));
#4025=CARTESIAN_POINT('',(-45.6598415833933,-24.4682046275239,-2.5));
#4026=CARTESIAN_POINT('',(-45.6598415833933,-46.9124792550479,-3.));
#4027=CARTESIAN_POINT('',(-45.6598415833933,-47.7595381472979,-3.));
#4028=CARTESIAN_POINT('',(-45.6598415833933,-46.9124792550479,-3.));
#4029=CARTESIAN_POINT('Origin',(-42.7127823096735,-49.0918909047519,-3.));
#4030=CARTESIAN_POINT('',(-40.1922886853302,-50.9558483815775,-2.5));
#4031=CARTESIAN_POINT('',(-45.6598415833933,-46.9124792550479,-3.));
#4032=CARTESIAN_POINT('Origin',(-42.659841464184,-44.4727736280088,-3.));
#4033=CARTESIAN_POINT('Origin',(-42.0068999988062,-42.0948325131808,-3.));
#4034=CARTESIAN_POINT('',(-42.7304294568522,-42.0948325131808,-2.5));
#4035=CARTESIAN_POINT('',(-42.0068999988062,-42.0948325131808,-2.5));
#4036=CARTESIAN_POINT('',(-21.0570439994031,-42.0948325131808,-2.5));
#4037=CARTESIAN_POINT('',(-42.7304294568522,-42.0948325131808,-3.));
#4038=CARTESIAN_POINT('',(-42.7304294568522,-42.0948325131808,-3.));
#4039=CARTESIAN_POINT('',(-42.0068999988062,-42.0948325131808,-3.));
#4040=CARTESIAN_POINT('',(-42.7304294568522,-42.0948325131808,-3.));
#4041=CARTESIAN_POINT('',(-42.0068999988062,-42.0948325131808,-3.));
#4042=CARTESIAN_POINT('Origin',(-42.0068999988062,-45.2889500592624,-3.));
#4043=CARTESIAN_POINT('',(-42.0068999988062,-45.2889500592624,-2.5));
#4044=CARTESIAN_POINT('',(-42.0068999988062,-23.6564400296312,-2.5));
#4045=CARTESIAN_POINT('',(-42.0068999988062,-45.2889500592624,-3.));
#4046=CARTESIAN_POINT('',(-42.0068999988062,-42.0948325131808,-3.));
#4047=CARTESIAN_POINT('',(-42.0068999988062,-45.2889500592624,-3.));
#4048=CARTESIAN_POINT('Origin',(-42.7304294568522,-45.2889500592624,-3.));
#4049=CARTESIAN_POINT('',(-42.7304294568522,-45.2889500592624,-2.5));
#4050=CARTESIAN_POINT('',(-21.4188087284261,-45.2889500592624,-2.5));
#4051=CARTESIAN_POINT('',(-42.7304294568522,-45.2889500592624,-3.));
#4052=CARTESIAN_POINT('',(-42.0068999988062,-45.2889500592624,-3.));
#4053=CARTESIAN_POINT('',(-42.7304294568522,-45.2889500592624,-3.));
#4054=CARTESIAN_POINT('Origin',(-42.7304294568522,-42.0948325131808,-3.));
#4055=CARTESIAN_POINT('',(-42.7304294568522,-22.0593812565904,-2.5));
#4056=CARTESIAN_POINT('',(-42.7304294568522,-45.2889500592624,-3.));
#4057=CARTESIAN_POINT('Origin',(-42.659841464184,-44.4727736280088,-3.));
#4058=CARTESIAN_POINT('Ctrl Pts',(-45.0245472651942,-39.0198324654971,-3.));
#4059=CARTESIAN_POINT('Ctrl Pts',(-45.0245472651942,-39.0198324654971,-2.));
#4060=CARTESIAN_POINT('Ctrl Pts',(-45.0450482521433,-38.9308453427328,-3.));
#4061=CARTESIAN_POINT('Ctrl Pts',(-45.0450482521433,-38.9308453427328,-2.));
#4062=CARTESIAN_POINT('Ctrl Pts',(-45.092150430839,-38.7263923879334,-3.));
#4063=CARTESIAN_POINT('Ctrl Pts',(-45.092150430839,-38.7263923879334,-2.));
#4064=CARTESIAN_POINT('Ctrl Pts',(-45.0940583480763,-38.5163793024221,-3.));
#4065=CARTESIAN_POINT('Ctrl Pts',(-45.0940583480763,-38.5163793024221,-2.));
#4066=CARTESIAN_POINT('Ctrl Pts',(-45.0951358539088,-38.3977733586703,-3.));
#4067=CARTESIAN_POINT('Ctrl Pts',(-45.0951358539088,-38.3977733586703,-2.));
#4068=CARTESIAN_POINT('',(-45.0951358539088,-38.3977733586703,-2.5));
#4069=CARTESIAN_POINT('',(-45.0245472651942,-39.0198324654971,-2.5));
#4070=CARTESIAN_POINT('Ctrl Pts',(-45.0951358539088,-38.3977733586703,-2.5));
#4071=CARTESIAN_POINT('Ctrl Pts',(-45.0940583480763,-38.5163793024221,-2.5));
#4072=CARTESIAN_POINT('Ctrl Pts',(-45.0929808422438,-38.6349852461739,-2.5));
#4073=CARTESIAN_POINT('Ctrl Pts',(-45.0774887067301,-38.7518177960788,-2.5));
#4074=CARTESIAN_POINT('Ctrl Pts',(-45.0655492390924,-38.8418582199686,-2.5));
#4075=CARTESIAN_POINT('Ctrl Pts',(-45.0450482521433,-38.9308453427328,-2.5));
#4076=CARTESIAN_POINT('Ctrl Pts',(-45.0245472651942,-39.0198324654971,-2.5));
#4077=CARTESIAN_POINT('',(-45.0951358539088,-38.3977733586703,-3.));
#4078=CARTESIAN_POINT('',(-45.0951358539088,-38.3977733586703,-3.));
#4079=CARTESIAN_POINT('',(-45.0245472651942,-39.0198324654971,-3.));
#4080=CARTESIAN_POINT('Ctrl Pts',(-45.0951358539088,-38.3977733586703,-3.));
#4081=CARTESIAN_POINT('Ctrl Pts',(-45.0940583480763,-38.5163793024221,-3.));
#4082=CARTESIAN_POINT('Ctrl Pts',(-45.092150430839,-38.7263923879334,-3.));
#4083=CARTESIAN_POINT('Ctrl Pts',(-45.0450482521433,-38.9308453427328,-3.));
#4084=CARTESIAN_POINT('Ctrl Pts',(-45.0245472651942,-39.0198324654971,-3.));
#4085=CARTESIAN_POINT('',(-45.0245472651942,-39.0198324654971,-3.));
#4086=CARTESIAN_POINT('Ctrl Pts',(-44.7510179740412,-39.3595372174655,-3.));
#4087=CARTESIAN_POINT('Ctrl Pts',(-44.7510179740412,-39.3595372174655,-2.));
#4088=CARTESIAN_POINT('Ctrl Pts',(-44.813187655305,-39.3165872551678,-3.));
#4089=CARTESIAN_POINT('Ctrl Pts',(-44.813187655305,-39.3165872551678,-2.));
#4090=CARTESIAN_POINT('Ctrl Pts',(-44.9379262750756,-39.2304115034621,-3.));
#4091=CARTESIAN_POINT('Ctrl Pts',(-44.9379262750756,-39.2304115034621,-2.));
#4092=CARTESIAN_POINT('Ctrl Pts',(-44.995612055884,-39.0901750987492,-3.));
#4093=CARTESIAN_POINT('Ctrl Pts',(-44.995612055884,-39.0901750987492,-2.));
#4094=CARTESIAN_POINT('Ctrl Pts',(-45.0245472651942,-39.0198324654971,-3.));
#4095=CARTESIAN_POINT('Ctrl Pts',(-45.0245472651942,-39.0198324654971,-2.));
#4096=CARTESIAN_POINT('',(-44.7510179740412,-39.3595372174655,-2.5));
#4097=CARTESIAN_POINT('Ctrl Pts',(-45.0245472651942,-39.0198324654971,-2.5));
#4098=CARTESIAN_POINT('Ctrl Pts',(-44.9957043747899,-39.0899506678535,-2.5));
#4099=CARTESIAN_POINT('Ctrl Pts',(-44.9668614843857,-39.16006887021,-2.5));
#4100=CARTESIAN_POINT('Ctrl Pts',(-44.8757553240174,-39.273362342998,-2.5));
#4101=CARTESIAN_POINT('Ctrl Pts',(-44.8137802083258,-39.3161778895512,-2.5));
#4102=CARTESIAN_POINT('Ctrl Pts',(-44.7510179740412,-39.3595372174655,-2.5));
#4103=CARTESIAN_POINT('',(-44.7510179740412,-39.3595372174655,-3.));
#4104=CARTESIAN_POINT('Ctrl Pts',(-45.0245472651942,-39.0198324654971,-3.));
#4105=CARTESIAN_POINT('Ctrl Pts',(-44.995612055884,-39.0901750987492,-3.));
#4106=CARTESIAN_POINT('Ctrl Pts',(-44.9379262750756,-39.2304115034621,-3.));
#4107=CARTESIAN_POINT('Ctrl Pts',(-44.813187655305,-39.3165872551678,-3.));
#4108=CARTESIAN_POINT('Ctrl Pts',(-44.7510179740412,-39.3595372174655,-3.));
#4109=CARTESIAN_POINT('',(-44.7510179740412,-39.3595372174655,-3.));
#4110=CARTESIAN_POINT('Ctrl Pts',(-44.1510179501993,-39.5624791119967,-3.));
#4111=CARTESIAN_POINT('Ctrl Pts',(-44.1510179501993,-39.5624791119967,-2.));
#4112=CARTESIAN_POINT('Ctrl Pts',(-44.2687758141571,-39.5353918945192,-3.));
#4113=CARTESIAN_POINT('Ctrl Pts',(-44.2687758141571,-39.5353918945192,-2.));
#4114=CARTESIAN_POINT('Ctrl Pts',(-44.4757687544713,-39.487778405261,-3.));
#4115=CARTESIAN_POINT('Ctrl Pts',(-44.4757687544713,-39.487778405261,-2.));
#4116=CARTESIAN_POINT('Ctrl Pts',(-44.6681025043924,-39.3981683108833,-3.));
#4117=CARTESIAN_POINT('Ctrl Pts',(-44.6681025043924,-39.3981683108833,-2.));
#4118=CARTESIAN_POINT('Ctrl Pts',(-44.7510179740412,-39.3595372174655,-3.));
#4119=CARTESIAN_POINT('Ctrl Pts',(-44.7510179740412,-39.3595372174655,-2.));
#4120=CARTESIAN_POINT('',(-44.1510179501993,-39.5624791119967,-2.5));
#4121=CARTESIAN_POINT('Ctrl Pts',(-44.7510179740412,-39.3595372174655,-2.5));
#4122=CARTESIAN_POINT('Ctrl Pts',(-44.6681025043924,-39.3981683108833,-2.5));
#4123=CARTESIAN_POINT('Ctrl Pts',(-44.5851870347436,-39.4367994043011,-2.5));
#4124=CARTESIAN_POINT('Ctrl Pts',(-44.4995471698267,-39.4676254723941,-2.5));
#4125=CARTESIAN_POINT('Ctrl Pts',(-44.3865336781148,-39.5083046770416,-2.5));
#4126=CARTESIAN_POINT('Ctrl Pts',(-44.2687758141571,-39.5353918945192,-2.5));
#4127=CARTESIAN_POINT('Ctrl Pts',(-44.1510179501993,-39.5624791119967,-2.5));
#4128=CARTESIAN_POINT('',(-44.1510179501993,-39.5624791119967,-3.));
#4129=CARTESIAN_POINT('Ctrl Pts',(-44.7510179740412,-39.3595372174655,-3.));
#4130=CARTESIAN_POINT('Ctrl Pts',(-44.6681025043924,-39.3981683108833,-3.));
#4131=CARTESIAN_POINT('Ctrl Pts',(-44.4757687544713,-39.487778405261,-3.));
#4132=CARTESIAN_POINT('Ctrl Pts',(-44.2687758141571,-39.5353918945192,-3.));
#4133=CARTESIAN_POINT('Ctrl Pts',(-44.1510179501993,-39.5624791119967,-3.));
#4134=CARTESIAN_POINT('',(-44.1510179501993,-39.5624791119967,-3.));
#4135=CARTESIAN_POINT('Ctrl Pts',(-43.4627827865107,-39.6595381234561,-3.));
#4136=CARTESIAN_POINT('Ctrl Pts',(-43.4627827865107,-39.6595381234561,-2.));
#4137=CARTESIAN_POINT('Ctrl Pts',(-43.5806200387865,-39.6469113859295,-3.));
#4138=CARTESIAN_POINT('Ctrl Pts',(-43.5806200387865,-39.6469113859295,-2.));
#4139=CARTESIAN_POINT('Ctrl Pts',(-43.8111151778064,-39.6222129008126,-3.));
#4140=CARTESIAN_POINT('Ctrl Pts',(-43.8111151778064,-39.6222129008126,-2.));
#4141=CARTESIAN_POINT('Ctrl Pts',(-44.0394271287254,-39.582089845139,-3.));
#4142=CARTESIAN_POINT('Ctrl Pts',(-44.0394271287254,-39.582089845139,-2.));
#4143=CARTESIAN_POINT('Ctrl Pts',(-44.1510179501993,-39.5624791119967,-3.));
#4144=CARTESIAN_POINT('Ctrl Pts',(-44.1510179501993,-39.5624791119967,-2.));
#4145=CARTESIAN_POINT('',(-43.4627827865107,-39.6595381234561,-2.5));
#4146=CARTESIAN_POINT('Ctrl Pts',(-44.1510179501993,-39.5624791119967,-2.5));
#4147=CARTESIAN_POINT('Ctrl Pts',(-44.0394271287254,-39.582089845139,-2.5));
#4148=CARTESIAN_POINT('Ctrl Pts',(-43.9278363072516,-39.6017005782813,-2.5));
#4149=CARTESIAN_POINT('Ctrl Pts',(-43.8157239419443,-39.6176265214358,-2.5));
#4150=CARTESIAN_POINT('Ctrl Pts',(-43.6984572910623,-39.634284648403,-2.5));
#4151=CARTESIAN_POINT('Ctrl Pts',(-43.5806200387865,-39.6469113859295,-2.5));
#4152=CARTESIAN_POINT('Ctrl Pts',(-43.4627827865107,-39.6595381234561,-2.5));
#4153=CARTESIAN_POINT('',(-43.4627827865107,-39.6595381234561,-3.));
#4154=CARTESIAN_POINT('Ctrl Pts',(-44.1510179501993,-39.5624791119967,-3.));
#4155=CARTESIAN_POINT('Ctrl Pts',(-44.0394271287254,-39.582089845139,-3.));
#4156=CARTESIAN_POINT('Ctrl Pts',(-43.8111151778064,-39.6222129008126,-3.));
#4157=CARTESIAN_POINT('Ctrl Pts',(-43.5806200387865,-39.6469113859295,-3.));
#4158=CARTESIAN_POINT('Ctrl Pts',(-43.4627827865107,-39.6595381234561,-3.));
#4159=CARTESIAN_POINT('',(-43.4627827865107,-39.6595381234561,-3.));
#4160=CARTESIAN_POINT('Ctrl Pts',(-42.659841464184,-39.6948324178134,-3.));
#4161=CARTESIAN_POINT('Ctrl Pts',(-42.659841464184,-39.6948324178134,-2.));
#4162=CARTESIAN_POINT('Ctrl Pts',(-42.8003629111744,-39.6936684619286,-3.));
#4163=CARTESIAN_POINT('Ctrl Pts',(-42.8003629111744,-39.6936684619286,-2.));
#4164=CARTESIAN_POINT('Ctrl Pts',(-43.0684407238415,-39.6914479414721,-3.));
#4165=CARTESIAN_POINT('Ctrl Pts',(-43.0684407238415,-39.6914479414721,-2.));
#4166=CARTESIAN_POINT('Ctrl Pts',(-43.3356430116861,-39.669826163869,-3.));
#4167=CARTESIAN_POINT('Ctrl Pts',(-43.3356430116861,-39.669826163869,-2.));
#4168=CARTESIAN_POINT('Ctrl Pts',(-43.4627827865107,-39.6595381234561,-3.));
#4169=CARTESIAN_POINT('Ctrl Pts',(-43.4627827865107,-39.6595381234561,-2.));
#4170=CARTESIAN_POINT('',(-42.659841464184,-39.6948324178134,-2.5));
#4171=CARTESIAN_POINT('Ctrl Pts',(-43.4627827865107,-39.6595381234561,-2.5));
#4172=CARTESIAN_POINT('Ctrl Pts',(-43.3190099184694,-39.6711720993596,-2.5));
#4173=CARTESIAN_POINT('Ctrl Pts',(-43.1961503619544,-39.6811137882157,-2.5));
#4174=CARTESIAN_POINT('Ctrl Pts',(-42.9279192768508,-39.6926118973569,-2.5));
#4175=CARTESIAN_POINT('Ctrl Pts',(-42.793880370517,-39.6937221575851,-2.5));
#4176=CARTESIAN_POINT('Ctrl Pts',(-42.659841464184,-39.6948324178134,-2.5));
#4177=CARTESIAN_POINT('',(-42.659841464184,-39.6948324178134,-3.));
#4178=CARTESIAN_POINT('Ctrl Pts',(-43.4627827865107,-39.6595381234561,-3.));
#4179=CARTESIAN_POINT('Ctrl Pts',(-43.3356430116861,-39.669826163869,-3.));
#4180=CARTESIAN_POINT('Ctrl Pts',(-43.0684407238415,-39.6914479414721,-3.));
#4181=CARTESIAN_POINT('Ctrl Pts',(-42.8003629111744,-39.6936684619286,-3.));
#4182=CARTESIAN_POINT('Ctrl Pts',(-42.659841464184,-39.6948324178134,-3.));
#4183=CARTESIAN_POINT('',(-42.659841464184,-39.6948324178134,-3.));
#4184=CARTESIAN_POINT('Ctrl Pts',(-40.2951356631739,-37.7713023160373,-3.));
#4185=CARTESIAN_POINT('Ctrl Pts',(-40.2951356631739,-37.7713023160373,-2.));
#4186=CARTESIAN_POINT('Ctrl Pts',(-40.2746468720574,-37.8599233682626,-3.));
#4187=CARTESIAN_POINT('Ctrl Pts',(-40.2746468720574,-37.8599233682626,-2.));
#4188=CARTESIAN_POINT('Ctrl Pts',(-40.2270523262853,-38.0657861106039,-3.));
#4189=CARTESIAN_POINT('Ctrl Pts',(-40.2270523262853,-38.0657861106039,-2.));
#4190=CARTESIAN_POINT('Ctrl Pts',(-40.225456130259,-38.2773084496493,-3.));
#4191=CARTESIAN_POINT('Ctrl Pts',(-40.225456130259,-38.2773084496493,-2.));
#4192=CARTESIAN_POINT('Ctrl Pts',(-40.2245470744593,-38.3977733586703,-3.));
#4193=CARTESIAN_POINT('Ctrl Pts',(-40.2245470744593,-38.3977733586703,-2.));
#4194=CARTESIAN_POINT('',(-40.2245470744593,-38.3977733586703,-2.5));
#4195=CARTESIAN_POINT('',(-40.2951356631739,-37.7713023160373,-2.5));
#4196=CARTESIAN_POINT('Ctrl Pts',(-40.2245470744593,-38.3977733586703,-2.5));
#4197=CARTESIAN_POINT('Ctrl Pts',(-40.225456130259,-38.2773084496493,-2.5));
#4198=CARTESIAN_POINT('Ctrl Pts',(-40.2263651860588,-38.1568435406283,-2.5));
#4199=CARTESIAN_POINT('Ctrl Pts',(-40.2421936255915,-38.0382142995273,-2.5));
#4200=CARTESIAN_POINT('Ctrl Pts',(-40.2541580809408,-37.9485444204879,-2.5));
#4201=CARTESIAN_POINT('Ctrl Pts',(-40.2746468720574,-37.8599233682626,-2.5));
#4202=CARTESIAN_POINT('Ctrl Pts',(-40.2951356631739,-37.7713023160373,-2.5));
#4203=CARTESIAN_POINT('',(-40.2245470744593,-38.3977733586703,-3.));
#4204=CARTESIAN_POINT('',(-40.2245470744593,-38.3977733586703,-3.));
#4205=CARTESIAN_POINT('',(-40.2951356631739,-37.7713023160373,-3.));
#4206=CARTESIAN_POINT('Ctrl Pts',(-40.2245470744593,-38.3977733586703,-3.));
#4207=CARTESIAN_POINT('Ctrl Pts',(-40.225456130259,-38.2773084496493,-3.));
#4208=CARTESIAN_POINT('Ctrl Pts',(-40.2270523262853,-38.0657861106039,-3.));
#4209=CARTESIAN_POINT('Ctrl Pts',(-40.2746468720574,-37.8599233682626,-3.));
#4210=CARTESIAN_POINT('Ctrl Pts',(-40.2951356631739,-37.7713023160373,-3.));
#4211=CARTESIAN_POINT('',(-40.2951356631739,-37.7713023160373,-3.));
#4212=CARTESIAN_POINT('Ctrl Pts',(-40.5686649543268,-37.431596371976,-3.));
#4213=CARTESIAN_POINT('Ctrl Pts',(-40.5686649543268,-37.431596371976,-2.));
#4214=CARTESIAN_POINT('Ctrl Pts',(-40.5065849250067,-37.4753674011693,-3.));
#4215=CARTESIAN_POINT('Ctrl Pts',(-40.5065849250067,-37.4753674011693,-2.));
#4216=CARTESIAN_POINT('Ctrl Pts',(-40.3829678858106,-37.5625265905365,-3.));
#4217=CARTESIAN_POINT('Ctrl Pts',(-40.3829678858106,-37.5625265905365,-2.));
#4218=CARTESIAN_POINT('Ctrl Pts',(-40.3243272059941,-37.7019145065544,-3.));
#4219=CARTESIAN_POINT('Ctrl Pts',(-40.3243272059941,-37.7019145065544,-2.));
#4220=CARTESIAN_POINT('Ctrl Pts',(-40.2951356631739,-37.7713023160373,-3.));
#4221=CARTESIAN_POINT('Ctrl Pts',(-40.2951356631739,-37.7713023160373,-2.));
#4222=CARTESIAN_POINT('',(-40.5686649543268,-37.431596371976,-2.5));
#4223=CARTESIAN_POINT('Ctrl Pts',(-40.2951356631739,-37.7713023160373,-2.5));
#4224=CARTESIAN_POINT('Ctrl Pts',(-40.3243272059941,-37.7019145065544,-2.5));
#4225=CARTESIAN_POINT('Ctrl Pts',(-40.3535187488143,-37.6325266970715,-2.5));
#4226=CARTESIAN_POINT('Ctrl Pts',(-40.3988119822962,-37.5760816071902,-2.5));
#4227=CARTESIAN_POINT('Ctrl Pts',(-40.4445048956865,-37.5191384303626,-2.5));
#4228=CARTESIAN_POINT('Ctrl Pts',(-40.5065849250067,-37.4753674011693,-2.5));
#4229=CARTESIAN_POINT('Ctrl Pts',(-40.5686649543268,-37.431596371976,-2.5));
#4230=CARTESIAN_POINT('',(-40.5686649543268,-37.431596371976,-3.));
#4231=CARTESIAN_POINT('Ctrl Pts',(-40.2951356631739,-37.7713023160373,-3.));
#4232=CARTESIAN_POINT('Ctrl Pts',(-40.3243272059941,-37.7019145065544,-3.));
#4233=CARTESIAN_POINT('Ctrl Pts',(-40.3829678858106,-37.5625265905365,-3.));
#4234=CARTESIAN_POINT('Ctrl Pts',(-40.5065849250067,-37.4753674011693,-3.));
#4235=CARTESIAN_POINT('Ctrl Pts',(-40.5686649543268,-37.431596371976,-3.));
#4236=CARTESIAN_POINT('',(-40.5686649543268,-37.431596371976,-3.));
#4237=CARTESIAN_POINT('Ctrl Pts',(-41.1686649781687,-37.2330676053439,-3.));
#4238=CARTESIAN_POINT('Ctrl Pts',(-41.1686649781687,-37.2330676053439,-2.));
#4239=CARTESIAN_POINT('Ctrl Pts',(-41.050738317323,-37.2577423547927,-3.));
#4240=CARTESIAN_POINT('Ctrl Pts',(-41.050738317323,-37.2577423547927,-2.));
#4241=CARTESIAN_POINT('Ctrl Pts',(-40.8429556794573,-37.3012183973803,-3.));
#4242=CARTESIAN_POINT('Ctrl Pts',(-40.8429556794573,-37.3012183973803,-2.));
#4243=CARTESIAN_POINT('Ctrl Pts',(-40.6514722913506,-37.3922357524083,-3.));
#4244=CARTESIAN_POINT('Ctrl Pts',(-40.6514722913506,-37.3922357524083,-2.));
#4245=CARTESIAN_POINT('Ctrl Pts',(-40.5686649543268,-37.431596371976,-3.));
#4246=CARTESIAN_POINT('Ctrl Pts',(-40.5686649543268,-37.431596371976,-2.));
#4247=CARTESIAN_POINT('',(-41.1686649781687,-37.2330676053439,-2.5));
#4248=CARTESIAN_POINT('Ctrl Pts',(-40.5686649543268,-37.431596371976,-2.5));
#4249=CARTESIAN_POINT('Ctrl Pts',(-40.6514722913506,-37.3922357524083,-2.5));
#4250=CARTESIAN_POINT('Ctrl Pts',(-40.7342796283743,-37.3528751328405,-2.5));
#4251=CARTESIAN_POINT('Ctrl Pts',(-40.8201351624949,-37.3224054311191,-2.5));
#4252=CARTESIAN_POINT('Ctrl Pts',(-40.9328116564772,-37.2824171042415,-2.5));
#4253=CARTESIAN_POINT('Ctrl Pts',(-41.050738317323,-37.2577423547927,-2.5));
#4254=CARTESIAN_POINT('Ctrl Pts',(-41.1686649781687,-37.2330676053439,-2.5));
#4255=CARTESIAN_POINT('',(-41.1686649781687,-37.2330676053439,-3.));
#4256=CARTESIAN_POINT('Ctrl Pts',(-40.5686649543268,-37.431596371976,-3.));
#4257=CARTESIAN_POINT('Ctrl Pts',(-40.6514722913506,-37.3922357524083,-3.));
#4258=CARTESIAN_POINT('Ctrl Pts',(-40.8429556794573,-37.3012183973803,-3.));
#4259=CARTESIAN_POINT('Ctrl Pts',(-41.050738317323,-37.2577423547927,-3.));
#4260=CARTESIAN_POINT('Ctrl Pts',(-41.1686649781687,-37.2330676053439,-3.));
#4261=CARTESIAN_POINT('',(-41.1686649781687,-37.2330676053439,-3.));
#4262=CARTESIAN_POINT('Ctrl Pts',(-41.8613120776636,-37.1315966580783,-3.));
#4263=CARTESIAN_POINT('Ctrl Pts',(-41.8613120776636,-37.1315966580783,-2.));
#4264=CARTESIAN_POINT('Ctrl Pts',(-41.7437696237375,-37.1434076127033,-3.));
#4265=CARTESIAN_POINT('Ctrl Pts',(-41.7437696237375,-37.1434076127033,-2.));
#4266=CARTESIAN_POINT('Ctrl Pts',(-41.5113497771903,-37.1667617300442,-3.));
#4267=CARTESIAN_POINT('Ctrl Pts',(-41.5113497771903,-37.1667617300442,-2.));
#4268=CARTESIAN_POINT('Ctrl Pts',(-41.2820166889302,-37.2111352511215,-3.));
#4269=CARTESIAN_POINT('Ctrl Pts',(-41.2820166889302,-37.2111352511215,-2.));
#4270=CARTESIAN_POINT('Ctrl Pts',(-41.1686649781687,-37.2330676053439,-3.));
#4271=CARTESIAN_POINT('Ctrl Pts',(-41.1686649781687,-37.2330676053439,-2.));
#4272=CARTESIAN_POINT('',(-41.8613120776636,-37.1315966580783,-2.5));
#4273=CARTESIAN_POINT('Ctrl Pts',(-41.1686649781687,-37.2330676053439,-2.5));
#4274=CARTESIAN_POINT('Ctrl Pts',(-41.2820166889302,-37.2111352511215,-2.5));
#4275=CARTESIAN_POINT('Ctrl Pts',(-41.3953683996918,-37.1892028968992,-2.5));
#4276=CARTESIAN_POINT('Ctrl Pts',(-41.5094742042048,-37.1724055741702,-2.5));
#4277=CARTESIAN_POINT('Ctrl Pts',(-41.6262271698114,-37.1552185673283,-2.5));
#4278=CARTESIAN_POINT('Ctrl Pts',(-41.7437696237375,-37.1434076127033,-2.5));
#4279=CARTESIAN_POINT('Ctrl Pts',(-41.8613120776636,-37.1315966580783,-2.5));
#4280=CARTESIAN_POINT('',(-41.8613120776636,-37.1315966580783,-3.));
#4281=CARTESIAN_POINT('Ctrl Pts',(-41.1686649781687,-37.2330676053439,-3.));
#4282=CARTESIAN_POINT('Ctrl Pts',(-41.2820166889302,-37.2111352511215,-3.));
#4283=CARTESIAN_POINT('Ctrl Pts',(-41.5113497771903,-37.1667617300442,-3.));
#4284=CARTESIAN_POINT('Ctrl Pts',(-41.7437696237375,-37.1434076127033,-3.));
#4285=CARTESIAN_POINT('Ctrl Pts',(-41.8613120776636,-37.1315966580783,-3.));
#4286=CARTESIAN_POINT('',(-41.8613120776636,-37.1315966580783,-3.));
#4287=CARTESIAN_POINT('Ctrl Pts',(-42.659841464184,-37.1007142995273,-3.));
#4288=CARTESIAN_POINT('Ctrl Pts',(-42.659841464184,-37.1007142995273,-2.));
#4289=CARTESIAN_POINT('Ctrl Pts',(-42.5197051471477,-37.101713876498,-3.));
#4290=CARTESIAN_POINT('Ctrl Pts',(-42.5197051471477,-37.101713876498,-2.));
#4291=CARTESIAN_POINT('Ctrl Pts',(-42.2531948035045,-37.1036148655322,-3.));
#4292=CARTESIAN_POINT('Ctrl Pts',(-42.2531948035045,-37.1036148655322,-2.));
#4293=CARTESIAN_POINT('Ctrl Pts',(-41.9873639182871,-37.1225961172997,-3.));
#4294=CARTESIAN_POINT('Ctrl Pts',(-41.9873639182871,-37.1225961172997,-2.));
#4295=CARTESIAN_POINT('Ctrl Pts',(-41.8613120776636,-37.1315966580783,-3.));
#4296=CARTESIAN_POINT('Ctrl Pts',(-41.8613120776636,-37.1315966580783,-2.));
#4297=CARTESIAN_POINT('',(-42.659841464184,-37.1007142995273,-2.5));
#4298=CARTESIAN_POINT('Ctrl Pts',(-41.8613120776636,-37.1315966580783,-2.5));
#4299=CARTESIAN_POINT('Ctrl Pts',(-41.9873639182871,-37.1225961172997,-2.5));
#4300=CARTESIAN_POINT('Ctrl Pts',(-42.1134157589105,-37.113595576521,-2.5));
#4301=CARTESIAN_POINT('Ctrl Pts',(-42.2396203738673,-37.1084354852115,-2.5));
#4302=CARTESIAN_POINT('Ctrl Pts',(-42.3795688301115,-37.1027134534688,-2.5));
#4303=CARTESIAN_POINT('Ctrl Pts',(-42.5197051471477,-37.101713876498,-2.5));
#4304=CARTESIAN_POINT('Ctrl Pts',(-42.659841464184,-37.1007142995273,-2.5));
#4305=CARTESIAN_POINT('',(-42.659841464184,-37.1007142995273,-3.));
#4306=CARTESIAN_POINT('Ctrl Pts',(-41.8613120776636,-37.1315966580783,-3.));
#4307=CARTESIAN_POINT('Ctrl Pts',(-41.9873639182871,-37.1225961172997,-3.));
#4308=CARTESIAN_POINT('Ctrl Pts',(-42.2531948035045,-37.1036148655322,-3.));
#4309=CARTESIAN_POINT('Ctrl Pts',(-42.5197051471477,-37.101713876498,-3.));
#4310=CARTESIAN_POINT('Ctrl Pts',(-42.659841464184,-37.1007142995273,-3.));
#4311=CARTESIAN_POINT('',(-42.659841464184,-37.1007142995273,-3.));
#4312=CARTESIAN_POINT('Ctrl Pts',(-43.6304297906382,-36.425714347211,-3.));
#4313=CARTESIAN_POINT('Ctrl Pts',(-43.6304297906382,-36.425714347211,-2.));
#4314=CARTESIAN_POINT('Ctrl Pts',(-43.7690761922406,-36.4436499901627,-3.));
#4315=CARTESIAN_POINT('Ctrl Pts',(-43.7690761922406,-36.4436499901627,-2.));
#4316=CARTESIAN_POINT('Ctrl Pts',(-44.0420420457799,-36.4789615311078,-3.));
#4317=CARTESIAN_POINT('Ctrl Pts',(-44.0420420457799,-36.4789615311078,-2.));
#4318=CARTESIAN_POINT('Ctrl Pts',(-44.3102273309256,-36.5408490282009,-3.));
#4319=CARTESIAN_POINT('Ctrl Pts',(-44.3102273309256,-36.5408490282009,-2.));
#4320=CARTESIAN_POINT('Ctrl Pts',(-44.442194388531,-36.5713022683535,-3.));
#4321=CARTESIAN_POINT('Ctrl Pts',(-44.442194388531,-36.5713022683535,-2.));
#4322=CARTESIAN_POINT('',(-44.442194388531,-36.5713022683535,-2.5));
#4323=CARTESIAN_POINT('',(-43.6304297906382,-36.425714347211,-2.5));
#4324=CARTESIAN_POINT('Ctrl Pts',(-44.442194388531,-36.5713022683535,-2.5));
#4325=CARTESIAN_POINT('Ctrl Pts',(-44.3102273309256,-36.5408490282009,-2.5));
#4326=CARTESIAN_POINT('Ctrl Pts',(-44.1782602733202,-36.5103957880483,-2.5));
#4327=CARTESIAN_POINT('Ctrl Pts',(-44.0451356631739,-36.4863775704776,-2.5));
#4328=CARTESIAN_POINT('Ctrl Pts',(-43.907722593843,-36.4615856331143,-2.5));
#4329=CARTESIAN_POINT('Ctrl Pts',(-43.7690761922406,-36.4436499901627,-2.5));
#4330=CARTESIAN_POINT('Ctrl Pts',(-43.6304297906382,-36.425714347211,-2.5));
#4331=CARTESIAN_POINT('',(-44.442194388531,-36.5713022683535,-3.));
#4332=CARTESIAN_POINT('',(-44.442194388531,-36.5713022683535,-3.));
#4333=CARTESIAN_POINT('',(-43.6304297906382,-36.425714347211,-3.));
#4334=CARTESIAN_POINT('Ctrl Pts',(-44.442194388531,-36.5713022683535,-3.));
#4335=CARTESIAN_POINT('Ctrl Pts',(-44.3102273309256,-36.5408490282009,-3.));
#4336=CARTESIAN_POINT('Ctrl Pts',(-44.0420420457799,-36.4789615311078,-3.));
#4337=CARTESIAN_POINT('Ctrl Pts',(-43.7690761922406,-36.4436499901627,-3.));
#4338=CARTESIAN_POINT('Ctrl Pts',(-43.6304297906382,-36.425714347211,-3.));
#4339=CARTESIAN_POINT('',(-43.6304297906382,-36.425714347211,-3.));
#4340=CARTESIAN_POINT('Ctrl Pts',(-42.659841464184,-36.3771842454348,-3.));
#4341=CARTESIAN_POINT('Ctrl Pts',(-42.659841464184,-36.3771842454348,-2.));
#4342=CARTESIAN_POINT('Ctrl Pts',(-42.8320334840819,-36.3786536832704,-3.));
#4343=CARTESIAN_POINT('Ctrl Pts',(-42.8320334840819,-36.3786536832704,-2.));
#4344=CARTESIAN_POINT('Ctrl Pts',(-43.1562570208367,-36.3814205149293,-3.));
#4345=CARTESIAN_POINT('Ctrl Pts',(-43.1562570208367,-36.3814205149293,-2.));
#4346=CARTESIAN_POINT('Ctrl Pts',(-43.4790629864469,-36.4115747418501,-3.));
#4347=CARTESIAN_POINT('Ctrl Pts',(-43.4790629864469,-36.4115747418501,-2.));
#4348=CARTESIAN_POINT('Ctrl Pts',(-43.6304297906382,-36.425714347211,-3.));
#4349=CARTESIAN_POINT('Ctrl Pts',(-43.6304297906382,-36.425714347211,-2.));
#4350=CARTESIAN_POINT('',(-42.659841464184,-36.3771842454348,-2.5));
#4351=CARTESIAN_POINT('Ctrl Pts',(-43.6304297906382,-36.425714347211,-2.5));
#4352=CARTESIAN_POINT('Ctrl Pts',(-43.4542660138319,-36.409258385838,-2.5));
#4353=CARTESIAN_POINT('Ctrl Pts',(-43.3087338918959,-36.3956638148058,-2.5));
#4354=CARTESIAN_POINT('Ctrl Pts',(-42.9840650009387,-36.3799510770938,-2.5));
#4355=CARTESIAN_POINT('Ctrl Pts',(-42.8219532325611,-36.3785676612643,-2.5));
#4356=CARTESIAN_POINT('Ctrl Pts',(-42.659841464184,-36.3771842454348,-2.5));
#4357=CARTESIAN_POINT('',(-42.659841464184,-36.3771842454348,-3.));
#4358=CARTESIAN_POINT('Ctrl Pts',(-43.6304297906382,-36.425714347211,-3.));
#4359=CARTESIAN_POINT('Ctrl Pts',(-43.4790629864469,-36.4115747418501,-3.));
#4360=CARTESIAN_POINT('Ctrl Pts',(-43.1562570208367,-36.3814205149293,-3.));
#4361=CARTESIAN_POINT('Ctrl Pts',(-42.8320334840819,-36.3786536832704,-3.));
#4362=CARTESIAN_POINT('Ctrl Pts',(-42.659841464184,-36.3771842454348,-3.));
#4363=CARTESIAN_POINT('',(-42.659841464184,-36.3771842454348,-3.));
#4364=CARTESIAN_POINT('Ctrl Pts',(-41.6892531377299,-36.425714347211,-3.));
#4365=CARTESIAN_POINT('Ctrl Pts',(-41.6892531377299,-36.425714347211,-2.));
#4366=CARTESIAN_POINT('Ctrl Pts',(-41.8406199419212,-36.4115747418501,-3.));
#4367=CARTESIAN_POINT('Ctrl Pts',(-41.8406199419212,-36.4115747418501,-2.));
#4368=CARTESIAN_POINT('Ctrl Pts',(-42.1634259075314,-36.3814205149294,-3.));
#4369=CARTESIAN_POINT('Ctrl Pts',(-42.1634259075314,-36.3814205149294,-2.));
#4370=CARTESIAN_POINT('Ctrl Pts',(-42.4876494442861,-36.3786536832704,-3.));
#4371=CARTESIAN_POINT('Ctrl Pts',(-42.4876494442861,-36.3786536832704,-2.));
#4372=CARTESIAN_POINT('Ctrl Pts',(-42.659841464184,-36.3771842454348,-3.));
#4373=CARTESIAN_POINT('Ctrl Pts',(-42.659841464184,-36.3771842454348,-2.));
#4374=CARTESIAN_POINT('',(-41.6892531377299,-36.425714347211,-2.5));
#4375=CARTESIAN_POINT('Ctrl Pts',(-42.659841464184,-36.3771842454348,-2.5));
#4376=CARTESIAN_POINT('Ctrl Pts',(-42.4876494442861,-36.3786536832704,-2.5));
#4377=CARTESIAN_POINT('Ctrl Pts',(-42.3154574243882,-36.3801231211059,-2.5));
#4378=CARTESIAN_POINT('Ctrl Pts',(-42.1436652404291,-36.3893173669253,-2.5));
#4379=CARTESIAN_POINT('Ctrl Pts',(-41.9919867461125,-36.3974351364893,-2.5));
#4380=CARTESIAN_POINT('Ctrl Pts',(-41.8406199419212,-36.4115747418501,-2.5));
#4381=CARTESIAN_POINT('Ctrl Pts',(-41.6892531377299,-36.425714347211,-2.5));
#4382=CARTESIAN_POINT('',(-41.6892531377299,-36.425714347211,-3.));
#4383=CARTESIAN_POINT('Ctrl Pts',(-42.659841464184,-36.3771842454348,-3.));
#4384=CARTESIAN_POINT('Ctrl Pts',(-42.4876494442861,-36.3786536832704,-3.));
#4385=CARTESIAN_POINT('Ctrl Pts',(-42.1634259075314,-36.3814205149294,-3.));
#4386=CARTESIAN_POINT('Ctrl Pts',(-41.8406199419212,-36.4115747418501,-3.));
#4387=CARTESIAN_POINT('Ctrl Pts',(-41.6892531377299,-36.425714347211,-3.));
#4388=CARTESIAN_POINT('',(-41.6892531377299,-36.425714347211,-3.));
#4389=CARTESIAN_POINT('Ctrl Pts',(-40.8774885398371,-36.5713022683535,-3.));
#4390=CARTESIAN_POINT('Ctrl Pts',(-40.8774885398371,-36.5713022683535,-2.));
#4391=CARTESIAN_POINT('Ctrl Pts',(-41.0094555974425,-36.5408490282009,-3.));
#4392=CARTESIAN_POINT('Ctrl Pts',(-41.0094555974425,-36.5408490282009,-2.));
#4393=CARTESIAN_POINT('Ctrl Pts',(-41.2776408825881,-36.4789615311078,-3.));
#4394=CARTESIAN_POINT('Ctrl Pts',(-41.2776408825881,-36.4789615311078,-2.));
#4395=CARTESIAN_POINT('Ctrl Pts',(-41.5506067361275,-36.4436499901627,-3.));
#4396=CARTESIAN_POINT('Ctrl Pts',(-41.5506067361275,-36.4436499901627,-2.));
#4397=CARTESIAN_POINT('Ctrl Pts',(-41.6892531377299,-36.425714347211,-3.));
#4398=CARTESIAN_POINT('Ctrl Pts',(-41.6892531377299,-36.425714347211,-2.));
#4399=CARTESIAN_POINT('',(-40.8774885398371,-36.5713022683535,-2.5));
#4400=CARTESIAN_POINT('Ctrl Pts',(-41.6892531377299,-36.425714347211,-2.5));
#4401=CARTESIAN_POINT('Ctrl Pts',(-41.5506067361275,-36.4436499901627,-2.5));
#4402=CARTESIAN_POINT('Ctrl Pts',(-41.4119603345251,-36.4615856331143,-2.5));
#4403=CARTESIAN_POINT('Ctrl Pts',(-41.2745472651942,-36.4863775704776,-2.5));
#4404=CARTESIAN_POINT('Ctrl Pts',(-41.1414226550478,-36.5103957880483,-2.5));
#4405=CARTESIAN_POINT('Ctrl Pts',(-41.0094555974425,-36.5408490282009,-2.5));
#4406=CARTESIAN_POINT('Ctrl Pts',(-40.8774885398371,-36.5713022683535,-2.5));
#4407=CARTESIAN_POINT('',(-40.8774885398371,-36.5713022683535,-3.));
#4408=CARTESIAN_POINT('Ctrl Pts',(-41.6892531377299,-36.425714347211,-3.));
#4409=CARTESIAN_POINT('Ctrl Pts',(-41.5506067361275,-36.4436499901627,-3.));
#4410=CARTESIAN_POINT('Ctrl Pts',(-41.2776408825881,-36.4789615311078,-3.));
#4411=CARTESIAN_POINT('Ctrl Pts',(-41.0094555974425,-36.5408490282009,-3.));
#4412=CARTESIAN_POINT('Ctrl Pts',(-40.8774885398371,-36.5713022683535,-3.));
#4413=CARTESIAN_POINT('',(-40.8774885398371,-36.5713022683535,-3.));
#4414=CARTESIAN_POINT('Ctrl Pts',(-40.0569000703318,-36.8801258538638,-3.));
#4415=CARTESIAN_POINT('Ctrl Pts',(-40.0569000703318,-36.8801258538638,-2.));
#4416=CARTESIAN_POINT('Ctrl Pts',(-40.1705989676125,-36.8190228265452,-3.));
#4417=CARTESIAN_POINT('Ctrl Pts',(-40.1705989676125,-36.8190228265452,-2.));
#4418=CARTESIAN_POINT('Ctrl Pts',(-40.4299703185578,-36.6796338340262,-3.));
#4419=CARTESIAN_POINT('Ctrl Pts',(-40.4299703185578,-36.6796338340262,-2.));
#4420=CARTESIAN_POINT('Ctrl Pts',(-40.7165403248257,-36.6102633012129,-3.));
#4421=CARTESIAN_POINT('Ctrl Pts',(-40.7165403248257,-36.6102633012129,-2.));
#4422=CARTESIAN_POINT('Ctrl Pts',(-40.8774885398371,-36.5713022683535,-3.));
#4423=CARTESIAN_POINT('Ctrl Pts',(-40.8774885398371,-36.5713022683535,-2.));
#4424=CARTESIAN_POINT('',(-40.0569000703318,-36.8801258538638,-2.5));
#4425=CARTESIAN_POINT('Ctrl Pts',(-40.8774885398371,-36.5713022683535,-2.5));
#4426=CARTESIAN_POINT('Ctrl Pts',(-40.7165403248257,-36.6102633012129,-2.5));
#4427=CARTESIAN_POINT('Ctrl Pts',(-40.5555921098143,-36.6492243340722,-2.5));
#4428=CARTESIAN_POINT('Ctrl Pts',(-40.403223322056,-36.7102716897403,-2.5));
#4429=CARTESIAN_POINT('Ctrl Pts',(-40.2842978648931,-36.7579197992266,-2.5));
#4430=CARTESIAN_POINT('Ctrl Pts',(-40.1705989676125,-36.8190228265452,-2.5));
#4431=CARTESIAN_POINT('Ctrl Pts',(-40.0569000703318,-36.8801258538638,-2.5));
#4432=CARTESIAN_POINT('',(-40.0569000703318,-36.8801258538638,-3.));
#4433=CARTESIAN_POINT('Ctrl Pts',(-40.8774885398371,-36.5713022683535,-3.));
#4434=CARTESIAN_POINT('Ctrl Pts',(-40.7165403248257,-36.6102633012129,-3.));
#4435=CARTESIAN_POINT('Ctrl Pts',(-40.4299703185578,-36.6796338340262,-3.));
#4436=CARTESIAN_POINT('Ctrl Pts',(-40.1705989676125,-36.8190228265452,-3.));
#4437=CARTESIAN_POINT('Ctrl Pts',(-40.0569000703318,-36.8801258538638,-3.));
#4438=CARTESIAN_POINT('',(-40.0569000703318,-36.8801258538638,-3.));
#4439=CARTESIAN_POINT('Ctrl Pts',(-39.6730765563471,-37.4183605645572,-3.));
#4440=CARTESIAN_POINT('Ctrl Pts',(-39.6730765563471,-37.4183605645572,-2.));
#4441=CARTESIAN_POINT('Ctrl Pts',(-39.7133108689952,-37.3084508530434,-3.));
#4442=CARTESIAN_POINT('Ctrl Pts',(-39.7133108689952,-37.3084508530434,-2.));
#4443=CARTESIAN_POINT('Ctrl Pts',(-39.7919690488448,-37.0935770976224,-3.));
#4444=CARTESIAN_POINT('Ctrl Pts',(-39.7919690488448,-37.0935770976224,-2.));
#4445=CARTESIAN_POINT('Ctrl Pts',(-39.9699552769704,-36.9501760660932,-3.));
#4446=CARTESIAN_POINT('Ctrl Pts',(-39.9699552769704,-36.9501760660932,-2.));
#4447=CARTESIAN_POINT('Ctrl Pts',(-40.0569000703318,-36.8801258538638,-3.));
#4448=CARTESIAN_POINT('Ctrl Pts',(-40.0569000703318,-36.8801258538638,-2.));
#4449=CARTESIAN_POINT('',(-39.6730765563471,-37.4183605645572,-2.5));
#4450=CARTESIAN_POINT('Ctrl Pts',(-40.0569000703318,-36.8801258538638,-2.5));
#4451=CARTESIAN_POINT('Ctrl Pts',(-39.9699552769704,-36.9501760660932,-2.5));
#4452=CARTESIAN_POINT('Ctrl Pts',(-39.8830104836091,-37.0202262783226,-2.5));
#4453=CARTESIAN_POINT('Ctrl Pts',(-39.8197677594645,-37.1073316071902,-2.5));
#4454=CARTESIAN_POINT('Ctrl Pts',(-39.7535451816432,-37.1985411415296,-2.5));
#4455=CARTESIAN_POINT('Ctrl Pts',(-39.7133108689952,-37.3084508530434,-2.5));
#4456=CARTESIAN_POINT('Ctrl Pts',(-39.6730765563471,-37.4183605645572,-2.5));
#4457=CARTESIAN_POINT('',(-39.6730765563471,-37.4183605645572,-3.));
#4458=CARTESIAN_POINT('Ctrl Pts',(-40.0569000703318,-36.8801258538638,-3.));
#4459=CARTESIAN_POINT('Ctrl Pts',(-39.9699552769704,-36.9501760660932,-3.));
#4460=CARTESIAN_POINT('Ctrl Pts',(-39.7919690488448,-37.0935770976224,-3.));
#4461=CARTESIAN_POINT('Ctrl Pts',(-39.7133108689952,-37.3084508530434,-3.));
#4462=CARTESIAN_POINT('Ctrl Pts',(-39.6730765563471,-37.4183605645572,-3.));
#4463=CARTESIAN_POINT('',(-39.6730765563471,-37.4183605645572,-3.));
#4464=CARTESIAN_POINT('Ctrl Pts',(-39.5716062051279,-38.3977733586703,-3.));
#4465=CARTESIAN_POINT('Ctrl Pts',(-39.5716062051279,-38.3977733586703,-2.));
#4466=CARTESIAN_POINT('Ctrl Pts',(-39.573085610046,-38.2109590157987,-3.));
#4467=CARTESIAN_POINT('Ctrl Pts',(-39.573085610046,-38.2109590157987,-2.));
#4468=CARTESIAN_POINT('Ctrl Pts',(-39.5756987855479,-37.880975886619,-3.));
#4469=CARTESIAN_POINT('Ctrl Pts',(-39.5756987855479,-37.880975886619,-2.));
#4470=CARTESIAN_POINT('Ctrl Pts',(-39.6436114801161,-37.5583411332056,-3.));
#4471=CARTESIAN_POINT('Ctrl Pts',(-39.6436114801161,-37.5583411332056,-2.));
#4472=CARTESIAN_POINT('Ctrl Pts',(-39.6730765563471,-37.4183605645572,-3.));
#4473=CARTESIAN_POINT('Ctrl Pts',(-39.6730765563471,-37.4183605645572,-2.));
#4474=CARTESIAN_POINT('',(-39.5716062051279,-38.3977733586703,-2.5));
#4475=CARTESIAN_POINT('Ctrl Pts',(-39.6730765563471,-37.4183605645572,-2.5));
#4476=CARTESIAN_POINT('Ctrl Pts',(-39.6436114801161,-37.5583411332056,-2.5));
#4477=CARTESIAN_POINT('Ctrl Pts',(-39.6141464038851,-37.6983217018541,-2.5));
#4478=CARTESIAN_POINT('Ctrl Pts',(-39.5969733458979,-37.8396855328952,-2.5));
#4479=CARTESIAN_POINT('Ctrl Pts',(-39.5745650149641,-38.024144672927,-2.5));
#4480=CARTESIAN_POINT('Ctrl Pts',(-39.573085610046,-38.2109590157987,-2.5));
#4481=CARTESIAN_POINT('Ctrl Pts',(-39.5716062051279,-38.3977733586703,-2.5));
#4482=CARTESIAN_POINT('',(-39.5716062051279,-38.3977733586703,-3.));
#4483=CARTESIAN_POINT('Ctrl Pts',(-39.6730765563471,-37.4183605645572,-3.));
#4484=CARTESIAN_POINT('Ctrl Pts',(-39.6436114801161,-37.5583411332056,-3.));
#4485=CARTESIAN_POINT('Ctrl Pts',(-39.5756987855479,-37.880975886619,-3.));
#4486=CARTESIAN_POINT('Ctrl Pts',(-39.573085610046,-38.2109590157987,-3.));
#4487=CARTESIAN_POINT('Ctrl Pts',(-39.5716062051279,-38.3977733586703,-3.));
#4488=CARTESIAN_POINT('',(-39.5716062051279,-38.3977733586703,-3.));
#4489=CARTESIAN_POINT('Ctrl Pts',(-39.6730765563471,-39.3771849606906,-3.));
#4490=CARTESIAN_POINT('Ctrl Pts',(-39.6730765563471,-39.3771849606906,-2.));
#4491=CARTESIAN_POINT('Ctrl Pts',(-39.6436117577044,-39.2372047809225,-3.));
#4492=CARTESIAN_POINT('Ctrl Pts',(-39.6436117577044,-39.2372047809225,-2.));
#4493=CARTESIAN_POINT('Ctrl Pts',(-39.5756995862143,-38.9145703693018,-3.));
#4494=CARTESIAN_POINT('Ctrl Pts',(-39.5756995862143,-38.9145703693018,-2.));
#4495=CARTESIAN_POINT('Ctrl Pts',(-39.5730859007191,-38.5845876918637,-3.));
#4496=CARTESIAN_POINT('Ctrl Pts',(-39.5730859007191,-38.5845876918637,-2.));
#4497=CARTESIAN_POINT('Ctrl Pts',(-39.5716062051279,-38.3977733586703,-3.));
#4498=CARTESIAN_POINT('Ctrl Pts',(-39.5716062051279,-38.3977733586703,-2.));
#4499=CARTESIAN_POINT('',(-39.6730765563471,-39.3771849606906,-2.5));
#4500=CARTESIAN_POINT('Ctrl Pts',(-39.5716062051279,-38.3977733586703,-2.5));
#4501=CARTESIAN_POINT('Ctrl Pts',(-39.5730859007191,-38.5845876918637,-2.5));
#4502=CARTESIAN_POINT('Ctrl Pts',(-39.5745655963103,-38.771402025057,-2.5));
#4503=CARTESIAN_POINT('Ctrl Pts',(-39.5969739419443,-38.9558611844455,-2.5));
#4504=CARTESIAN_POINT('Ctrl Pts',(-39.6141469590617,-39.0972246011545,-2.5));
#4505=CARTESIAN_POINT('Ctrl Pts',(-39.6436117577044,-39.2372047809225,-2.5));
#4506=CARTESIAN_POINT('Ctrl Pts',(-39.6730765563471,-39.3771849606906,-2.5));
#4507=CARTESIAN_POINT('',(-39.6730765563471,-39.3771849606906,-3.));
#4508=CARTESIAN_POINT('Ctrl Pts',(-39.5716062051279,-38.3977733586703,-3.));
#4509=CARTESIAN_POINT('Ctrl Pts',(-39.5730859007191,-38.5845876918637,-3.));
#4510=CARTESIAN_POINT('Ctrl Pts',(-39.5756995862143,-38.9145703693018,-3.));
#4511=CARTESIAN_POINT('Ctrl Pts',(-39.6436117577044,-39.2372047809225,-3.));
#4512=CARTESIAN_POINT('Ctrl Pts',(-39.6730765563471,-39.3771849606906,-3.));
#4513=CARTESIAN_POINT('',(-39.6730765563471,-39.3771849606906,-3.));
#4514=CARTESIAN_POINT('Ctrl Pts',(-40.0569000703318,-39.9154196713839,-3.));
#4515=CARTESIAN_POINT('Ctrl Pts',(-40.0569000703318,-39.9154196713839,-2.));
#4516=CARTESIAN_POINT('Ctrl Pts',(-39.9699552769704,-39.8453694591545,-3.));
#4517=CARTESIAN_POINT('Ctrl Pts',(-39.9699552769704,-39.8453694591545,-2.));
#4518=CARTESIAN_POINT('Ctrl Pts',(-39.7919690488448,-39.7019684276253,-3.));
#4519=CARTESIAN_POINT('Ctrl Pts',(-39.7919690488448,-39.7019684276253,-2.));
#4520=CARTESIAN_POINT('Ctrl Pts',(-39.7133108689952,-39.4870946722044,-3.));
#4521=CARTESIAN_POINT('Ctrl Pts',(-39.7133108689952,-39.4870946722044,-2.));
#4522=CARTESIAN_POINT('Ctrl Pts',(-39.6730765563471,-39.3771849606906,-3.));
#4523=CARTESIAN_POINT('Ctrl Pts',(-39.6730765563471,-39.3771849606906,-2.));
#4524=CARTESIAN_POINT('',(-40.0569000703318,-39.9154196713839,-2.5));
#4525=CARTESIAN_POINT('Ctrl Pts',(-39.6730765563471,-39.3771849606906,-2.5));
#4526=CARTESIAN_POINT('Ctrl Pts',(-39.7133108689952,-39.4870946722044,-2.5));
#4527=CARTESIAN_POINT('Ctrl Pts',(-39.7535451816432,-39.5970043837182,-2.5));
#4528=CARTESIAN_POINT('Ctrl Pts',(-39.8197677594645,-39.6882139180575,-2.5));
#4529=CARTESIAN_POINT('Ctrl Pts',(-39.8830104836091,-39.7753192469251,-2.5));
#4530=CARTESIAN_POINT('Ctrl Pts',(-39.9699552769704,-39.8453694591545,-2.5));
#4531=CARTESIAN_POINT('Ctrl Pts',(-40.0569000703318,-39.9154196713839,-2.5));
#4532=CARTESIAN_POINT('',(-40.0569000703318,-39.9154196713839,-3.));
#4533=CARTESIAN_POINT('Ctrl Pts',(-39.6730765563471,-39.3771849606906,-3.));
#4534=CARTESIAN_POINT('Ctrl Pts',(-39.7133108689952,-39.4870946722044,-3.));
#4535=CARTESIAN_POINT('Ctrl Pts',(-39.7919690488448,-39.7019684276253,-3.));
#4536=CARTESIAN_POINT('Ctrl Pts',(-39.9699552769704,-39.8453694591545,-3.));
#4537=CARTESIAN_POINT('Ctrl Pts',(-40.0569000703318,-39.9154196713839,-3.));
#4538=CARTESIAN_POINT('',(-40.0569000703318,-39.9154196713839,-3.));
#4539=CARTESIAN_POINT('Ctrl Pts',(-40.8774885398371,-40.2242432568942,-3.));
#4540=CARTESIAN_POINT('Ctrl Pts',(-40.8774885398371,-40.2242432568942,-2.));
#4541=CARTESIAN_POINT('Ctrl Pts',(-40.7165406304182,-40.1852815601852,-3.));
#4542=CARTESIAN_POINT('Ctrl Pts',(-40.7165406304182,-40.1852815601852,-2.));
#4543=CARTESIAN_POINT('Ctrl Pts',(-40.4299711047442,-40.1159098300045,-3.));
#4544=CARTESIAN_POINT('Ctrl Pts',(-40.4299711047442,-40.1159098300045,-2.));
#4545=CARTESIAN_POINT('Ctrl Pts',(-40.1705992296623,-39.9765221435314,-3.));
#4546=CARTESIAN_POINT('Ctrl Pts',(-40.1705992296623,-39.9765221435314,-2.));
#4547=CARTESIAN_POINT('Ctrl Pts',(-40.0569000703318,-39.9154196713839,-3.));
#4548=CARTESIAN_POINT('Ctrl Pts',(-40.0569000703318,-39.9154196713839,-2.));
#4549=CARTESIAN_POINT('',(-40.8774885398371,-40.2242432568942,-2.5));
#4550=CARTESIAN_POINT('Ctrl Pts',(-40.0569000703318,-39.9154196713839,-2.5));
#4551=CARTESIAN_POINT('Ctrl Pts',(-40.1705992296623,-39.9765221435314,-2.5));
#4552=CARTESIAN_POINT('Ctrl Pts',(-40.2842983889929,-40.0376246156788,-2.5));
#4553=CARTESIAN_POINT('Ctrl Pts',(-40.4032239181025,-40.0852726434146,-2.5));
#4554=CARTESIAN_POINT('Ctrl Pts',(-40.5555927209992,-40.1463198634761,-2.5));
#4555=CARTESIAN_POINT('Ctrl Pts',(-40.7165406304182,-40.1852815601852,-2.5));
#4556=CARTESIAN_POINT('Ctrl Pts',(-40.8774885398371,-40.2242432568942,-2.5));
#4557=CARTESIAN_POINT('',(-40.8774885398371,-40.2242432568942,-3.));
#4558=CARTESIAN_POINT('Ctrl Pts',(-40.0569000703318,-39.9154196713839,-3.));
#4559=CARTESIAN_POINT('Ctrl Pts',(-40.1705992296623,-39.9765221435314,-3.));
#4560=CARTESIAN_POINT('Ctrl Pts',(-40.4299711047442,-40.1159098300045,-3.));
#4561=CARTESIAN_POINT('Ctrl Pts',(-40.7165406304182,-40.1852815601852,-3.));
#4562=CARTESIAN_POINT('Ctrl Pts',(-40.8774885398371,-40.2242432568942,-3.));
#4563=CARTESIAN_POINT('',(-40.8774885398371,-40.2242432568942,-3.));
#4564=CARTESIAN_POINT('Ctrl Pts',(-41.9319000703318,-39.6683608029757,-3.));
#4565=CARTESIAN_POINT('Ctrl Pts',(-41.9319000703318,-39.6683608029757,-2.));
#4566=CARTESIAN_POINT('Ctrl Pts',(-42.0476679852903,-39.6760771788913,-3.));
#4567=CARTESIAN_POINT('Ctrl Pts',(-42.0476679852903,-39.6760771788913,-2.));
#4568=CARTESIAN_POINT('Ctrl Pts',(-42.290041998669,-39.6922323372533,-3.));
#4569=CARTESIAN_POINT('Ctrl Pts',(-42.290041998669,-39.6922323372533,-2.));
#4570=CARTESIAN_POINT('Ctrl Pts',(-42.5329542254695,-39.6939402665977,-3.));
#4571=CARTESIAN_POINT('Ctrl Pts',(-42.5329542254695,-39.6939402665977,-2.));
#4572=CARTESIAN_POINT('Ctrl Pts',(-42.659841464184,-39.6948324178134,-3.));
#4573=CARTESIAN_POINT('Ctrl Pts',(-42.659841464184,-39.6948324178134,-2.));
#4574=CARTESIAN_POINT('',(-41.9319000703318,-39.6683608029757,-2.5));
#4575=CARTESIAN_POINT('Ctrl Pts',(-42.659841464184,-39.6948324178134,-2.5));
#4576=CARTESIAN_POINT('Ctrl Pts',(-42.5329542254695,-39.6939402665977,-2.5));
#4577=CARTESIAN_POINT('Ctrl Pts',(-42.406066986755,-39.6930481153821,-2.5));
#4578=CARTESIAN_POINT('Ctrl Pts',(-42.2793266040308,-39.6882139180575,-2.5));
#4579=CARTESIAN_POINT('Ctrl Pts',(-42.1634359002488,-39.6837935548069,-2.5));
#4580=CARTESIAN_POINT('Ctrl Pts',(-42.0476679852903,-39.6760771788913,-2.5));
#4581=CARTESIAN_POINT('Ctrl Pts',(-41.9319000703318,-39.6683608029757,-2.5));
#4582=CARTESIAN_POINT('',(-41.9319000703318,-39.6683608029757,-3.));
#4583=CARTESIAN_POINT('Ctrl Pts',(-42.659841464184,-39.6948324178134,-3.));
#4584=CARTESIAN_POINT('Ctrl Pts',(-42.5329542254695,-39.6939402665977,-3.));
#4585=CARTESIAN_POINT('Ctrl Pts',(-42.290041998669,-39.6922323372533,-3.));
#4586=CARTESIAN_POINT('Ctrl Pts',(-42.0476679852903,-39.6760771788913,-3.));
#4587=CARTESIAN_POINT('Ctrl Pts',(-41.9319000703318,-39.6683608029757,-3.));
#4588=CARTESIAN_POINT('',(-41.9319000703318,-39.6683608029757,-3.));
#4589=CARTESIAN_POINT('Ctrl Pts',(-41.3010176879389,-39.5889495347415,-3.));
#4590=CARTESIAN_POINT('Ctrl Pts',(-41.3010176879389,-39.5889495347415,-2.));
#4591=CARTESIAN_POINT('Ctrl Pts',(-41.403440590442,-39.605582897025,-3.));
#4592=CARTESIAN_POINT('Ctrl Pts',(-41.403440590442,-39.605582897025,-2.));
#4593=CARTESIAN_POINT('Ctrl Pts',(-41.612783426214,-39.6395799342477,-3.));
#4594=CARTESIAN_POINT('Ctrl Pts',(-41.612783426214,-39.6395799342477,-2.));
#4595=CARTESIAN_POINT('Ctrl Pts',(-41.8240153186819,-39.6586307655984,-3.));
#4596=CARTESIAN_POINT('Ctrl Pts',(-41.8240153186819,-39.6586307655984,-2.));
#4597=CARTESIAN_POINT('Ctrl Pts',(-41.9319000703318,-39.6683608029757,-3.));
#4598=CARTESIAN_POINT('Ctrl Pts',(-41.9319000703318,-39.6683608029757,-2.));
#4599=CARTESIAN_POINT('',(-41.3010176879389,-39.5889495347415,-2.5));
#4600=CARTESIAN_POINT('Ctrl Pts',(-41.9319000703318,-39.6683608029757,-2.5));
#4601=CARTESIAN_POINT('Ctrl Pts',(-41.8240153186819,-39.6586307655984,-2.5));
#4602=CARTESIAN_POINT('Ctrl Pts',(-41.716130567032,-39.6489007282211,-2.5));
#4603=CARTESIAN_POINT('Ctrl Pts',(-41.6087385875208,-39.6352718804751,-2.5));
#4604=CARTESIAN_POINT('Ctrl Pts',(-41.505863492945,-39.6222162593085,-2.5));
#4605=CARTESIAN_POINT('Ctrl Pts',(-41.403440590442,-39.605582897025,-2.5));
#4606=CARTESIAN_POINT('Ctrl Pts',(-41.3010176879389,-39.5889495347415,-2.5));
#4607=CARTESIAN_POINT('',(-41.3010176879389,-39.5889495347415,-3.));
#4608=CARTESIAN_POINT('Ctrl Pts',(-41.9319000703318,-39.6683608029757,-3.));
#4609=CARTESIAN_POINT('Ctrl Pts',(-41.8240153186819,-39.6586307655984,-3.));
#4610=CARTESIAN_POINT('Ctrl Pts',(-41.612783426214,-39.6395799342477,-3.));
#4611=CARTESIAN_POINT('Ctrl Pts',(-41.403440590442,-39.605582897025,-3.));
#4612=CARTESIAN_POINT('Ctrl Pts',(-41.3010176879389,-39.5889495347415,-3.));
#4613=CARTESIAN_POINT('',(-41.3010176879389,-39.5889495347415,-3.));
#4614=CARTESIAN_POINT('Origin',(-44.6980765325053,-37.400714013425,-3.));
#4615=CARTESIAN_POINT('',(-44.6980765325053,-37.400714013425,-2.5));
#4616=CARTESIAN_POINT('',(-36.9935897894202,-42.3636046597549,-2.5));
#4617=CARTESIAN_POINT('',(-44.6980765325053,-37.400714013425,-3.));
#4618=CARTESIAN_POINT('',(-41.3010176879389,-39.5889495347415,-3.));
#4619=CARTESIAN_POINT('',(-44.6980765325053,-37.400714013425,-3.));
#4620=CARTESIAN_POINT('Ctrl Pts',(-45.0157239896281,-37.7492438290988,-3.));
#4621=CARTESIAN_POINT('Ctrl Pts',(-45.0157239896281,-37.7492438290988,-2.));
#4622=CARTESIAN_POINT('Ctrl Pts',(-44.9814077816036,-37.6778506915829,-3.));
#4623=CARTESIAN_POINT('Ctrl Pts',(-44.9814077816036,-37.6778506915829,-2.));
#4624=CARTESIAN_POINT('Ctrl Pts',(-44.9104588971762,-37.530245121092,-3.));
#4625=CARTESIAN_POINT('Ctrl Pts',(-44.9104588971762,-37.530245121092,-2.));
#4626=CARTESIAN_POINT('Ctrl Pts',(-44.7703950077034,-37.4448207461648,-3.));
#4627=CARTESIAN_POINT('Ctrl Pts',(-44.7703950077034,-37.4448207461648,-2.));
#4628=CARTESIAN_POINT('Ctrl Pts',(-44.6980765325053,-37.400714013425,-3.));
#4629=CARTESIAN_POINT('Ctrl Pts',(-44.6980765325053,-37.400714013425,-2.));
#4630=CARTESIAN_POINT('',(-45.0157239896281,-37.7492438290988,-2.5));
#4631=CARTESIAN_POINT('Ctrl Pts',(-44.6980765325053,-37.400714013425,-2.5));
#4632=CARTESIAN_POINT('Ctrl Pts',(-44.7681084772417,-37.4434262008885,-2.5));
#4633=CARTESIAN_POINT('Ctrl Pts',(-44.838140421978,-37.4861383883521,-2.5));
#4634=CARTESIAN_POINT('Ctrl Pts',(-44.944846101449,-37.6017859627167,-2.5));
#4635=CARTESIAN_POINT('Ctrl Pts',(-44.9782794899453,-37.6713424387947,-2.5));
#4636=CARTESIAN_POINT('Ctrl Pts',(-45.0157239896281,-37.7492438290988,-2.5));
#4637=CARTESIAN_POINT('',(-45.0157239896281,-37.7492438290988,-3.));
#4638=CARTESIAN_POINT('Ctrl Pts',(-44.6980765325053,-37.400714013425,-3.));
#4639=CARTESIAN_POINT('Ctrl Pts',(-44.7703950077034,-37.4448207461648,-3.));
#4640=CARTESIAN_POINT('Ctrl Pts',(-44.9104588971762,-37.530245121092,-3.));
#4641=CARTESIAN_POINT('Ctrl Pts',(-44.9814077816036,-37.6778506915829,-3.));
#4642=CARTESIAN_POINT('Ctrl Pts',(-45.0157239896281,-37.7492438290988,-3.));
#4643=CARTESIAN_POINT('',(-45.0157239896281,-37.7492438290988,-3.));
#4644=CARTESIAN_POINT('Ctrl Pts',(-45.0951358539088,-38.3977733586703,-3.));
#4645=CARTESIAN_POINT('Ctrl Pts',(-45.0951358539088,-38.3977733586703,-2.));
#4646=CARTESIAN_POINT('Ctrl Pts',(-45.0941835224281,-38.2723811303234,-3.));
#4647=CARTESIAN_POINT('Ctrl Pts',(-45.0941835224281,-38.2723811303234,-2.));
#4648=CARTESIAN_POINT('Ctrl Pts',(-45.0925164391489,-38.0528784765994,-3.));
#4649=CARTESIAN_POINT('Ctrl Pts',(-45.0925164391489,-38.0528784765994,-2.));
#4650=CARTESIAN_POINT('Ctrl Pts',(-45.0387682137748,-37.8403598817756,-3.));
#4651=CARTESIAN_POINT('Ctrl Pts',(-45.0387682137748,-37.8403598817756,-2.));
#4652=CARTESIAN_POINT('Ctrl Pts',(-45.0157239896281,-37.7492438290988,-3.));
#4653=CARTESIAN_POINT('Ctrl Pts',(-45.0157239896281,-37.7492438290988,-2.));
#4654=CARTESIAN_POINT('Ctrl Pts',(-45.0157239896281,-37.7492438290988,-2.5));
#4655=CARTESIAN_POINT('Ctrl Pts',(-45.0387682137748,-37.8403598817756,-2.5));
#4656=CARTESIAN_POINT('Ctrl Pts',(-45.0618124379215,-37.9314759344524,-2.5));
#4657=CARTESIAN_POINT('Ctrl Pts',(-45.0752830368502,-38.0238758061801,-2.5));
#4658=CARTESIAN_POINT('Ctrl Pts',(-45.0932311909475,-38.1469889019765,-2.5));
#4659=CARTESIAN_POINT('Ctrl Pts',(-45.0941835224281,-38.2723811303234,-2.5));
#4660=CARTESIAN_POINT('Ctrl Pts',(-45.0951358539088,-38.3977733586703,-2.5));
#4661=CARTESIAN_POINT('Ctrl Pts',(-45.0157239896281,-37.7492438290988,-3.));
#4662=CARTESIAN_POINT('Ctrl Pts',(-45.0387682137748,-37.8403598817756,-3.));
#4663=CARTESIAN_POINT('Ctrl Pts',(-45.0925164391489,-38.0528784765994,-3.));
#4664=CARTESIAN_POINT('Ctrl Pts',(-45.0941835224281,-38.2723811303234,-3.));
#4665=CARTESIAN_POINT('Ctrl Pts',(-45.0951358539088,-38.3977733586703,-3.));
#4666=CARTESIAN_POINT('Ctrl Pts',(-43.4054294091685,-37.127184722272,-3.));
#4667=CARTESIAN_POINT('Ctrl Pts',(-43.4054294091685,-37.127184722272,-2.));
#4668=CARTESIAN_POINT('Ctrl Pts',(-43.2867194179288,-37.119468069475,-3.));
#4669=CARTESIAN_POINT('Ctrl Pts',(-43.2867194179288,-37.119468069475,-2.));
#4670=CARTESIAN_POINT('Ctrl Pts',(-43.0384559818983,-37.1033298934205,-3.));
#4671=CARTESIAN_POINT('Ctrl Pts',(-43.0384559818983,-37.1033298934205,-2.));
#4672=CARTESIAN_POINT('Ctrl Pts',(-42.7896684187422,-37.101611186925,-3.));
#4673=CARTESIAN_POINT('Ctrl Pts',(-42.7896684187422,-37.101611186925,-2.));
#4674=CARTESIAN_POINT('Ctrl Pts',(-42.659841464184,-37.1007142995273,-3.));
#4675=CARTESIAN_POINT('Ctrl Pts',(-42.659841464184,-37.1007142995273,-2.));
#4676=CARTESIAN_POINT('',(-43.4054294091685,-37.127184722272,-2.5));
#4677=CARTESIAN_POINT('Ctrl Pts',(-42.659841464184,-37.1007142995273,-2.5));
#4678=CARTESIAN_POINT('Ctrl Pts',(-42.7896684187422,-37.101611186925,-2.5));
#4679=CARTESIAN_POINT('Ctrl Pts',(-42.9194953733003,-37.1025080743227,-2.5));
#4680=CARTESIAN_POINT('Ctrl Pts',(-43.0491795999033,-37.1073316071902,-2.5));
#4681=CARTESIAN_POINT('Ctrl Pts',(-43.168009426689,-37.1117514166779,-2.5));
#4682=CARTESIAN_POINT('Ctrl Pts',(-43.2867194179288,-37.119468069475,-2.5));
#4683=CARTESIAN_POINT('Ctrl Pts',(-43.4054294091685,-37.127184722272,-2.5));
#4684=CARTESIAN_POINT('',(-43.4054294091685,-37.127184722272,-3.));
#4685=CARTESIAN_POINT('Ctrl Pts',(-42.659841464184,-37.1007142995273,-3.));
#4686=CARTESIAN_POINT('Ctrl Pts',(-42.7896684187422,-37.101611186925,-3.));
#4687=CARTESIAN_POINT('Ctrl Pts',(-43.0384559818983,-37.1033298934205,-3.));
#4688=CARTESIAN_POINT('Ctrl Pts',(-43.2867194179288,-37.119468069475,-3.));
#4689=CARTESIAN_POINT('Ctrl Pts',(-43.4054294091685,-37.127184722272,-3.));
#4690=CARTESIAN_POINT('',(-43.4054294091685,-37.127184722272,-3.));
#4691=CARTESIAN_POINT('Ctrl Pts',(-44.0451356631739,-37.2154198621188,-3.));
#4692=CARTESIAN_POINT('Ctrl Pts',(-44.0451356631739,-37.2154198621188,-2.));
#4693=CARTESIAN_POINT('Ctrl Pts',(-43.9420462038432,-37.1961927547024,-3.));
#4694=CARTESIAN_POINT('Ctrl Pts',(-43.9420462038432,-37.1961927547024,-2.));
#4695=CARTESIAN_POINT('Ctrl Pts',(-43.7302121027984,-37.1566837977082,-3.));
#4696=CARTESIAN_POINT('Ctrl Pts',(-43.7302121027984,-37.1566837977082,-2.));
#4697=CARTESIAN_POINT('Ctrl Pts',(-43.5156000878285,-37.1371912072984,-3.));
#4698=CARTESIAN_POINT('Ctrl Pts',(-43.5156000878285,-37.1371912072984,-2.));
#4699=CARTESIAN_POINT('Ctrl Pts',(-43.4054294091685,-37.127184722272,-3.));
#4700=CARTESIAN_POINT('Ctrl Pts',(-43.4054294091685,-37.127184722272,-2.));
#4701=CARTESIAN_POINT('',(-44.0451356631739,-37.2154198621188,-2.5));
#4702=CARTESIAN_POINT('Ctrl Pts',(-43.4054294091685,-37.127184722272,-2.5));
#4703=CARTESIAN_POINT('Ctrl Pts',(-43.5156000878285,-37.1371912072984,-2.5));
#4704=CARTESIAN_POINT('Ctrl Pts',(-43.6257707664886,-37.1471976923248,-2.5));
#4705=CARTESIAN_POINT('Ctrl Pts',(-43.7352093917353,-37.1624790166293,-2.5));
#4706=CARTESIAN_POINT('Ctrl Pts',(-43.8389567445126,-37.176965647286,-2.5));
#4707=CARTESIAN_POINT('Ctrl Pts',(-43.9420462038432,-37.1961927547024,-2.5));
#4708=CARTESIAN_POINT('Ctrl Pts',(-44.0451356631739,-37.2154198621188,-2.5));
#4709=CARTESIAN_POINT('',(-44.0451356631739,-37.2154198621188,-3.));
#4710=CARTESIAN_POINT('Ctrl Pts',(-43.4054294091685,-37.127184722272,-3.));
#4711=CARTESIAN_POINT('Ctrl Pts',(-43.5156000878285,-37.1371912072984,-3.));
#4712=CARTESIAN_POINT('Ctrl Pts',(-43.7302121027984,-37.1566837977082,-3.));
#4713=CARTESIAN_POINT('Ctrl Pts',(-43.9420462038432,-37.1961927547024,-3.));
#4714=CARTESIAN_POINT('Ctrl Pts',(-44.0451356631739,-37.2154198621188,-3.));
#4715=CARTESIAN_POINT('',(-44.0451356631739,-37.2154198621188,-3.));
#4716=CARTESIAN_POINT('Origin',(-40.6480768186075,-39.4036553834353,-3.));
#4717=CARTESIAN_POINT('',(-40.6480768186075,-39.4036553834353,-2.5));
#4718=CARTESIAN_POINT('',(-34.8306729847665,-43.1509704266868,-2.5));
#4719=CARTESIAN_POINT('',(-40.6480768186075,-39.4036553834353,-3.));
#4720=CARTESIAN_POINT('',(-44.0451356631739,-37.2154198621188,-3.));
#4721=CARTESIAN_POINT('',(-40.6480768186075,-39.4036553834353,-3.));
#4722=CARTESIAN_POINT('Ctrl Pts',(-40.3083708745463,-39.0551255677615,-3.));
#4723=CARTESIAN_POINT('Ctrl Pts',(-40.3083708745463,-39.0551255677615,-2.));
#4724=CARTESIAN_POINT('Ctrl Pts',(-40.3453307033774,-39.1267583982382,-3.));
#4725=CARTESIAN_POINT('Ctrl Pts',(-40.3453307033774,-39.1267583982382,-2.));
#4726=CARTESIAN_POINT('Ctrl Pts',(-40.4228845428774,-39.2770675639843,-3.));
#4727=CARTESIAN_POINT('Ctrl Pts',(-40.4228845428774,-39.2770675639843,-2.));
#4728=CARTESIAN_POINT('Ctrl Pts',(-40.5707037844772,-39.3601615129502,-3.));
#4729=CARTESIAN_POINT('Ctrl Pts',(-40.5707037844772,-39.3601615129502,-2.));
#4730=CARTESIAN_POINT('Ctrl Pts',(-40.6480768186075,-39.4036553834353,-3.));
#4731=CARTESIAN_POINT('Ctrl Pts',(-40.6480768186075,-39.4036553834353,-2.));
#4732=CARTESIAN_POINT('',(-40.3083708745463,-39.0551255677615,-2.5));
#4733=CARTESIAN_POINT('Ctrl Pts',(-40.6480768186075,-39.4036553834353,-2.5));
#4734=CARTESIAN_POINT('Ctrl Pts',(-40.5741671978076,-39.3621084089524,-2.5));
#4735=CARTESIAN_POINT('Ctrl Pts',(-40.5002575770077,-39.3205614344694,-2.5));
#4736=CARTESIAN_POINT('Ctrl Pts',(-40.3857690086161,-39.2051329566586,-2.5));
#4737=CARTESIAN_POINT('Ctrl Pts',(-40.350029561946,-39.1358653814121,-2.5));
#4738=CARTESIAN_POINT('Ctrl Pts',(-40.3083708745463,-39.0551255677615,-2.5));
#4739=CARTESIAN_POINT('',(-40.3083708745463,-39.0551255677615,-3.));
#4740=CARTESIAN_POINT('Ctrl Pts',(-40.6480768186075,-39.4036553834353,-3.));
#4741=CARTESIAN_POINT('Ctrl Pts',(-40.5707037844772,-39.3601615129502,-3.));
#4742=CARTESIAN_POINT('Ctrl Pts',(-40.4228845428774,-39.2770675639843,-3.));
#4743=CARTESIAN_POINT('Ctrl Pts',(-40.3453307033774,-39.1267583982382,-3.));
#4744=CARTESIAN_POINT('Ctrl Pts',(-40.3083708745463,-39.0551255677615,-3.));
#4745=CARTESIAN_POINT('',(-40.3083708745463,-39.0551255677615,-3.));
#4746=CARTESIAN_POINT('Ctrl Pts',(-40.2245470744593,-38.3977733586703,-3.));
#4747=CARTESIAN_POINT('Ctrl Pts',(-40.2245470744593,-38.3977733586703,-2.));
#4748=CARTESIAN_POINT('Ctrl Pts',(-40.2254729906573,-38.5254603593703,-3.));
#4749=CARTESIAN_POINT('Ctrl Pts',(-40.2254729906573,-38.5254603593703,-2.));
#4750=CARTESIAN_POINT('Ctrl Pts',(-40.2270886486597,-38.7482651066239,-3.));
#4751=CARTESIAN_POINT('Ctrl Pts',(-40.2270886486597,-38.7482651066239,-2.));
#4752=CARTESIAN_POINT('Ctrl Pts',(-40.284052424887,-38.9633174191141,-3.));
#4753=CARTESIAN_POINT('Ctrl Pts',(-40.284052424887,-38.9633174191141,-2.));
#4754=CARTESIAN_POINT('Ctrl Pts',(-40.3083708745463,-39.0551255677615,-3.));
#4755=CARTESIAN_POINT('Ctrl Pts',(-40.3083708745463,-39.0551255677615,-2.));
#4756=CARTESIAN_POINT('Ctrl Pts',(-40.3083708745463,-39.0551255677615,-2.5));
#4757=CARTESIAN_POINT('Ctrl Pts',(-40.284052424887,-38.9633174191141,-2.5));
#4758=CARTESIAN_POINT('Ctrl Pts',(-40.2597339752278,-38.8715092704666,-2.5));
#4759=CARTESIAN_POINT('Ctrl Pts',(-40.2455028754694,-38.7782882188235,-2.5));
#4760=CARTESIAN_POINT('Ctrl Pts',(-40.2263989068553,-38.6531473600703,-2.5));
#4761=CARTESIAN_POINT('Ctrl Pts',(-40.2254729906573,-38.5254603593703,-2.5));
#4762=CARTESIAN_POINT('Ctrl Pts',(-40.2245470744593,-38.3977733586703,-2.5));
#4763=CARTESIAN_POINT('Ctrl Pts',(-40.3083708745463,-39.0551255677615,-3.));
#4764=CARTESIAN_POINT('Ctrl Pts',(-40.284052424887,-38.9633174191141,-3.));
#4765=CARTESIAN_POINT('Ctrl Pts',(-40.2270886486597,-38.7482651066239,-3.));
#4766=CARTESIAN_POINT('Ctrl Pts',(-40.2254729906573,-38.5254603593703,-3.));
#4767=CARTESIAN_POINT('Ctrl Pts',(-40.2245470744593,-38.3977733586703,-3.));
#4768=CARTESIAN_POINT('Ctrl Pts',(-41.6892531377299,-40.3654204343234,-3.));
#4769=CARTESIAN_POINT('Ctrl Pts',(-41.6892531377299,-40.3654204343234,-2.));
#4770=CARTESIAN_POINT('Ctrl Pts',(-41.5507153679511,-40.346566606803,-3.));
#4771=CARTESIAN_POINT('Ctrl Pts',(-41.5507153679511,-40.346566606803,-2.));
#4772=CARTESIAN_POINT('Ctrl Pts',(-41.2783840949524,-40.3095046066154,-3.));
#4773=CARTESIAN_POINT('Ctrl Pts',(-41.2783840949524,-40.3095046066154,-2.));
#4774=CARTESIAN_POINT('Ctrl Pts',(-41.0095593315863,-40.2523317049191,-3.));
#4775=CARTESIAN_POINT('Ctrl Pts',(-41.0095593315863,-40.2523317049191,-2.));
#4776=CARTESIAN_POINT('Ctrl Pts',(-40.8774885398371,-40.2242432568942,-3.));
#4777=CARTESIAN_POINT('Ctrl Pts',(-40.8774885398371,-40.2242432568942,-2.));
#4778=CARTESIAN_POINT('',(-41.6892531377299,-40.3654204343234,-2.5));
#4779=CARTESIAN_POINT('Ctrl Pts',(-40.8774885398371,-40.2242432568942,-2.5));
#4780=CARTESIAN_POINT('Ctrl Pts',(-41.0095593315863,-40.2523317049191,-2.5));
#4781=CARTESIAN_POINT('Ctrl Pts',(-41.1416301233355,-40.2804201529441,-2.5));
#4782=CARTESIAN_POINT('Ctrl Pts',(-41.2745472651942,-40.3036545251285,-2.5));
#4783=CARTESIAN_POINT('Ctrl Pts',(-41.4121775981723,-40.3277127792826,-2.5));
#4784=CARTESIAN_POINT('Ctrl Pts',(-41.5507153679511,-40.346566606803,-2.5));
#4785=CARTESIAN_POINT('Ctrl Pts',(-41.6892531377299,-40.3654204343234,-2.5));
#4786=CARTESIAN_POINT('',(-41.6892531377299,-40.3654204343234,-3.));
#4787=CARTESIAN_POINT('Ctrl Pts',(-40.8774885398371,-40.2242432568942,-3.));
#4788=CARTESIAN_POINT('Ctrl Pts',(-41.0095593315863,-40.2523317049191,-3.));
#4789=CARTESIAN_POINT('Ctrl Pts',(-41.2783840949524,-40.3095046066154,-3.));
#4790=CARTESIAN_POINT('Ctrl Pts',(-41.5507153679511,-40.346566606803,-3.));
#4791=CARTESIAN_POINT('Ctrl Pts',(-41.6892531377299,-40.3654204343234,-3.));
#4792=CARTESIAN_POINT('',(-41.6892531377299,-40.3654204343234,-3.));
#4793=CARTESIAN_POINT('Ctrl Pts',(-42.659841464184,-40.4183612798129,-3.));
#4794=CARTESIAN_POINT('Ctrl Pts',(-42.659841464184,-40.4183612798129,-2.));
#4795=CARTESIAN_POINT('Ctrl Pts',(-42.4876240929229,-40.4167560237684,-3.));
#4796=CARTESIAN_POINT('Ctrl Pts',(-42.4876240929229,-40.4167560237684,-2.));
#4797=CARTESIAN_POINT('Ctrl Pts',(-42.1632690615164,-40.4137326767568,-3.));
#4798=CARTESIAN_POINT('Ctrl Pts',(-42.1632690615164,-40.4137326767568,-2.));
#4799=CARTESIAN_POINT('Ctrl Pts',(-41.8405999994869,-40.3808458787227,-3.));
#4800=CARTESIAN_POINT('Ctrl Pts',(-41.8405999994869,-40.3808458787227,-2.));
#4801=CARTESIAN_POINT('Ctrl Pts',(-41.6892531377299,-40.3654204343234,-3.));
#4802=CARTESIAN_POINT('Ctrl Pts',(-41.6892531377299,-40.3654204343234,-2.));
#4803=CARTESIAN_POINT('',(-42.659841464184,-40.4183612798129,-2.5));
#4804=CARTESIAN_POINT('Ctrl Pts',(-41.6892531377299,-40.3654204343234,-2.5));
#4805=CARTESIAN_POINT('Ctrl Pts',(-41.8405999994869,-40.3808458787227,-2.5));
#4806=CARTESIAN_POINT('Ctrl Pts',(-41.9919468612439,-40.3962713231219,-2.5));
#4807=CARTESIAN_POINT('Ctrl Pts',(-42.1436646443827,-40.405126664487,-2.5));
#4808=CARTESIAN_POINT('Ctrl Pts',(-42.3154067216618,-40.4151507677238,-2.5));
#4809=CARTESIAN_POINT('Ctrl Pts',(-42.4876240929229,-40.4167560237684,-2.5));
#4810=CARTESIAN_POINT('Ctrl Pts',(-42.659841464184,-40.4183612798129,-2.5));
#4811=CARTESIAN_POINT('',(-42.659841464184,-40.4183612798129,-3.));
#4812=CARTESIAN_POINT('Ctrl Pts',(-41.6892531377299,-40.3654204343234,-3.));
#4813=CARTESIAN_POINT('Ctrl Pts',(-41.8405999994869,-40.3808458787227,-3.));
#4814=CARTESIAN_POINT('Ctrl Pts',(-42.1632690615164,-40.4137326767568,-3.));
#4815=CARTESIAN_POINT('Ctrl Pts',(-42.4876240929229,-40.4167560237684,-3.));
#4816=CARTESIAN_POINT('Ctrl Pts',(-42.659841464184,-40.4183612798129,-3.));
#4817=CARTESIAN_POINT('',(-42.659841464184,-40.4183612798129,-3.));
#4818=CARTESIAN_POINT('Ctrl Pts',(-43.6304297906382,-40.3654204343234,-3.));
#4819=CARTESIAN_POINT('Ctrl Pts',(-43.6304297906382,-40.3654204343234,-2.));
#4820=CARTESIAN_POINT('Ctrl Pts',(-43.4790827199034,-40.3808453063809,-3.));
#4821=CARTESIAN_POINT('Ctrl Pts',(-43.4790827199034,-40.3808453063809,-2.));
#4822=CARTESIAN_POINT('Ctrl Pts',(-43.1564135839446,-40.4137308463185,-3.));
#4823=CARTESIAN_POINT('Ctrl Pts',(-43.1564135839446,-40.4137308463185,-2.));
#4824=CARTESIAN_POINT('Ctrl Pts',(-42.8320586228831,-40.4167553900172,-3.));
#4825=CARTESIAN_POINT('Ctrl Pts',(-42.8320586228831,-40.4167553900172,-2.));
#4826=CARTESIAN_POINT('Ctrl Pts',(-42.659841464184,-40.4183612798129,-3.));
#4827=CARTESIAN_POINT('Ctrl Pts',(-42.659841464184,-40.4183612798129,-2.));
#4828=CARTESIAN_POINT('',(-43.6304297906382,-40.3654204343234,-2.5));
#4829=CARTESIAN_POINT('Ctrl Pts',(-42.659841464184,-40.4183612798129,-2.5));
#4830=CARTESIAN_POINT('Ctrl Pts',(-42.8320586228831,-40.4167553900172,-2.5));
#4831=CARTESIAN_POINT('Ctrl Pts',(-43.0042757815822,-40.4151495002215,-2.5));
#4832=CARTESIAN_POINT('Ctrl Pts',(-43.1760176879389,-40.4051254723941,-2.5));
#4833=CARTESIAN_POINT('Ctrl Pts',(-43.3277356491687,-40.3962701784385,-2.5));
#4834=CARTESIAN_POINT('Ctrl Pts',(-43.4790827199034,-40.3808453063809,-2.5));
#4835=CARTESIAN_POINT('Ctrl Pts',(-43.6304297906382,-40.3654204343234,-2.5));
#4836=CARTESIAN_POINT('',(-43.6304297906382,-40.3654204343234,-3.));
#4837=CARTESIAN_POINT('Ctrl Pts',(-42.659841464184,-40.4183612798129,-3.));
#4838=CARTESIAN_POINT('Ctrl Pts',(-42.8320586228831,-40.4167553900172,-3.));
#4839=CARTESIAN_POINT('Ctrl Pts',(-43.1564135839446,-40.4137308463185,-3.));
#4840=CARTESIAN_POINT('Ctrl Pts',(-43.4790827199034,-40.3808453063809,-3.));
#4841=CARTESIAN_POINT('Ctrl Pts',(-43.6304297906382,-40.3654204343234,-3.));
#4842=CARTESIAN_POINT('',(-43.6304297906382,-40.3654204343234,-3.));
#4843=CARTESIAN_POINT('Ctrl Pts',(-44.442194388531,-40.2242432568942,-3.));
#4844=CARTESIAN_POINT('Ctrl Pts',(-44.442194388531,-40.2242432568942,-2.));
#4845=CARTESIAN_POINT('Ctrl Pts',(-44.3101235967817,-40.2523317049191,-3.));
#4846=CARTESIAN_POINT('Ctrl Pts',(-44.3101235967817,-40.2523317049191,-2.));
#4847=CARTESIAN_POINT('Ctrl Pts',(-44.0412988334157,-40.3095046066154,-3.));
#4848=CARTESIAN_POINT('Ctrl Pts',(-44.0412988334157,-40.3095046066154,-2.));
#4849=CARTESIAN_POINT('Ctrl Pts',(-43.768967560417,-40.346566606803,-3.));
#4850=CARTESIAN_POINT('Ctrl Pts',(-43.768967560417,-40.346566606803,-2.));
#4851=CARTESIAN_POINT('Ctrl Pts',(-43.6304297906382,-40.3654204343234,-3.));
#4852=CARTESIAN_POINT('Ctrl Pts',(-43.6304297906382,-40.3654204343234,-2.));
#4853=CARTESIAN_POINT('',(-44.442194388531,-40.2242432568942,-2.5));
#4854=CARTESIAN_POINT('Ctrl Pts',(-43.6304297906382,-40.3654204343234,-2.5));
#4855=CARTESIAN_POINT('Ctrl Pts',(-43.768967560417,-40.346566606803,-2.5));
#4856=CARTESIAN_POINT('Ctrl Pts',(-43.9075053301958,-40.3277127792826,-2.5));
#4857=CARTESIAN_POINT('Ctrl Pts',(-44.0451356631739,-40.3036545251285,-2.5));
#4858=CARTESIAN_POINT('Ctrl Pts',(-44.1780528050325,-40.2804201529441,-2.5));
#4859=CARTESIAN_POINT('Ctrl Pts',(-44.3101235967817,-40.2523317049191,-2.5));
#4860=CARTESIAN_POINT('Ctrl Pts',(-44.442194388531,-40.2242432568942,-2.5));
#4861=CARTESIAN_POINT('',(-44.442194388531,-40.2242432568942,-3.));
#4862=CARTESIAN_POINT('Ctrl Pts',(-43.6304297906382,-40.3654204343234,-3.));
#4863=CARTESIAN_POINT('Ctrl Pts',(-43.768967560417,-40.346566606803,-3.));
#4864=CARTESIAN_POINT('Ctrl Pts',(-44.0412988334157,-40.3095046066154,-3.));
#4865=CARTESIAN_POINT('Ctrl Pts',(-44.3101235967817,-40.2523317049191,-3.));
#4866=CARTESIAN_POINT('Ctrl Pts',(-44.442194388531,-40.2242432568942,-3.));
#4867=CARTESIAN_POINT('',(-44.442194388531,-40.2242432568942,-3.));
#4868=CARTESIAN_POINT('Ctrl Pts',(-45.2627828580363,-39.9154196713839,-3.));
#4869=CARTESIAN_POINT('Ctrl Pts',(-45.2627828580363,-39.9154196713839,-2.));
#4870=CARTESIAN_POINT('Ctrl Pts',(-45.1490836987057,-39.9765221435314,-3.));
#4871=CARTESIAN_POINT('Ctrl Pts',(-45.1490836987057,-39.9765221435314,-2.));
#4872=CARTESIAN_POINT('Ctrl Pts',(-44.8897118236238,-40.1159098300045,-3.));
#4873=CARTESIAN_POINT('Ctrl Pts',(-44.8897118236238,-40.1159098300045,-2.));
#4874=CARTESIAN_POINT('Ctrl Pts',(-44.6031422979499,-40.1852815601852,-3.));
#4875=CARTESIAN_POINT('Ctrl Pts',(-44.6031422979499,-40.1852815601852,-2.));
#4876=CARTESIAN_POINT('Ctrl Pts',(-44.442194388531,-40.2242432568942,-3.));
#4877=CARTESIAN_POINT('Ctrl Pts',(-44.442194388531,-40.2242432568942,-2.));
#4878=CARTESIAN_POINT('',(-45.2627828580363,-39.9154196713839,-2.5));
#4879=CARTESIAN_POINT('Ctrl Pts',(-44.442194388531,-40.2242432568942,-2.5));
#4880=CARTESIAN_POINT('Ctrl Pts',(-44.6031422979499,-40.1852815601852,-2.5));
#4881=CARTESIAN_POINT('Ctrl Pts',(-44.7640902073688,-40.1463198634761,-2.5));
#4882=CARTESIAN_POINT('Ctrl Pts',(-44.9164590102656,-40.0852726434146,-2.5));
#4883=CARTESIAN_POINT('Ctrl Pts',(-45.0353845393752,-40.0376246156788,-2.5));
#4884=CARTESIAN_POINT('Ctrl Pts',(-45.1490836987057,-39.9765221435314,-2.5));
#4885=CARTESIAN_POINT('Ctrl Pts',(-45.2627828580363,-39.9154196713839,-2.5));
#4886=CARTESIAN_POINT('',(-45.2627828580363,-39.9154196713839,-3.));
#4887=CARTESIAN_POINT('Ctrl Pts',(-44.442194388531,-40.2242432568942,-3.));
#4888=CARTESIAN_POINT('Ctrl Pts',(-44.6031422979499,-40.1852815601852,-3.));
#4889=CARTESIAN_POINT('Ctrl Pts',(-44.8897118236238,-40.1159098300045,-3.));
#4890=CARTESIAN_POINT('Ctrl Pts',(-45.1490836987057,-39.9765221435314,-3.));
#4891=CARTESIAN_POINT('Ctrl Pts',(-45.2627828580363,-39.9154196713839,-3.));
#4892=CARTESIAN_POINT('',(-45.2627828580363,-39.9154196713839,-3.));
#4893=CARTESIAN_POINT('Ctrl Pts',(-45.6466063720209,-39.3771849606906,-3.));
#4894=CARTESIAN_POINT('Ctrl Pts',(-45.6466063720209,-39.3771849606906,-2.));
#4895=CARTESIAN_POINT('Ctrl Pts',(-45.6063720593729,-39.4870946722044,-3.));
#4896=CARTESIAN_POINT('Ctrl Pts',(-45.6063720593729,-39.4870946722044,-2.));
#4897=CARTESIAN_POINT('Ctrl Pts',(-45.5277138795233,-39.7019684276253,-3.));
#4898=CARTESIAN_POINT('Ctrl Pts',(-45.5277138795233,-39.7019684276253,-2.));
#4899=CARTESIAN_POINT('Ctrl Pts',(-45.3497276513976,-39.8453694591545,-3.));
#4900=CARTESIAN_POINT('Ctrl Pts',(-45.3497276513976,-39.8453694591545,-2.));
#4901=CARTESIAN_POINT('Ctrl Pts',(-45.2627828580363,-39.9154196713839,-3.));
#4902=CARTESIAN_POINT('Ctrl Pts',(-45.2627828580363,-39.9154196713839,-2.));
#4903=CARTESIAN_POINT('',(-45.6466063720209,-39.3771849606906,-2.5));
#4904=CARTESIAN_POINT('Ctrl Pts',(-45.2627828580363,-39.9154196713839,-2.5));
#4905=CARTESIAN_POINT('Ctrl Pts',(-45.3497276513976,-39.8453694591545,-2.5));
#4906=CARTESIAN_POINT('Ctrl Pts',(-45.436672444759,-39.7753192469251,-2.5));
#4907=CARTESIAN_POINT('Ctrl Pts',(-45.4999151689036,-39.6882139180575,-2.5));
#4908=CARTESIAN_POINT('Ctrl Pts',(-45.5661377467248,-39.5970043837182,-2.5));
#4909=CARTESIAN_POINT('Ctrl Pts',(-45.6063720593729,-39.4870946722044,-2.5));
#4910=CARTESIAN_POINT('Ctrl Pts',(-45.6466063720209,-39.3771849606906,-2.5));
#4911=CARTESIAN_POINT('',(-45.6466063720209,-39.3771849606906,-3.));
#4912=CARTESIAN_POINT('Ctrl Pts',(-45.2627828580363,-39.9154196713839,-3.));
#4913=CARTESIAN_POINT('Ctrl Pts',(-45.3497276513976,-39.8453694591545,-3.));
#4914=CARTESIAN_POINT('Ctrl Pts',(-45.5277138795233,-39.7019684276253,-3.));
#4915=CARTESIAN_POINT('Ctrl Pts',(-45.6063720593729,-39.4870946722044,-3.));
#4916=CARTESIAN_POINT('Ctrl Pts',(-45.6466063720209,-39.3771849606906,-3.));
#4917=CARTESIAN_POINT('',(-45.6466063720209,-39.3771849606906,-3.));
#4918=CARTESIAN_POINT('Ctrl Pts',(-45.7480767232401,-38.3977733586703,-3.));
#4919=CARTESIAN_POINT('Ctrl Pts',(-45.7480767232401,-38.3977733586703,-2.));
#4920=CARTESIAN_POINT('Ctrl Pts',(-45.7465970276489,-38.5845876918637,-3.));
#4921=CARTESIAN_POINT('Ctrl Pts',(-45.7465970276489,-38.5845876918637,-2.));
#4922=CARTESIAN_POINT('Ctrl Pts',(-45.7439833421537,-38.9145703693018,-3.));
#4923=CARTESIAN_POINT('Ctrl Pts',(-45.7439833421537,-38.9145703693018,-2.));
#4924=CARTESIAN_POINT('Ctrl Pts',(-45.6760711706637,-39.2372047809225,-3.));
#4925=CARTESIAN_POINT('Ctrl Pts',(-45.6760711706637,-39.2372047809225,-2.));
#4926=CARTESIAN_POINT('Ctrl Pts',(-45.6466063720209,-39.3771849606906,-3.));
#4927=CARTESIAN_POINT('Ctrl Pts',(-45.6466063720209,-39.3771849606906,-2.));
#4928=CARTESIAN_POINT('',(-45.7480767232401,-38.3977733586703,-2.5));
#4929=CARTESIAN_POINT('Ctrl Pts',(-45.6466063720209,-39.3771849606906,-2.5));
#4930=CARTESIAN_POINT('Ctrl Pts',(-45.6760711706637,-39.2372047809225,-2.5));
#4931=CARTESIAN_POINT('Ctrl Pts',(-45.7055359693064,-39.0972246011545,-2.5));
#4932=CARTESIAN_POINT('Ctrl Pts',(-45.7227089864237,-38.9558611844455,-2.5));
#4933=CARTESIAN_POINT('Ctrl Pts',(-45.7451173320578,-38.771402025057,-2.5));
#4934=CARTESIAN_POINT('Ctrl Pts',(-45.7465970276489,-38.5845876918637,-2.5));
#4935=CARTESIAN_POINT('Ctrl Pts',(-45.7480767232401,-38.3977733586703,-2.5));
#4936=CARTESIAN_POINT('',(-45.7480767232401,-38.3977733586703,-3.));
#4937=CARTESIAN_POINT('Ctrl Pts',(-45.6466063720209,-39.3771849606906,-3.));
#4938=CARTESIAN_POINT('Ctrl Pts',(-45.6760711706637,-39.2372047809225,-3.));
#4939=CARTESIAN_POINT('Ctrl Pts',(-45.7439833421537,-38.9145703693018,-3.));
#4940=CARTESIAN_POINT('Ctrl Pts',(-45.7465970276489,-38.5845876918637,-3.));
#4941=CARTESIAN_POINT('Ctrl Pts',(-45.7480767232401,-38.3977733586703,-3.));
#4942=CARTESIAN_POINT('',(-45.7480767232401,-38.3977733586703,-3.));
#4943=CARTESIAN_POINT('Ctrl Pts',(-45.6466063720209,-37.4139498208438,-3.));
#4944=CARTESIAN_POINT('Ctrl Pts',(-45.6466063720209,-37.4139498208438,-2.));
#4945=CARTESIAN_POINT('Ctrl Pts',(-45.6760596813812,-37.553563700294,-3.));
#4946=CARTESIAN_POINT('Ctrl Pts',(-45.6760596813812,-37.553563700294,-2.));
#4947=CARTESIAN_POINT('Ctrl Pts',(-45.7444229669458,-37.8776177273951,-3.));
#4948=CARTESIAN_POINT('Ctrl Pts',(-45.7444229669458,-37.8776177273951,-2.));
#4949=CARTESIAN_POINT('Ctrl Pts',(-45.7467514389323,-38.2091033872186,-3.));
#4950=CARTESIAN_POINT('Ctrl Pts',(-45.7467514389323,-38.2091033872186,-2.));
#4951=CARTESIAN_POINT('Ctrl Pts',(-45.7480767232401,-38.3977733586703,-3.));
#4952=CARTESIAN_POINT('Ctrl Pts',(-45.7480767232401,-38.3977733586703,-2.));
#4953=CARTESIAN_POINT('',(-45.6466063720209,-37.4139498208438,-2.5));
#4954=CARTESIAN_POINT('Ctrl Pts',(-45.7480767232401,-38.3977733586703,-2.5));
#4955=CARTESIAN_POINT('Ctrl Pts',(-45.7467514389323,-38.2091033872186,-2.5));
#4956=CARTESIAN_POINT('Ctrl Pts',(-45.7454261546245,-38.0204334157669,-2.5));
#4957=CARTESIAN_POINT('Ctrl Pts',(-45.7227089864237,-37.8341709111606,-2.5));
#4958=CARTESIAN_POINT('Ctrl Pts',(-45.7055129907414,-37.6931775797443,-2.5));
#4959=CARTESIAN_POINT('Ctrl Pts',(-45.6760596813812,-37.553563700294,-2.5));
#4960=CARTESIAN_POINT('Ctrl Pts',(-45.6466063720209,-37.4139498208438,-2.5));
#4961=CARTESIAN_POINT('',(-45.6466063720209,-37.4139498208438,-3.));
#4962=CARTESIAN_POINT('Ctrl Pts',(-45.7480767232401,-38.3977733586703,-3.));
#4963=CARTESIAN_POINT('Ctrl Pts',(-45.7467514389323,-38.2091033872186,-3.));
#4964=CARTESIAN_POINT('Ctrl Pts',(-45.7444229669458,-37.8776177273951,-3.));
#4965=CARTESIAN_POINT('Ctrl Pts',(-45.6760596813812,-37.553563700294,-3.));
#4966=CARTESIAN_POINT('Ctrl Pts',(-45.6466063720209,-37.4139498208438,-3.));
#4967=CARTESIAN_POINT('',(-45.6466063720209,-37.4139498208438,-3.));
#4968=CARTESIAN_POINT('Ctrl Pts',(-45.2627828580363,-36.8801258538638,-3.));
#4969=CARTESIAN_POINT('Ctrl Pts',(-45.2627828580363,-36.8801258538638,-2.));
#4970=CARTESIAN_POINT('Ctrl Pts',(-45.3496799929339,-36.9498035532745,-3.));
#4971=CARTESIAN_POINT('Ctrl Pts',(-45.3496799929339,-36.9498035532745,-2.));
#4972=CARTESIAN_POINT('Ctrl Pts',(-45.5269875062226,-37.0919760153328,-3.));
#4973=CARTESIAN_POINT('Ctrl Pts',(-45.5269875062226,-37.0919760153328,-2.));
#4974=CARTESIAN_POINT('Ctrl Pts',(-45.6062101667031,-37.3052168056328,-3.));
#4975=CARTESIAN_POINT('Ctrl Pts',(-45.6062101667031,-37.3052168056328,-2.));
#4976=CARTESIAN_POINT('Ctrl Pts',(-45.6466063720209,-37.4139498208438,-3.));
#4977=CARTESIAN_POINT('Ctrl Pts',(-45.6466063720209,-37.4139498208438,-2.));
#4978=CARTESIAN_POINT('',(-45.2627828580363,-36.8801258538638,-2.5));
#4979=CARTESIAN_POINT('Ctrl Pts',(-45.6466063720209,-37.4139498208438,-2.5));
#4980=CARTESIAN_POINT('Ctrl Pts',(-45.6062101667031,-37.3052168056328,-2.5));
#4981=CARTESIAN_POINT('Ctrl Pts',(-45.5658139613854,-37.1964837904218,-2.5));
#4982=CARTESIAN_POINT('Ctrl Pts',(-45.4999151689036,-37.1062289212619,-2.5));
#4983=CARTESIAN_POINT('Ctrl Pts',(-45.4365771278315,-37.0194812526853,-2.5));
#4984=CARTESIAN_POINT('Ctrl Pts',(-45.3496799929339,-36.9498035532745,-2.5));
#4985=CARTESIAN_POINT('Ctrl Pts',(-45.2627828580363,-36.8801258538638,-2.5));
#4986=CARTESIAN_POINT('',(-45.2627828580363,-36.8801258538638,-3.));
#4987=CARTESIAN_POINT('Ctrl Pts',(-45.6466063720209,-37.4139498208438,-3.));
#4988=CARTESIAN_POINT('Ctrl Pts',(-45.6062101667031,-37.3052168056328,-3.));
#4989=CARTESIAN_POINT('Ctrl Pts',(-45.5269875062226,-37.0919760153328,-3.));
#4990=CARTESIAN_POINT('Ctrl Pts',(-45.3496799929339,-36.9498035532745,-3.));
#4991=CARTESIAN_POINT('Ctrl Pts',(-45.2627828580363,-36.8801258538638,-3.));
#4992=CARTESIAN_POINT('',(-45.2627828580363,-36.8801258538638,-3.));
#4993=CARTESIAN_POINT('Ctrl Pts',(-44.442194388531,-36.5713022683535,-3.));
#4994=CARTESIAN_POINT('Ctrl Pts',(-44.442194388531,-36.5713022683535,-2.));
#4995=CARTESIAN_POINT('Ctrl Pts',(-44.6031423800878,-36.6102633612633,-3.));
#4996=CARTESIAN_POINT('Ctrl Pts',(-44.6031423800878,-36.6102633612633,-2.));
#4997=CARTESIAN_POINT('Ctrl Pts',(-44.8897123081693,-36.6796340783822,-3.));
#4998=CARTESIAN_POINT('Ctrl Pts',(-44.8897123081693,-36.6796340783822,-2.));
#4999=CARTESIAN_POINT('Ctrl Pts',(-45.149083755849,-36.8190228403016,-3.));
#5000=CARTESIAN_POINT('Ctrl Pts',(-45.149083755849,-36.8190228403016,-2.));
#5001=CARTESIAN_POINT('Ctrl Pts',(-45.2627828580363,-36.8801258538638,-3.));
#5002=CARTESIAN_POINT('Ctrl Pts',(-45.2627828580363,-36.8801258538638,-2.));
#5003=CARTESIAN_POINT('Ctrl Pts',(-45.2627828580363,-36.8801258538638,-2.5));
#5004=CARTESIAN_POINT('Ctrl Pts',(-45.1157443470341,-36.8011059147517,-2.5));
#5005=CARTESIAN_POINT('Ctrl Pts',(-45.0065732772963,-36.7424363102741,-2.5));
#5006=CARTESIAN_POINT('Ctrl Pts',(-44.7287643166125,-36.6406729854724,-2.5));
#5007=CARTESIAN_POINT('Ctrl Pts',(-44.5854793525717,-36.605987626913,-2.5));
#5008=CARTESIAN_POINT('Ctrl Pts',(-44.442194388531,-36.5713022683535,-2.5));
#5009=CARTESIAN_POINT('Ctrl Pts',(-45.2627828580363,-36.8801258538638,-3.));
#5010=CARTESIAN_POINT('Ctrl Pts',(-45.149083755849,-36.8190228403016,-3.));
#5011=CARTESIAN_POINT('Ctrl Pts',(-44.8897123081693,-36.6796340783822,-3.));
#5012=CARTESIAN_POINT('Ctrl Pts',(-44.6031423800878,-36.6102633612633,-3.));
#5013=CARTESIAN_POINT('Ctrl Pts',(-44.442194388531,-36.5713022683535,-3.));
#5014=CARTESIAN_POINT('Origin',(-42.659841464184,-44.4727736280088,-3.));
#5015=CARTESIAN_POINT('Origin',(-45.6598415833933,-32.1771858666812,-3.));
#5016=CARTESIAN_POINT('',(-45.6598415833933,-33.0065964196597,-2.5));
#5017=CARTESIAN_POINT('',(-45.6598415833933,-32.1771858666812,-2.5));
#5018=CARTESIAN_POINT('',(-45.6598415833933,-17.1005579333406,-2.5));
#5019=CARTESIAN_POINT('',(-45.6598415833933,-33.0065964196597,-3.));
#5020=CARTESIAN_POINT('',(-45.6598415833933,-33.0065964196597,-3.));
#5021=CARTESIAN_POINT('',(-45.6598415833933,-32.1771858666812,-3.));
#5022=CARTESIAN_POINT('',(-45.6598415833933,-33.0065964196597,-3.));
#5023=CARTESIAN_POINT('',(-45.6598415833933,-32.1771858666812,-3.));
#5024=CARTESIAN_POINT('Origin',(-39.6598413449747,-32.1771858666812,-3.));
#5025=CARTESIAN_POINT('',(-39.6598413449747,-32.1771858666812,-2.5));
#5026=CARTESIAN_POINT('',(-19.8835146724874,-32.1771858666812,-2.5));
#5027=CARTESIAN_POINT('',(-39.6598413449747,-32.1771858666812,-3.));
#5028=CARTESIAN_POINT('',(-45.6598415833933,-32.1771858666812,-3.));
#5029=CARTESIAN_POINT('',(-39.6598413449747,-32.1771858666812,-3.));
#5030=CARTESIAN_POINT('Origin',(-39.6598413449747,-32.8830669854556,-3.));
#5031=CARTESIAN_POINT('',(-39.6598413449747,-32.8830669854556,-2.5));
#5032=CARTESIAN_POINT('',(-39.6598413449747,-17.4534984927278,-2.5));
#5033=CARTESIAN_POINT('',(-39.6598413449747,-32.8830669854556,-3.));
#5034=CARTESIAN_POINT('',(-39.6598413449747,-32.1771858666812,-3.));
#5035=CARTESIAN_POINT('',(-39.6598413449747,-32.8830669854556,-3.));
#5036=CARTESIAN_POINT('Origin',(-44.8833712798579,-32.8830669854556,-3.));
#5037=CARTESIAN_POINT('',(-44.8833712798579,-32.8830669854556,-2.5));
#5038=CARTESIAN_POINT('',(-22.4952796399289,-32.8830669854556,-2.5));
#5039=CARTESIAN_POINT('',(-44.8833712798579,-32.8830669854556,-3.));
#5040=CARTESIAN_POINT('',(-39.6598413449747,-32.8830669854556,-3.));
#5041=CARTESIAN_POINT('',(-44.8833712798579,-32.8830669854556,-3.));
#5042=CARTESIAN_POINT('Origin',(-43.5157236320002,-34.7977732156192,-3.));
#5043=CARTESIAN_POINT('',(-43.5157236320002,-34.7977732156192,-2.5));
#5044=CARTESIAN_POINT('',(-43.9337699595889,-34.2125085027489,-2.5));
#5045=CARTESIAN_POINT('',(-43.5157236320002,-34.7977732156192,-3.));
#5046=CARTESIAN_POINT('',(-44.8833712798579,-32.8830669854556,-3.));
#5047=CARTESIAN_POINT('',(-43.5157236320002,-34.7977732156192,-3.));
#5048=CARTESIAN_POINT('Origin',(-44.3716063958628,-34.7977732156192,-3.));
#5049=CARTESIAN_POINT('',(-44.3716063958628,-34.7977732156192,-2.5));
#5050=CARTESIAN_POINT('',(-22.2393971979314,-34.7977732156192,-2.5));
#5051=CARTESIAN_POINT('',(-44.3716063958628,-34.7977732156192,-3.));
#5052=CARTESIAN_POINT('',(-43.5157236320002,-34.7977732156192,-3.));
#5053=CARTESIAN_POINT('',(-44.3716063958628,-34.7977732156192,-3.));
#5054=CARTESIAN_POINT('Origin',(-45.6598415833933,-33.0065964196597,-3.));
#5055=CARTESIAN_POINT('',(-45.2381235883687,-33.5929578965378,-2.5));
#5056=CARTESIAN_POINT('',(-44.3716063958628,-34.7977732156192,-3.));
#5057=CARTESIAN_POINT('Origin',(-42.659841464184,-44.4727736280088,-3.));
#5058=CARTESIAN_POINT('Origin',(-40.5863121015055,-53.0183614824687,-3.));
#5059=CARTESIAN_POINT('',(-40.5863121015055,-53.0713026259814,-2.5));
#5060=CARTESIAN_POINT('',(-40.5863121015055,-53.0183614824687,-2.5));
#5061=CARTESIAN_POINT('',(-40.5863121015055,-27.5211457412343,-2.5));
#5062=CARTESIAN_POINT('',(-40.5863121015055,-53.0713026259814,-3.));
#5063=CARTESIAN_POINT('',(-40.5863121015055,-53.0713026259814,-3.));
#5064=CARTESIAN_POINT('',(-40.5863121015055,-53.0183614824687,-3.));
#5065=CARTESIAN_POINT('',(-40.5863121015055,-53.0713026259814,-3.));
#5066=CARTESIAN_POINT('',(-40.5863121015055,-53.0183614824687,-3.));
#5067=CARTESIAN_POINT('Origin',(-45.6598415833933,-52.4977733229075,-3.));
#5068=CARTESIAN_POINT('',(-45.6598415833933,-52.4977733229075,-2.5));
#5069=CARTESIAN_POINT('',(-25.6833651457401,-54.5475331873806,-2.5));
#5070=CARTESIAN_POINT('',(-45.6598415833933,-52.4977733229075,-3.));
#5071=CARTESIAN_POINT('',(-40.5863121015055,-53.0183614824687,-3.));
#5072=CARTESIAN_POINT('',(-45.6598415833933,-52.4977733229075,-3.));
#5073=CARTESIAN_POINT('Origin',(-45.6598415833933,-51.8007145856295,-3.));
#5074=CARTESIAN_POINT('',(-45.6598415833933,-51.8007145856295,-2.5));
#5075=CARTESIAN_POINT('',(-45.6598415833933,-26.9123222928148,-2.5));
#5076=CARTESIAN_POINT('',(-45.6598415833933,-51.8007145856295,-3.));
#5077=CARTESIAN_POINT('',(-45.6598415833933,-52.4977733229075,-3.));
#5078=CARTESIAN_POINT('',(-45.6598415833933,-51.8007145856295,-3.));
#5079=CARTESIAN_POINT('Origin',(-39.6598413449747,-52.5948320363437,-3.));
#5080=CARTESIAN_POINT('',(-39.6598413449747,-52.5948320363437,-2.5));
#5081=CARTESIAN_POINT('',(-23.5129670193286,-54.7319177308374,-2.5));
#5082=CARTESIAN_POINT('',(-39.6598413449747,-52.5948320363437,-3.));
#5083=CARTESIAN_POINT('',(-45.6598415833933,-51.8007145856295,-3.));
#5084=CARTESIAN_POINT('',(-39.6598413449747,-52.5948320363437,-3.));
#5085=CARTESIAN_POINT('Origin',(-39.6598413449747,-53.4242437814151,-3.));
#5086=CARTESIAN_POINT('',(-39.6598413449747,-53.4242437814151,-2.5));
#5087=CARTESIAN_POINT('',(-39.6598413449747,-27.7240868907075,-2.5));
#5088=CARTESIAN_POINT('',(-39.6598413449747,-53.4242437814151,-3.));
#5089=CARTESIAN_POINT('',(-39.6598413449747,-52.5948320363437,-3.));
#5090=CARTESIAN_POINT('',(-39.6598413449747,-53.4242437814151,-3.));
#5091=CARTESIAN_POINT('Origin',(-45.0598415595515,-54.2536555264865,-3.));
#5092=CARTESIAN_POINT('',(-45.0598415595515,-54.2536555264865,-2.5));
#5093=CARTESIAN_POINT('',(-19.1828811125194,-50.2790899582147,-2.5));
#5094=CARTESIAN_POINT('',(-45.0598415595515,-54.2536555264865,-3.));
#5095=CARTESIAN_POINT('',(-39.6598413449747,-53.4242437814151,-3.));
#5096=CARTESIAN_POINT('',(-45.0598415595515,-54.2536555264865,-3.));
#5097=CARTESIAN_POINT('Origin',(-45.0598415595515,-54.3065966699992,-3.));
#5098=CARTESIAN_POINT('',(-45.0598415595515,-54.3065966699992,-2.5));
#5099=CARTESIAN_POINT('',(-45.0598415595515,-28.1652633349996,-2.5));
#5100=CARTESIAN_POINT('',(-45.0598415595515,-54.3065966699992,-3.));
#5101=CARTESIAN_POINT('',(-45.0598415595515,-54.2536555264865,-3.));
#5102=CARTESIAN_POINT('',(-45.0598415595515,-54.3065966699992,-3.));
#5103=CARTESIAN_POINT('Origin',(-39.6598413449747,-55.1360084150706,-3.));
#5104=CARTESIAN_POINT('',(-39.6598413449747,-55.1360084150706,-2.5));
#5105=CARTESIAN_POINT('',(-24.3241723279553,-57.4914868402211,-2.5));
#5106=CARTESIAN_POINT('',(-39.6598413449747,-55.1360084150706,-3.));
#5107=CARTESIAN_POINT('',(-45.0598415595515,-54.3065966699992,-3.));
#5108=CARTESIAN_POINT('',(-39.6598413449747,-55.1360084150706,-3.));
#5109=CARTESIAN_POINT('Origin',(-39.6598413449747,-55.9654202346478,-3.));
#5110=CARTESIAN_POINT('',(-39.6598413449747,-55.9654202346478,-2.5));
#5111=CARTESIAN_POINT('',(-39.6598413449747,-28.9946751173239,-2.5));
#5112=CARTESIAN_POINT('',(-39.6598413449747,-55.9654202346478,-3.));
#5113=CARTESIAN_POINT('',(-39.6598413449747,-55.1360084150706,-3.));
#5114=CARTESIAN_POINT('',(-39.6598413449747,-55.9654202346478,-3.));
#5115=CARTESIAN_POINT('Origin',(-45.6598415833933,-56.7683613893364,-3.));
#5116=CARTESIAN_POINT('',(-45.6598415833933,-56.7683613893364,-2.5));
#5117=CARTESIAN_POINT('',(-19.6856337203683,-53.2924014518488,-2.5));
#5118=CARTESIAN_POINT('',(-45.6598415833933,-56.7683613893364,-3.));
#5119=CARTESIAN_POINT('',(-39.6598413449747,-55.9654202346478,-3.));
#5120=CARTESIAN_POINT('',(-45.6598415833933,-56.7683613893364,-3.));
#5121=CARTESIAN_POINT('Origin',(-45.6598415833933,-56.0713025961791,-3.));
#5122=CARTESIAN_POINT('',(-45.6598415833933,-56.0713025961791,-2.5));
#5123=CARTESIAN_POINT('',(-45.6598415833933,-29.0476162980895,-2.5));
#5124=CARTESIAN_POINT('',(-45.6598415833933,-56.0713025961791,-3.));
#5125=CARTESIAN_POINT('',(-45.6598415833933,-56.7683613893364,-3.));
#5126=CARTESIAN_POINT('',(-45.6598415833933,-56.0713025961791,-3.));
#5127=CARTESIAN_POINT('Origin',(-40.5863121015055,-55.5418908630286,-3.));
#5128=CARTESIAN_POINT('',(-40.5863121015055,-55.5418908630286,-2.5));
#5129=CARTESIAN_POINT('',(-17.8025886452213,-53.1644590247643,-2.5));
#5130=CARTESIAN_POINT('',(-40.5863121015055,-55.5418908630286,-3.));
#5131=CARTESIAN_POINT('',(-45.6598415833933,-56.0713025961791,-3.));
#5132=CARTESIAN_POINT('',(-40.5863121015055,-55.5418908630286,-3.));
#5133=CARTESIAN_POINT('Origin',(-40.5863121015055,-55.4889495705043,-3.));
#5134=CARTESIAN_POINT('',(-40.5863121015055,-55.4889495705043,-2.5));
#5135=CARTESIAN_POINT('',(-40.5863121015055,-28.7564397852521,-2.5));
#5136=CARTESIAN_POINT('',(-40.5863121015055,-55.4889495705043,-3.));
#5137=CARTESIAN_POINT('',(-40.5863121015055,-55.5418908630286,-3.));
#5138=CARTESIAN_POINT('',(-40.5863121015055,-55.4889495705043,-3.));
#5139=CARTESIAN_POINT('Origin',(-41.4157238465769,-55.4360084269915,-3.));
#5140=CARTESIAN_POINT('',(-41.4157238465769,-55.4360084269915,-2.5));
#5141=CARTESIAN_POINT('',(-22.5429877005279,-56.6406504383001,-2.5));
#5142=CARTESIAN_POINT('',(-41.4157238465769,-55.4360084269915,-3.));
#5143=CARTESIAN_POINT('',(-40.5863121015055,-55.4889495705043,-3.));
#5144=CARTESIAN_POINT('',(-41.4157238465769,-55.4360084269915,-3.));
#5145=CARTESIAN_POINT('Origin',(-45.6598415833933,-54.7124789689456,-3.));
#5146=CARTESIAN_POINT('',(-45.6598415833933,-54.7124789689456,-2.5));
#5147=CARTESIAN_POINT('',(-27.8910497068971,-57.7416702293597,-2.5));
#5148=CARTESIAN_POINT('',(-45.6598415833933,-54.7124789689456,-3.));
#5149=CARTESIAN_POINT('',(-41.4157238465769,-55.4360084269915,-3.));
#5150=CARTESIAN_POINT('',(-45.6598415833933,-54.7124789689456,-3.));
#5151=CARTESIAN_POINT('Origin',(-45.6598415833933,-53.8565968011294,-3.));
#5152=CARTESIAN_POINT('',(-45.6598415833933,-53.8565968011294,-2.5));
#5153=CARTESIAN_POINT('',(-45.6598415833933,-27.9402634005647,-2.5));
#5154=CARTESIAN_POINT('',(-45.6598415833933,-53.8565968011294,-3.));
#5155=CARTESIAN_POINT('',(-45.6598415833933,-54.7124789689456,-3.));
#5156=CARTESIAN_POINT('',(-45.6598415833933,-53.8565968011294,-3.));
#5157=CARTESIAN_POINT('Origin',(-41.4157238465769,-53.1330673430835,-3.));
#5158=CARTESIAN_POINT('',(-41.4157238465769,-53.1330673430835,-2.5));
#5159=CARTESIAN_POINT('',(-17.1113140445954,-48.9896958480821,-2.5));
#5160=CARTESIAN_POINT('',(-41.4157238465769,-53.1330673430835,-3.));
#5161=CARTESIAN_POINT('',(-45.6598415833933,-53.8565968011294,-3.));
#5162=CARTESIAN_POINT('',(-41.4157238465769,-53.1330673430835,-3.));
#5163=CARTESIAN_POINT('Origin',(-40.5863121015055,-53.0713026259814,-3.));
#5164=CARTESIAN_POINT('',(-18.5681512821806,-51.4316520155407,-2.5));
#5165=CARTESIAN_POINT('',(-41.4157238465769,-53.1330673430835,-3.));
#5166=CARTESIAN_POINT('Origin',(-42.659841464184,-44.4727736280088,-3.));
#5167=CARTESIAN_POINT('Origin',(-0.107188000000003,-2.02393,-2.5));
#5168=CARTESIAN_POINT('Origin',(-0.107188000000003,-2.02393,-2.5));
#5169=CARTESIAN_POINT('Origin',(-50.553688,54.70567,-11.5));
#5170=CARTESIAN_POINT('',(-48.553688,54.70567,-13.5));
#5171=CARTESIAN_POINT('',(-50.553688,54.70567,-13.5));
#5172=CARTESIAN_POINT('',(-50.553688,54.70567,-13.5));
#5173=CARTESIAN_POINT('',(-48.553688,54.70567,-23.5));
#5174=CARTESIAN_POINT('',(-48.553688,54.70567,-11.5));
#5175=CARTESIAN_POINT('',(-50.553688,54.70567,-23.5));
#5176=CARTESIAN_POINT('',(-50.553688,54.70567,-23.5));
#5177=CARTESIAN_POINT('',(-50.553688,54.70567,-11.5));
#5178=CARTESIAN_POINT('Origin',(-48.553688,54.70567,-11.5));
#5179=CARTESIAN_POINT('',(-48.553688,-57.29433,-13.5));
#5180=CARTESIAN_POINT('',(-48.553688,54.70567,-13.5));
#5181=CARTESIAN_POINT('',(-48.553688,-57.29433,-23.5));
#5182=CARTESIAN_POINT('',(-48.553688,-57.29433,-11.5));
#5183=CARTESIAN_POINT('',(-48.553688,54.70567,-23.5));
#5184=CARTESIAN_POINT('Origin',(-50.553688,-57.29433,-11.5));
#5185=CARTESIAN_POINT('',(-50.553688,-57.29433,-13.5));
#5186=CARTESIAN_POINT('',(-50.553688,-57.29433,-13.5));
#5187=CARTESIAN_POINT('',(-50.553688,-57.29433,-23.5));
#5188=CARTESIAN_POINT('',(-50.553688,-57.29433,-23.5));
#5189=CARTESIAN_POINT('',(-50.553688,-57.29433,-11.5));
#5190=CARTESIAN_POINT('Origin',(-48.553688,-57.29433,-11.5));
#5191=CARTESIAN_POINT('',(-48.553688,-57.29433,-13.5));
#5192=CARTESIAN_POINT('',(-48.553688,-57.29433,-23.5));
#5193=CARTESIAN_POINT('Origin',(-49.553688,-1.29433,-11.5));
#5194=CARTESIAN_POINT('',(-48.553688,-57.29433,-11.5));
#5195=CARTESIAN_POINT('',(-50.553688,-57.29433,-11.5));
#5196=CARTESIAN_POINT('',(-49.053688,-57.29433,-11.5));
#5197=CARTESIAN_POINT('',(-48.553688,54.70567,-11.5));
#5198=CARTESIAN_POINT('',(-48.553688,26.70567,-11.5));
#5199=CARTESIAN_POINT('',(-50.553688,54.70567,-11.5));
#5200=CARTESIAN_POINT('',(-50.053688,54.70567,-11.5));
#5201=CARTESIAN_POINT('',(-50.553688,-29.29433,-11.5));
#5202=CARTESIAN_POINT('Origin',(-49.553688,-1.29433,-23.5));
#5203=CARTESIAN_POINT('Origin',(-50.553688,-57.29433,-3.5));
#5204=CARTESIAN_POINT('',(-50.553688,54.70567,-2.5));
#5205=CARTESIAN_POINT('',(-50.553688,54.70567,-3.5));
#5206=CARTESIAN_POINT('',(-50.553688,-57.29433,-2.5));
#5207=CARTESIAN_POINT('',(-50.553688,-57.29433,-2.5));
#5208=CARTESIAN_POINT('',(-50.553688,-57.29433,-3.5));
#5209=CARTESIAN_POINT('Origin',(-50.553688,54.70567,-3.5));
#5210=CARTESIAN_POINT('',(-48.553688,54.70567,-2.5));
#5211=CARTESIAN_POINT('',(-48.553688,54.70567,-3.5));
#5212=CARTESIAN_POINT('',(-50.553688,54.70567,-2.5));
#5213=CARTESIAN_POINT('Origin',(-36.553688,-20.355566,-11.5));
#5214=CARTESIAN_POINT('',(-28.553688,-20.355566,-13.5));
#5215=CARTESIAN_POINT('',(-36.553688,-20.355566,-13.5));
#5216=CARTESIAN_POINT('',(-36.553688,-20.355566,-13.5));
#5217=CARTESIAN_POINT('',(-28.553688,-20.355566,-23.5));
#5218=CARTESIAN_POINT('',(-28.553688,-20.355566,-11.5));
#5219=CARTESIAN_POINT('',(-36.553688,-20.355566,-23.5));
#5220=CARTESIAN_POINT('',(-36.553688,-20.355566,-23.5));
#5221=CARTESIAN_POINT('',(-36.553688,-20.355566,-11.5));
#5222=CARTESIAN_POINT('Origin',(-28.553688,-20.355566,-11.5));
#5223=CARTESIAN_POINT('',(-28.553688,-46.355566,-13.5));
#5224=CARTESIAN_POINT('',(-28.553688,-20.355566,-13.5));
#5225=CARTESIAN_POINT('',(-28.553688,-46.355566,-23.5));
#5226=CARTESIAN_POINT('',(-28.553688,-46.355566,-11.5));
#5227=CARTESIAN_POINT('',(-28.553688,-20.355566,-23.5));
#5228=CARTESIAN_POINT('Origin',(-36.553688,-46.355566,-11.5));
#5229=CARTESIAN_POINT('',(-36.553688,-46.355566,-13.5));
#5230=CARTESIAN_POINT('',(-36.553688,-46.355566,-13.5));
#5231=CARTESIAN_POINT('',(-36.553688,-46.355566,-23.5));
#5232=CARTESIAN_POINT('',(-36.553688,-46.355566,-23.5));
#5233=CARTESIAN_POINT('',(-36.553688,-46.355566,-11.5));
#5234=CARTESIAN_POINT('Origin',(-28.553688,-46.355566,-11.5));
#5235=CARTESIAN_POINT('',(-28.553688,-46.355566,-13.5));
#5236=CARTESIAN_POINT('',(-28.553688,-46.355566,-23.5));
#5237=CARTESIAN_POINT('Origin',(-32.553688,-33.355566,-11.5));
#5238=CARTESIAN_POINT('',(-28.553688,-46.355566,-11.5));
#5239=CARTESIAN_POINT('',(-36.553688,-46.355566,-11.5));
#5240=CARTESIAN_POINT('',(-30.553688,-46.355566,-11.5));
#5241=CARTESIAN_POINT('',(-28.553688,-20.355566,-11.5));
#5242=CARTESIAN_POINT('',(-28.553688,-26.855566,-11.5));
#5243=CARTESIAN_POINT('',(-36.553688,-20.355566,-11.5));
#5244=CARTESIAN_POINT('',(-34.553688,-20.355566,-11.5));
#5245=CARTESIAN_POINT('',(-36.553688,-39.855566,-11.5));
#5246=CARTESIAN_POINT('Origin',(-32.553688,-33.355566,-23.5));
#5247=CARTESIAN_POINT('Origin',(-36.553688,-46.355566,-3.5));
#5248=CARTESIAN_POINT('',(-36.553688,-20.355566,-2.5));
#5249=CARTESIAN_POINT('',(-36.553688,-20.355566,-3.5));
#5250=CARTESIAN_POINT('',(-36.553688,-46.355566,-2.5));
#5251=CARTESIAN_POINT('',(-36.553688,-46.355566,-2.5));
#5252=CARTESIAN_POINT('',(-36.553688,-46.355566,-3.5));
#5253=CARTESIAN_POINT('Origin',(-36.553688,-20.355566,-3.5));
#5254=CARTESIAN_POINT('',(-28.553688,-20.355566,-2.5));
#5255=CARTESIAN_POINT('',(-28.553688,-20.355566,-3.5));
#5256=CARTESIAN_POINT('',(-36.553688,-20.355566,-2.5));
#5257=CARTESIAN_POINT('Origin',(-49.5534644772757,-58.2942712217365,-3.5));
#5258=CARTESIAN_POINT('',(-51.5535762386379,-58.29433,-3.5));
#5259=CARTESIAN_POINT('',(-49.5534644772757,-60.2942712217365,-3.5));
#5260=CARTESIAN_POINT('Origin',(-49.5534644772757,-58.2942712217365,-3.5));
#5261=CARTESIAN_POINT('',(-49.5534644772757,-60.2942712217365,-2.5));
#5262=CARTESIAN_POINT('',(-49.5534644772757,-60.2942712217365,-3.5));
#5263=CARTESIAN_POINT('',(-51.5534644772757,-58.2942712217365,-2.5));
#5264=CARTESIAN_POINT('Origin',(-49.5534644772757,-58.2942712217365,-2.5));
#5265=CARTESIAN_POINT('',(-51.5534644772757,-58.2942712217365,-3.5));
#5266=CARTESIAN_POINT('Origin',(-53.9014644772757,-60.2942712217365,-3.5));
#5267=CARTESIAN_POINT('',(-14.5460096156771,-60.2942712217365,-3.5));
#5268=CARTESIAN_POINT('',(-35.0519385555704,-60.2942712217365,-3.5));
#5269=CARTESIAN_POINT('',(-14.521688,-60.29433,-3.5));
#5270=CARTESIAN_POINT('Origin',(-14.521688,-55.26233,-3.5));
#5271=CARTESIAN_POINT('',(14.307312,-60.2943006108682,-3.5));
#5272=CARTESIAN_POINT('',(-15.3620503169325,-60.29433,-3.5));
#5273=CARTESIAN_POINT('',(14.3316336156775,-60.2942712217365,-3.5));
#5274=CARTESIAN_POINT('',(21.4966392095456,-60.2942712217365,-3.5));
#5275=CARTESIAN_POINT('',(14.3396392095456,-60.2942712217365,-3.5));
#5276=CARTESIAN_POINT('',(-35.0519385555704,-60.2942712217365,-3.5));
#5277=CARTESIAN_POINT('',(14.3396392095456,-60.2942712217365,-2.5));
#5278=CARTESIAN_POINT('',(14.3396392095456,-60.2942712217365,-3.5));
#5279=CARTESIAN_POINT('',(-27.0043262386379,-60.2942712217365,-2.5));
#5280=CARTESIAN_POINT('Origin',(-16.2024126338651,-3.43180817343903,-3.5));
#5281=CARTESIAN_POINT('',(-47.553688,-58.29433,-3.5));
#5282=CARTESIAN_POINT('',(-31.8780503169326,-58.29433,-3.5));
#5283=CARTESIAN_POINT('',(-47.553688,-17.5625796030079,-3.5));
#5284=CARTESIAN_POINT('',(-47.553688,26.1369309132805,-3.5));
#5285=CARTESIAN_POINT('',(-19.5535619881259,-17.5625796030079,-3.5));
#5286=CARTESIAN_POINT('',(-18.9974873109955,-17.5625796030079,-3.5));
#5287=CARTESIAN_POINT('',(-19.553688,-55.26233,-3.5));
#5288=CARTESIAN_POINT('',(-19.553688,23.8884543632805,-3.5));
#5289=CARTESIAN_POINT('Origin',(-14.521688,-55.26233,-3.5));
#5290=CARTESIAN_POINT('',(-37.553688,-19.355566,-3.5));
#5291=CARTESIAN_POINT('',(-37.553688,-47.355566,-3.5));
#5292=CARTESIAN_POINT('',(-37.553688,-25.3936870867195,-3.5));
#5293=CARTESIAN_POINT('',(-27.553688,-47.355566,-3.5));
#5294=CARTESIAN_POINT('',(-21.8780503169325,-47.355566,-3.5));
#5295=CARTESIAN_POINT('',(-27.553688,-19.355566,-3.5));
#5296=CARTESIAN_POINT('',(-27.553688,-11.3936870867195,-3.5));
#5297=CARTESIAN_POINT('',(-26.8780503169326,-19.355566,-3.5));
#5298=CARTESIAN_POINT('Origin',(14.3396392095456,-55.2942712217365,-3.5));
#5299=CARTESIAN_POINT('',(19.3396392095456,-55.2942712217365,-2.5));
#5300=CARTESIAN_POINT('Origin',(14.3396392095456,-55.2942712217365,-2.5));
#5301=CARTESIAN_POINT('',(19.3396392095456,-55.2942712217365,-3.5));
#5302=CARTESIAN_POINT('Origin',(14.3396392095456,-55.2942712217365,-3.5));
#5303=CARTESIAN_POINT('',(19.3396392095456,-55.2942712217365,-3.5));
#5304=CARTESIAN_POINT('Origin',(19.3396392095456,-65.0252712217365,-3.5));
#5305=CARTESIAN_POINT('',(19.3396392095456,51.2466548748584,-3.5));
#5306=CARTESIAN_POINT('',(19.3396392095456,-34.2285396975878,-3.5));
#5307=CARTESIAN_POINT('',(19.3396392095456,51.2466548748584,-2.5));
#5308=CARTESIAN_POINT('',(19.3396392095456,51.2466548748584,-3.5));
#5309=CARTESIAN_POINT('',(19.3396392095456,-33.5246006108682,-2.5));
#5310=CARTESIAN_POINT('Origin',(-16.2024126338651,-3.43180817343903,-3.5));
#5311=CARTESIAN_POINT('',(19.339312,-55.26233,-3.5));
#5312=CARTESIAN_POINT('Origin',(14.307312,-55.26233,-3.5));
#5313=CARTESIAN_POINT('',(19.339312,51.22807678,-3.5));
#5314=CARTESIAN_POINT('',(19.339312,-29.3470690867195,-3.5));
#5315=CARTESIAN_POINT('',(14.32091878,56.24647,-3.5));
#5316=CARTESIAN_POINT('Origin',(14.32091878,51.22807678,-3.5));
#5317=CARTESIAN_POINT('',(-14.5159349,56.24647,-3.5));
#5318=CARTESIAN_POINT('',(-0.940746926932628,56.24647,-3.5));
#5319=CARTESIAN_POINT('',(-19.5535619881259,51.2443485929139,-3.5));
#5320=CARTESIAN_POINT('Origin',(-14.5159349,51.2087169,-3.5));
#5321=CARTESIAN_POINT('',(-19.5535619881259,51.2466548748584,-3.5));
#5322=CARTESIAN_POINT('',(-19.5535619881259,27.3649233507097,-3.5));
#5323=CARTESIAN_POINT('',(-14.5535619881259,56.2466548748584,-3.5));
#5324=CARTESIAN_POINT('Origin',(-14.5535619881259,51.2466548748584,-3.5));
#5325=CARTESIAN_POINT('',(14.3396392095456,56.2466548748584,-3.5));
#5326=CARTESIAN_POINT('',(2.64711328784023,56.2466548748584,-3.5));
#5327=CARTESIAN_POINT('Origin',(14.3396392095456,51.2466548748584,-3.5));
#5328=CARTESIAN_POINT('Origin',(-14.5535619881259,51.2466548748584,-3.5));
#5329=CARTESIAN_POINT('',(-19.5535619881259,51.2466548748584,-2.5));
#5330=CARTESIAN_POINT('',(-14.5535619881259,56.2466548748584,-2.5));
#5331=CARTESIAN_POINT('Origin',(-14.5535619881259,51.2466548748584,-2.5));
#5332=CARTESIAN_POINT('',(-14.5535619881259,56.2466548748584,-3.5));
#5333=CARTESIAN_POINT('',(-19.5535619881259,51.2466548748584,-3.5));
#5334=CARTESIAN_POINT('Origin',(21.4966392095456,56.2466548748584,-3.5));
#5335=CARTESIAN_POINT('',(14.3396392095456,56.2466548748584,-2.5));
#5336=CARTESIAN_POINT('',(10.6947256047728,56.2466548748584,-2.5));
#5337=CARTESIAN_POINT('',(14.3396392095456,56.2466548748584,-3.5));
#5338=CARTESIAN_POINT('Origin',(14.3396392095456,51.2466548748584,-3.5));
#5339=CARTESIAN_POINT('Origin',(14.3396392095456,51.2466548748584,-2.5));
#5340=CARTESIAN_POINT('Origin',(-19.5535619881259,58.1616548748584,-3.5));
#5341=CARTESIAN_POINT('',(-19.5535619881259,51.2087169,-3.5));
#5342=CARTESIAN_POINT('',(-19.5535619881259,58.1616548748584,-3.5));
#5343=CARTESIAN_POINT('',(-19.5535619881259,58.1616548748584,-3.5));
#5344=CARTESIAN_POINT('',(-19.5535619881259,-17.5625796030079,-2.5));
#5345=CARTESIAN_POINT('',(-19.5535619881259,-17.5625796030079,-3.5));
#5346=CARTESIAN_POINT('',(-19.5535619881259,28.0688624374292,-2.5));
#5347=CARTESIAN_POINT('Origin',(-47.5539350386284,-17.5625796030079,-3.5));
#5348=CARTESIAN_POINT('',(-47.5539350386284,55.7056548748584,-2.5));
#5349=CARTESIAN_POINT('',(-47.5536955625708,55.70567,-3.5));
#5350=CARTESIAN_POINT('',(-47.5539350386284,55.7056548748584,-3.5));
#5351=CARTESIAN_POINT('',(-47.5539350386284,-17.5625796030079,-2.5));
#5352=CARTESIAN_POINT('',(-47.5539350386284,-9.79325480150397,-2.5));
#5353=CARTESIAN_POINT('',(-47.5539350386284,-17.5625796030079,-3.5));
#5354=CARTESIAN_POINT('',(-47.553688,26.1369309132805,-3.5));
#5355=CARTESIAN_POINT('Origin',(-0.107188000000003,-2.02393,-2.5));
#5356=CARTESIAN_POINT('',(-10.9498749940629,-17.5625796030079,-2.5));
#5357=CARTESIAN_POINT('',(-51.5534644772757,55.7056548748584,-2.5));
#5358=CARTESIAN_POINT('',(-53.9014644772757,55.7056548748584,-2.5));
#5359=CARTESIAN_POINT('',(-51.5534644772757,28.0688624374292,-2.5));
#5360=CARTESIAN_POINT('',(-28.553688,-46.355566,-2.5));
#5361=CARTESIAN_POINT('',(-28.553688,-46.355566,-2.5));
#5362=CARTESIAN_POINT('',(-28.553688,-20.355566,-2.5));
#5363=CARTESIAN_POINT('',(-48.553688,-57.29433,-2.5));
#5364=CARTESIAN_POINT('',(-48.553688,-57.29433,-2.5));
#5365=CARTESIAN_POINT('',(-48.553688,54.70567,-2.5));
#5366=CARTESIAN_POINT('',(17.339312,-55.26233,-2.5));
#5367=CARTESIAN_POINT('',(14.307312,-58.29433,-2.5));
#5368=CARTESIAN_POINT('Origin',(14.307312,-55.26233,-2.5));
#5369=CARTESIAN_POINT('',(-14.521688,-58.29433,-2.5));
#5370=CARTESIAN_POINT('',(14.307312,-58.29433,-2.5));
#5371=CARTESIAN_POINT('',(-17.553688,-55.26233,-2.5));
#5372=CARTESIAN_POINT('Origin',(-14.521688,-55.26233,-2.5));
#5373=CARTESIAN_POINT('',(-17.553688,51.2087169,-2.5));
#5374=CARTESIAN_POINT('',(-17.553688,-55.26233,-2.5));
#5375=CARTESIAN_POINT('',(-14.5159349,54.24647,-2.5));
#5376=CARTESIAN_POINT('Origin',(-14.5159349,51.2087169,-2.5));
#5377=CARTESIAN_POINT('',(14.32091878,54.24647,-2.5));
#5378=CARTESIAN_POINT('',(11.030712,54.24647,-2.5));
#5379=CARTESIAN_POINT('',(17.339312,51.22807678,-2.5));
#5380=CARTESIAN_POINT('Origin',(14.32091878,51.22807678,-2.5));
#5381=CARTESIAN_POINT('',(17.339312,-4.21032898,-2.5));
#5382=CARTESIAN_POINT('Origin',(-45.3659350386284,55.7056548748584,-3.5));
#5383=CARTESIAN_POINT('',(-51.553688,55.70567,-3.5));
#5384=CARTESIAN_POINT('',(-33.8780503169326,55.70567,-3.5));
#5385=CARTESIAN_POINT('',(-51.5534644772757,55.7056548748584,-3.5));
#5386=CARTESIAN_POINT('Origin',(-51.5534644772757,58.1616548748584,-3.5));
#5387=CARTESIAN_POINT('',(-51.553688,-30.8630690867195,-3.5));
#5388=CARTESIAN_POINT('Origin',(-51.553688,55.70567,-3.5));
#5389=CARTESIAN_POINT('',(-47.553688,55.70567,-13.5));
#5390=CARTESIAN_POINT('',(-47.553688,55.70567,-3.5));
#5391=CARTESIAN_POINT('',(-51.553688,55.70567,-13.5));
#5392=CARTESIAN_POINT('',(-51.553688,55.70567,-13.5));
#5393=CARTESIAN_POINT('',(-51.553688,55.70567,-3.5));
#5394=CARTESIAN_POINT('Origin',(-51.553688,-58.29433,-3.5));
#5395=CARTESIAN_POINT('',(-51.553688,-58.29433,-13.5));
#5396=CARTESIAN_POINT('',(-51.553688,-58.29433,-13.5));
#5397=CARTESIAN_POINT('',(-51.553688,-58.29433,-3.5));
#5398=CARTESIAN_POINT('Origin',(-47.553688,-58.29433,-3.5));
#5399=CARTESIAN_POINT('',(-47.553688,-58.29433,-13.5));
#5400=CARTESIAN_POINT('',(-47.553688,-58.29433,-13.5));
#5401=CARTESIAN_POINT('',(-47.553688,-58.29433,-3.5));
#5402=CARTESIAN_POINT('Origin',(-47.553688,55.70567,-3.5));
#5403=CARTESIAN_POINT('',(-47.553688,55.70567,-13.5));
#5404=CARTESIAN_POINT('Origin',(-49.553688,-1.29433,-13.5));
#5405=CARTESIAN_POINT('Origin',(-37.553688,-47.355566,-3.5));
#5406=CARTESIAN_POINT('',(-37.553688,-19.355566,-13.5));
#5407=CARTESIAN_POINT('',(-37.553688,-19.355566,-3.5));
#5408=CARTESIAN_POINT('',(-37.553688,-47.355566,-13.5));
#5409=CARTESIAN_POINT('',(-37.553688,-47.355566,-13.5));
#5410=CARTESIAN_POINT('',(-37.553688,-47.355566,-3.5));
#5411=CARTESIAN_POINT('Origin',(-27.553688,-47.355566,-3.5));
#5412=CARTESIAN_POINT('',(-27.553688,-47.355566,-13.5));
#5413=CARTESIAN_POINT('',(-27.553688,-47.355566,-13.5));
#5414=CARTESIAN_POINT('',(-27.553688,-47.355566,-3.5));
#5415=CARTESIAN_POINT('Origin',(-27.553688,-19.355566,-3.5));
#5416=CARTESIAN_POINT('',(-27.553688,-19.355566,-13.5));
#5417=CARTESIAN_POINT('',(-27.553688,-19.355566,-13.5));
#5418=CARTESIAN_POINT('',(-27.553688,-19.355566,-3.5));
#5419=CARTESIAN_POINT('Origin',(-37.553688,-19.355566,-3.5));
#5420=CARTESIAN_POINT('',(-37.553688,-19.355566,-13.5));
#5421=CARTESIAN_POINT('Origin',(-32.553688,-33.355566,-13.5));
#5422=CARTESIAN_POINT('Origin',(-28.553688,-20.355566,-3.5));
#5423=CARTESIAN_POINT('',(-28.553688,-46.355566,-3.5));
#5424=CARTESIAN_POINT('Origin',(-28.553688,-46.355566,-3.5));
#5425=CARTESIAN_POINT('Origin',(-48.553688,54.70567,-3.5));
#5426=CARTESIAN_POINT('',(-48.553688,-57.29433,-3.5));
#5427=CARTESIAN_POINT('Origin',(-48.553688,-57.29433,-3.5));
#5428=CARTESIAN_POINT('Origin',(-21.7925619881259,-17.5625796030079,-3.5));
#5429=CARTESIAN_POINT('Origin',(-14.521688,-60.29433,-3.5));
#5430=CARTESIAN_POINT('',(-14.521688,-60.29433,-23.5));
#5431=CARTESIAN_POINT('',(-14.521688,-60.29433,-3.5));
#5432=CARTESIAN_POINT('',(14.307312,-60.29433,-23.5));
#5433=CARTESIAN_POINT('',(14.307312,-60.29433,-23.5));
#5434=CARTESIAN_POINT('',(14.307312,-60.29433,-3.5));
#5435=CARTESIAN_POINT('Origin',(-14.521688,-55.26233,-3.5));
#5436=CARTESIAN_POINT('',(-19.553688,-55.26233,-23.5));
#5437=CARTESIAN_POINT('',(-19.553688,-55.26233,-3.5));
#5438=CARTESIAN_POINT('Origin',(-14.521688,-55.26233,-23.5));
#5439=CARTESIAN_POINT('Origin',(-19.553688,51.2087169,-3.5));
#5440=CARTESIAN_POINT('',(-19.553688,51.2087169,-23.5));
#5441=CARTESIAN_POINT('',(-19.553688,51.2087169,-3.5));
#5442=CARTESIAN_POINT('',(-19.553688,-55.26233,-23.5));
#5443=CARTESIAN_POINT('Origin',(-14.5159349,51.2087169,-3.5));
#5444=CARTESIAN_POINT('',(-14.5159349,56.24647,-23.5));
#5445=CARTESIAN_POINT('',(-14.5159349,56.24647,-3.5));
#5446=CARTESIAN_POINT('Origin',(-14.5159349,51.2087169,-23.5));
#5447=CARTESIAN_POINT('Origin',(14.32091878,54.24647,-3.5));
#5448=CARTESIAN_POINT('',(-14.5159349,54.24647,-6.5));
#5449=CARTESIAN_POINT('',(14.32091878,54.24647,-6.5));
#5450=CARTESIAN_POINT('',(11.030712,54.24647,-6.5));
#5451=CARTESIAN_POINT('',(-14.5159349,54.24647,-23.5));
#5452=CARTESIAN_POINT('',(-14.5159349,54.24647,-3.5));
#5453=CARTESIAN_POINT('',(14.32091878,54.24647,-23.5));
#5454=CARTESIAN_POINT('',(11.030712,54.24647,-23.5));
#5455=CARTESIAN_POINT('',(14.32091878,54.24647,-3.5));
#5456=CARTESIAN_POINT('Origin',(-14.5159349,51.2087169,-3.5));
#5457=CARTESIAN_POINT('',(-17.553688,51.2087169,-6.5));
#5458=CARTESIAN_POINT('Origin',(-14.5159349,51.2087169,-6.5));
#5459=CARTESIAN_POINT('',(-17.553688,51.2087169,-23.5));
#5460=CARTESIAN_POINT('',(-17.553688,51.2087169,-3.5));
#5461=CARTESIAN_POINT('Origin',(-14.5159349,51.2087169,-23.5));
#5462=CARTESIAN_POINT('Origin',(-17.553688,51.2087169,-3.5));
#5463=CARTESIAN_POINT('',(-17.553688,-55.26233,-6.5));
#5464=CARTESIAN_POINT('',(-17.553688,-55.26233,-6.5));
#5465=CARTESIAN_POINT('',(-17.553688,-55.26233,-23.5));
#5466=CARTESIAN_POINT('',(-17.553688,-55.26233,-3.5));
#5467=CARTESIAN_POINT('',(-17.553688,-55.26233,-23.5));
#5468=CARTESIAN_POINT('Origin',(-14.521688,-55.26233,-3.5));
#5469=CARTESIAN_POINT('',(-14.521688,-58.29433,-6.5));
#5470=CARTESIAN_POINT('Origin',(-14.521688,-55.26233,-6.5));
#5471=CARTESIAN_POINT('',(-14.521688,-58.29433,-23.5));
#5472=CARTESIAN_POINT('',(-14.521688,-58.29433,-3.5));
#5473=CARTESIAN_POINT('Origin',(-14.521688,-55.26233,-23.5));
#5474=CARTESIAN_POINT('Origin',(-14.521688,-58.29433,-3.5));
#5475=CARTESIAN_POINT('',(14.307312,-58.29433,-6.5));
#5476=CARTESIAN_POINT('',(14.307312,-58.29433,-6.5));
#5477=CARTESIAN_POINT('',(14.307312,-58.29433,-23.5));
#5478=CARTESIAN_POINT('',(14.307312,-58.29433,-3.5));
#5479=CARTESIAN_POINT('',(14.307312,-58.29433,-23.5));
#5480=CARTESIAN_POINT('Origin',(14.32091878,51.22807678,-3.5));
#5481=CARTESIAN_POINT('',(17.339312,51.22807678,-6.5));
#5482=CARTESIAN_POINT('Origin',(14.32091878,51.22807678,-6.5));
#5483=CARTESIAN_POINT('',(17.339312,51.22807678,-23.5));
#5484=CARTESIAN_POINT('Origin',(14.32091878,51.22807678,-23.5));
#5485=CARTESIAN_POINT('',(17.339312,51.22807678,-3.5));
#5486=CARTESIAN_POINT('Origin',(17.339312,-55.26233,-3.5));
#5487=CARTESIAN_POINT('',(17.339312,-55.26233,-6.5));
#5488=CARTESIAN_POINT('',(17.339312,-4.21032898,-6.5));
#5489=CARTESIAN_POINT('',(17.339312,-55.26233,-23.5));
#5490=CARTESIAN_POINT('',(17.339312,-4.21032898,-23.5));
#5491=CARTESIAN_POINT('',(17.339312,-55.26233,-3.5));
#5492=CARTESIAN_POINT('Origin',(14.307312,-55.26233,-3.5));
#5493=CARTESIAN_POINT('Origin',(14.307312,-55.26233,-6.5));
#5494=CARTESIAN_POINT('Origin',(14.307312,-55.26233,-23.5));
#5495=CARTESIAN_POINT('Origin',(-0.107188000000003,-2.02393,-23.5));
#5496=CARTESIAN_POINT('',(14.32091878,56.24647,-23.5));
#5497=CARTESIAN_POINT('',(11.030712,56.24647,-23.5));
#5498=CARTESIAN_POINT('',(19.339312,51.22807678,-23.5));
#5499=CARTESIAN_POINT('Origin',(14.32091878,51.22807678,-23.5));
#5500=CARTESIAN_POINT('',(19.339312,-55.26233,-23.5));
#5501=CARTESIAN_POINT('',(19.339312,-4.21032898,-23.5));
#5502=CARTESIAN_POINT('Origin',(14.307312,-55.26233,-23.5));
#5503=CARTESIAN_POINT('Origin',(17.339312,51.22807678,-3.5));
#5504=CARTESIAN_POINT('',(17.339312,51.22807678,-3.5));
#5505=CARTESIAN_POINT('',(17.339312,-55.26233,-3.5));
#5506=CARTESIAN_POINT('',(17.339312,-4.21032898,-3.5));
#5507=CARTESIAN_POINT('',(17.339312,-55.26233,-3.5));
#5508=CARTESIAN_POINT('',(17.339312,51.22807678,-3.5));
#5509=CARTESIAN_POINT('Origin',(14.32091878,51.22807678,-3.5));
#5510=CARTESIAN_POINT('',(14.32091878,54.24647,-3.5));
#5511=CARTESIAN_POINT('Origin',(14.32091878,51.22807678,-3.5));
#5512=CARTESIAN_POINT('',(14.32091878,54.24647,-3.5));
#5513=CARTESIAN_POINT('Origin',(-14.5159349,54.2464699999999,-3.5));
#5514=CARTESIAN_POINT('',(-14.5159349,54.24647,-3.5));
#5515=CARTESIAN_POINT('',(11.030712,54.24647,-3.5));
#5516=CARTESIAN_POINT('',(-14.5159349,54.24647,-3.5));
#5517=CARTESIAN_POINT('Origin',(-14.5159349,51.2087169,-3.5));
#5518=CARTESIAN_POINT('',(-17.553688,51.2087169,-3.5));
#5519=CARTESIAN_POINT('Origin',(-14.5159349,51.2087169,-3.5));
#5520=CARTESIAN_POINT('',(-17.553688,51.2087169,-3.5));
#5521=CARTESIAN_POINT('Origin',(-17.553688,-55.26233,-3.5));
#5522=CARTESIAN_POINT('',(-17.553688,-55.26233,-3.5));
#5523=CARTESIAN_POINT('',(-17.553688,-55.26233,-3.5));
#5524=CARTESIAN_POINT('',(-17.553688,-55.26233,-3.5));
#5525=CARTESIAN_POINT('Origin',(-14.521688,-55.26233,-3.5));
#5526=CARTESIAN_POINT('',(-14.521688,-58.29433,-3.5));
#5527=CARTESIAN_POINT('Origin',(-14.521688,-55.26233,-3.5));
#5528=CARTESIAN_POINT('',(-14.521688,-58.29433,-3.5));
#5529=CARTESIAN_POINT('Origin',(14.307312,-58.29433,-3.5));
#5530=CARTESIAN_POINT('',(14.307312,-58.29433,-3.5));
#5531=CARTESIAN_POINT('',(14.307312,-58.29433,-3.5));
#5532=CARTESIAN_POINT('',(14.307312,-58.29433,-3.5));
#5533=CARTESIAN_POINT('Origin',(14.307312,-55.26233,-3.5));
#5534=CARTESIAN_POINT('Origin',(14.307312,-55.26233,-3.5));
#5535=CARTESIAN_POINT('Origin',(14.32091878,56.24647,-3.5));
#5536=CARTESIAN_POINT('',(14.32091878,56.24647,-3.5));
#5537=CARTESIAN_POINT('Origin',(14.32091878,51.22807678,-3.5));
#5538=CARTESIAN_POINT('',(19.339312,51.22807678,-3.5));
#5539=CARTESIAN_POINT('Origin',(19.339312,-55.26233,-3.5));
#5540=CARTESIAN_POINT('',(19.339312,-55.26233,-3.5));
#5541=CARTESIAN_POINT('Origin',(14.307312,-55.26233,-3.5));
#5542=CARTESIAN_POINT('Origin',(12.725912,-40.04113,-3.5));
#5543=CARTESIAN_POINT('',(12.725912,-40.04113,-3.5));
#5544=CARTESIAN_POINT('',(-12.27408918,-40.04113,-3.5));
#5545=CARTESIAN_POINT('',(6.30936199999999,-40.04113,-3.5));
#5546=CARTESIAN_POINT('',(12.725912,-40.04113,-6.5));
#5547=CARTESIAN_POINT('',(12.725912,-40.04113,-3.5));
#5548=CARTESIAN_POINT('',(-12.27408918,-40.04113,-6.5));
#5549=CARTESIAN_POINT('',(6.30936199999999,-40.04113,-6.5));
#5550=CARTESIAN_POINT('',(-12.27408918,-40.04113,-3.5));
#5551=CARTESIAN_POINT('Origin',(12.725912,40.48907,-3.5));
#5552=CARTESIAN_POINT('',(12.725912,40.48907,-3.5));
#5553=CARTESIAN_POINT('',(12.725912,19.23257,-3.5));
#5554=CARTESIAN_POINT('',(12.725912,40.48907,-6.5));
#5555=CARTESIAN_POINT('',(12.725912,40.48907,-3.5));
#5556=CARTESIAN_POINT('',(12.725912,19.23257,-6.5));
#5557=CARTESIAN_POINT('Origin',(-12.27408918,40.48907,-3.5));
#5558=CARTESIAN_POINT('',(-12.27408918,40.48907,-3.5));
#5559=CARTESIAN_POINT('',(-6.19063858999999,40.48907,-3.5));
#5560=CARTESIAN_POINT('',(-12.27408918,40.48907,-6.5));
#5561=CARTESIAN_POINT('',(-12.27408918,40.48907,-3.5));
#5562=CARTESIAN_POINT('',(-6.19063858999999,40.48907,-6.5));
#5563=CARTESIAN_POINT('Origin',(-12.27408918,6.0491552,-3.5));
#5564=CARTESIAN_POINT('',(-12.27408918,6.0491552,-3.5));
#5565=CARTESIAN_POINT('',(-12.27408918,2.01261260000001,-3.5));
#5566=CARTESIAN_POINT('',(-12.27408918,6.0491552,-6.5));
#5567=CARTESIAN_POINT('',(-12.27408918,6.0491552,-3.5));
#5568=CARTESIAN_POINT('',(-12.27408918,2.01261260000001,-6.5));
#5569=CARTESIAN_POINT('Origin',(-16.36948974,6.0491552,-3.5));
#5570=CARTESIAN_POINT('',(-16.36948974,6.0491552,-3.5));
#5571=CARTESIAN_POINT('',(-8.23833887,6.0491552,-3.5));
#5572=CARTESIAN_POINT('',(-16.36948974,6.0491552,-6.5));
#5573=CARTESIAN_POINT('',(-16.36948974,6.0491552,-3.5));
#5574=CARTESIAN_POINT('',(-8.23833887,6.0491552,-6.5));
#5575=CARTESIAN_POINT('Origin',(-16.36948974,-8.8400581,-3.5));
#5576=CARTESIAN_POINT('',(-16.36948974,-8.8400581,-3.5));
#5577=CARTESIAN_POINT('',(-16.36948974,-5.43199404999999,-3.5));
#5578=CARTESIAN_POINT('',(-16.36948974,-8.8400581,-6.5));
#5579=CARTESIAN_POINT('',(-16.36948974,-8.8400581,-3.5));
#5580=CARTESIAN_POINT('',(-16.36948974,-5.43199404999999,-6.5));
#5581=CARTESIAN_POINT('Origin',(-12.27408918,-8.8400581,-3.5));
#5582=CARTESIAN_POINT('',(-12.27408918,-8.8400581,-3.5));
#5583=CARTESIAN_POINT('',(-6.19063859,-8.8400581,-3.5));
#5584=CARTESIAN_POINT('',(-12.27408918,-8.8400581,-6.5));
#5585=CARTESIAN_POINT('',(-12.27408918,-8.8400581,-3.5));
#5586=CARTESIAN_POINT('',(-6.19063859,-8.8400581,-6.5));
#5587=CARTESIAN_POINT('Origin',(-12.27408918,-40.04113,-3.5));
#5588=CARTESIAN_POINT('',(-12.27408918,-21.03253,-3.5));
#5589=CARTESIAN_POINT('',(-12.27408918,-21.03253,-6.5));
#5590=CARTESIAN_POINT('Origin',(-0.107188000000003,-2.02392999999999,-3.5));
#5591=CARTESIAN_POINT('Origin',(-0.107188000000003,-2.02392999999999,-6.5));
#5592=UNCERTAINTY_MEASURE_WITH_UNIT(LENGTH_MEASURE(0.01),#5596,
'DISTANCE_ACCURACY_VALUE',
'Maximum model space distance between geometric entities at asserted c
onnectivities');
#5593=UNCERTAINTY_MEASURE_WITH_UNIT(LENGTH_MEASURE(0.01),#5596,
'DISTANCE_ACCURACY_VALUE',
'Maximum model space distance between geometric entities at asserted c
onnectivities');
#5594=(
GEOMETRIC_REPRESENTATION_CONTEXT(3)
GLOBAL_UNCERTAINTY_ASSIGNED_CONTEXT((#5592))
GLOBAL_UNIT_ASSIGNED_CONTEXT((#5596,#5597,#5598))
REPRESENTATION_CONTEXT('','3D')
);
#5595=(
GEOMETRIC_REPRESENTATION_CONTEXT(3)
GLOBAL_UNCERTAINTY_ASSIGNED_CONTEXT((#5593))
GLOBAL_UNIT_ASSIGNED_CONTEXT((#5596,#5597,#5598))
REPRESENTATION_CONTEXT('','3D')
);
#5596=(
LENGTH_UNIT()
NAMED_UNIT(*)
SI_UNIT(.MILLI.,.METRE.)
);
#5597=(
NAMED_UNIT(*)
PLANE_ANGLE_UNIT()
SI_UNIT($,.RADIAN.)
);
#5598=(
NAMED_UNIT(*)
SI_UNIT($,.STERADIAN.)
SOLID_ANGLE_UNIT()
);
#5599=SHAPE_DEFINITION_REPRESENTATION(#5600,#5601);
#5600=PRODUCT_DEFINITION_SHAPE('',$,#5603);
#5601=SHAPE_REPRESENTATION('',(#3138),#5594);
#5602=PRODUCT_DEFINITION_CONTEXT('part definition',#5607,'design');
#5603=PRODUCT_DEFINITION('2026-08-04-19-34-08-886','Case',#5604,#5602);
#5604=PRODUCT_DEFINITION_FORMATION('',$,#5609);
#5605=PRODUCT_RELATED_PRODUCT_CATEGORY('Case','Case',(#5609));
#5606=APPLICATION_PROTOCOL_DEFINITION('international standard',
'automotive_design',2009,#5607);
#5607=APPLICATION_CONTEXT(
'Core Data for Automotive Mechanical Design Process');
#5608=PRODUCT_CONTEXT('part definition',#5607,'mechanical');
#5609=PRODUCT('2026-08-04-19-34-08-886','Case',$,(#5608));
#5610=PRESENTATION_STYLE_ASSIGNMENT((#5611));
#5611=SURFACE_STYLE_USAGE(.BOTH.,#5612);
#5612=SURFACE_SIDE_STYLE('',(#5613));
#5613=SURFACE_STYLE_FILL_AREA(#5614);
#5614=FILL_AREA_STYLE('Steel - Satin',(#5615));
#5615=FILL_AREA_STYLE_COLOUR('Steel - Satin',#5616);
#5616=COLOUR_RGB('Steel - Satin',0.627450980392157,0.627450980392157,0.627450980392157);
ENDSEC;
END-ISO-10303-21;
